#! /usr/bin/vvp
:ivl_version "12.0 (stable)";
:ivl_delay_selection "TYPICAL";
:vpi_time_precision - 12;
:vpi_module "/usr/lib/x86_64-linux-gnu/ivl/system.vpi";
:vpi_module "/usr/lib/x86_64-linux-gnu/ivl/vhdl_sys.vpi";
:vpi_module "/usr/lib/x86_64-linux-gnu/ivl/vhdl_textio.vpi";
:vpi_module "/usr/lib/x86_64-linux-gnu/ivl/v2005_math.vpi";
:vpi_module "/usr/lib/x86_64-linux-gnu/ivl/va_math.vpi";
:vpi_module "/usr/lib/x86_64-linux-gnu/ivl/v2009.vpi";
S_0x56eb055350f0 .scope package, "$unit" "$unit" 2 1;
 .timescale 0 0;
S_0x56eb0555e530 .scope module, "AND2_10_0" "AND2_10_0" 3 21;
 .timescale 0 0;
    .port_info 0 /INPUT 1 "A";
    .port_info 1 /INPUT 1 "B";
    .port_info 2 /OUTPUT 1 "Y";
o0x70c95dae6018 .functor BUFZ 1, C4<z>; HiZ drive
L_0x56eb0543ea70 .functor NOT 1, o0x70c95dae6018, C4<0>, C4<0>, C4<0>;
o0x70c95dae6048 .functor BUFZ 1, C4<z>; HiZ drive
L_0x56eb0543f020 .functor AND 1, L_0x56eb0543ea70, o0x70c95dae6048, C4<1>, C4<1>;
v0x56eb0543eb90_0 .net "A", 0 0, o0x70c95dae6018;  0 drivers
v0x56eb0543f140_0 .net "B", 0 0, o0x70c95dae6048;  0 drivers
v0x56eb0543d310_0 .net "Y", 0 0, L_0x56eb0543f020;  1 drivers
v0x56eb054a9030_0 .net *"_ivl_0", 0 0, L_0x56eb0543ea70;  1 drivers
S_0x56eb054da560 .scope module, "BUF" "BUF" 3 56;
 .timescale 0 0;
    .port_info 0 /INPUT 1 "A";
    .port_info 1 /OUTPUT 1 "Y";
o0x70c95dae6168 .functor BUFZ 1, C4<z>; HiZ drive
L_0x56eb0543d1f0 .functor BUFZ 1, o0x70c95dae6168, C4<0>, C4<0>, C4<0>;
v0x56eb054516e0_0 .net "A", 0 0, o0x70c95dae6168;  0 drivers
v0x56eb05458530_0 .net "Y", 0 0, L_0x56eb0543d1f0;  1 drivers
S_0x56eb054d68b0 .scope module, "CKLNQD" "CKLNQD" 3 161;
 .timescale 0 0;
    .port_info 0 /INPUT 1 "CP";
    .port_info 1 /INPUT 1 "E";
    .port_info 2 /OUTPUT 1 "Q";
o0x70c95dae6228 .functor BUFZ 1, C4<z>; HiZ drive
L_0x56eb051ebb60 .functor AND 1, o0x70c95dae6228, v0x56eb0548acd0_0, C4<1>, C4<1>;
v0x56eb054789b0_0 .net "CP", 0 0, o0x70c95dae6228;  0 drivers
o0x70c95dae6258 .functor BUFZ 1, C4<z>; HiZ drive
v0x56eb0547e880_0 .net "E", 0 0, o0x70c95dae6258;  0 drivers
v0x56eb05482ce0_0 .net "Q", 0 0, L_0x56eb051ebb60;  1 drivers
v0x56eb0548acd0_0 .var "QD", 0 0;
E_0x56eb0520cf80 .event anyedge, v0x56eb054789b0_0, v0x56eb0547e880_0;
S_0x56eb054d5cf0 .scope module, "DFFSR" "DFFSR" 3 128;
 .timescale 0 0;
    .port_info 0 /INPUT 1 "CLK";
    .port_info 1 /INPUT 1 "D";
    .port_info 2 /INPUT 1 "R";
    .port_info 3 /INPUT 1 "S";
    .port_info 4 /OUTPUT 1 "Q";
o0x70c95dae6588 .functor BUFZ 1, C4<z>; HiZ drive
L_0x56eb055f6ca0 .functor NOT 1, o0x70c95dae6588, C4<0>, C4<0>, C4<0>;
o0x70c95dae65b8 .functor BUFZ 1, C4<z>; HiZ drive
L_0x56eb055f6d10 .functor NOT 1, o0x70c95dae65b8, C4<0>, C4<0>, C4<0>;
UDP_udp_dff .udp/sequ "udp_dff", 5, 2
 ,"?0r?0?0"
 ,"?1r0??1"
 ,"11*0??1"
 ,"00*?0?0"
 ,"??f???-"
 ,"?*b???-"
 ,"????1?1"
 ,"1?b0*?1"
 ,"11x0*?1"
 ,"???10?0"
 ,"0?b*0?0"
 ,"00x*0?0"
 ,"?????*x";
o0x70c95dae6378 .functor BUFZ 1, C4<z>; HiZ drive
L_0x56eb055f6d80 .udp UDP_udp_dff, L_0x56eb055f6fa0, o0x70c95dae6378, L_0x56eb055f6d10, L_0x56eb055f6ca0, v0x56eb05442750_0;
o0x70c95dae63a8 .functor BUFZ 1, C4<z>; HiZ drive
L_0x56eb055f6fa0 .functor NOT 1, o0x70c95dae63a8, C4<0>, C4<0>, C4<0>;
L_0x56eb055f7060 .functor NOT 1, L_0x56eb055f6d80, C4<0>, C4<0>, C4<0>;
L_0x56eb055f7120 .functor BUF 1, L_0x56eb055f7060, C4<0>, C4<0>, C4<0>;
L_0x56eb055f7220 .functor AND 1, o0x70c95dae63a8, o0x70c95dae65b8, C4<1>, C4<1>;
L_0x56eb055f7330 .functor NOT 1, o0x70c95dae63a8, C4<0>, C4<0>, C4<0>;
L_0x56eb055f73f0 .functor AND 1, L_0x56eb055f7330, o0x70c95dae6588, C4<1>, C4<1>;
L_0x56eb055f7500 .functor AND 1, o0x70c95dae65b8, o0x70c95dae6588, C4<1>, C4<1>;
v0x56eb05491b50_0 .net "CLK", 0 0, o0x70c95dae6378;  0 drivers
v0x56eb0544ae80_0 .net "D", 0 0, o0x70c95dae63a8;  0 drivers
v0x56eb052b9b60_0 .net "D&S", 0 0, L_0x56eb055f7220;  1 drivers
v0x56eb052b9e50_0 .net "D_", 0 0, L_0x56eb055f6fa0;  1 drivers
v0x56eb05447290_0 .net "I0_CLEAR", 0 0, L_0x56eb055f6ca0;  1 drivers
v0x56eb05206fe0_0 .net "I0_SET", 0 0, L_0x56eb055f6d10;  1 drivers
v0x56eb05441ee0_0 .net "I7_out", 0 0, L_0x56eb055f7330;  1 drivers
v0x56eb05442750_0 .var "NOTIFIER", 0 0;
v0x56eb05442bf0_0 .net "P0002", 0 0, L_0x56eb055f7060;  1 drivers
v0x56eb05445980_0 .net "P0003", 0 0, L_0x56eb055f6d80;  1 drivers
v0x56eb05445e20_0 .net "Q", 0 0, L_0x56eb055f7120;  1 drivers
v0x56eb05449570_0 .net "R", 0 0, o0x70c95dae6588;  0 drivers
v0x56eb05449a10_0 .net "S", 0 0, o0x70c95dae65b8;  0 drivers
v0x56eb0544bc40_0 .net "S&R", 0 0, L_0x56eb055f7500;  1 drivers
v0x56eb0544f500_0 .net "~D&R", 0 0, L_0x56eb055f73f0;  1 drivers
S_0x56eb054d42f0 .scope module, "INV" "INV" 3 48;
 .timescale 0 0;
    .port_info 0 /INPUT 1 "A";
    .port_info 1 /OUTPUT 1 "Y";
o0x70c95dae6738 .functor BUFZ 1, C4<z>; HiZ drive
L_0x56eb055f75d0 .functor NOT 1, o0x70c95dae6738, C4<0>, C4<0>, C4<0>;
v0x56eb05450270_0 .net "A", 0 0, o0x70c95dae6738;  0 drivers
v0x56eb05453960_0 .net "Y", 0 0, L_0x56eb055f75d0;  1 drivers
S_0x56eb054d2ee0 .scope module, "tb_ram_sync" "tb_ram_sync" 4 7;
 .timescale -9 -12;
v0x56eb055f64c0_0 .var "clk", 0 0;
v0x56eb055f6580_0 .var/i "errors", 31 0;
v0x56eb055f6700_0 .var/i "i", 31 0;
v0x56eb055f67a0_0 .var "raddr", 12 0;
v0x56eb055f6840_0 .net "rdata", 31 0, L_0x56eb056154b0;  1 drivers
v0x56eb055f68e0_0 .var "re", 0 0;
v0x56eb055f69d0_0 .var "waddr", 12 0;
v0x56eb055f6a70_0 .var "wbyte_en", 3 0;
v0x56eb055f6b10_0 .var "wdata", 31 0;
v0x56eb055f6bb0_0 .var "we", 0 0;
S_0x56eb054d2210 .scope task, "do_read_check" "do_read_check" 4 47, 4 47 0, S_0x56eb054d2ee0;
 .timescale -9 -12;
v0x56eb05453e00_0 .var "a", 12 0;
v0x56eb05456c20_0 .var "expected", 31 0;
E_0x56eb0520b8b0 .event negedge, v0x56eb0559d290_0;
TD_tb_ram_sync.do_read_check ;
    %wait E_0x56eb0520b8b0;
    %pushi/vec4 1, 0, 1;
    %store/vec4 v0x56eb055f68e0_0, 0, 1;
    %load/vec4 v0x56eb05453e00_0;
    %store/vec4 v0x56eb055f67a0_0, 0, 13;
    %wait E_0x56eb0520b8b0;
    %pushi/vec4 0, 0, 1;
    %store/vec4 v0x56eb055f68e0_0, 0, 1;
    %load/vec4 v0x56eb055f6840_0;
    %load/vec4 v0x56eb05456c20_0;
    %cmp/ne;
    %jmp/0xz  T_0.0, 6;
    %vpi_call/w 4 55 "$display", "FAIL: addr=%0d expected=%h got=%h", v0x56eb05453e00_0, v0x56eb05456c20_0, v0x56eb055f6840_0 {0 0 0};
    %load/vec4 v0x56eb055f6580_0;
    %addi 1, 0, 32;
    %store/vec4 v0x56eb055f6580_0, 0, 32;
    %jmp T_0.1;
T_0.0 ;
    %vpi_call/w 4 58 "$display", "PASS: addr=%0d data=%h", v0x56eb05453e00_0, v0x56eb055f6840_0 {0 0 0};
T_0.1 ;
    %end;
S_0x56eb054d0e00 .scope task, "do_write" "do_write" 4 35, 4 35 0, S_0x56eb054d2ee0;
 .timescale -9 -12;
v0x56eb054570c0_0 .var "a", 12 0;
v0x56eb0545a7b0_0 .var "be", 3 0;
v0x56eb0545ac50_0 .var "d", 31 0;
TD_tb_ram_sync.do_write ;
    %wait E_0x56eb0520b8b0;
    %pushi/vec4 1, 0, 1;
    %store/vec4 v0x56eb055f6bb0_0, 0, 1;
    %load/vec4 v0x56eb0545a7b0_0;
    %store/vec4 v0x56eb055f6a70_0, 0, 4;
    %load/vec4 v0x56eb054570c0_0;
    %store/vec4 v0x56eb055f69d0_0, 0, 13;
    %load/vec4 v0x56eb0545ac50_0;
    %store/vec4 v0x56eb055f6b10_0, 0, 32;
    %wait E_0x56eb0520b8b0;
    %pushi/vec4 0, 0, 1;
    %store/vec4 v0x56eb055f6bb0_0, 0, 1;
    %end;
S_0x56eb054cfb00 .scope module, "dut" "top" 4 21, 5 5 0, S_0x56eb054d2ee0;
 .timescale 0 0;
    .port_info 0 /INPUT 1 "clk";
    .port_info 1 /INPUT 1 "we";
    .port_info 2 /INPUT 4 "wbyte_en";
    .port_info 3 /INPUT 13 "waddr";
    .port_info 4 /INPUT 32 "wdata";
    .port_info 5 /INPUT 1 "re";
    .port_info 6 /INPUT 13 "raddr";
    .port_info 7 /OUTPUT 32 "rdata";
v0x56eb055e33e0_0 .net "_000_", 0 0, L_0x56eb05610b90;  1 drivers
v0x56eb055e34a0_0 .net "_001_", 0 0, L_0x56eb05610cc0;  1 drivers
v0x56eb055e35b0_0 .net "_002_", 0 0, L_0x56eb05611180;  1 drivers
v0x56eb055e36a0_0 .net "_003_", 0 0, L_0x56eb056112b0;  1 drivers
v0x56eb055e3790_0 .net "_004_", 0 0, L_0x56eb056117d0;  1 drivers
v0x56eb055e38d0_0 .net "_005_", 0 0, L_0x56eb05611950;  1 drivers
v0x56eb055e39c0_0 .net "_006_", 0 0, L_0x56eb05611e80;  1 drivers
v0x56eb055e3ab0_0 .net "_007_", 0 0, L_0x56eb05612000;  1 drivers
v0x56eb055e3ba0_0 .net "_008_", 0 0, L_0x56eb056125d0;  1 drivers
v0x56eb055e3c40_0 .net "_009_", 0 0, L_0x56eb056127d0;  1 drivers
v0x56eb055e3d30_0 .net "_010_", 0 0, L_0x56eb05612d00;  1 drivers
v0x56eb055e3e20_0 .net "_011_", 0 0, L_0x56eb05612ed0;  1 drivers
v0x56eb055e3f10_0 .net "_012_", 0 0, L_0x56eb056130a0;  1 drivers
v0x56eb055e4000_0 .net "_013_", 0 0, L_0x56eb056133f0;  1 drivers
v0x56eb055e40f0_0 .net "_014_", 0 0, L_0x56eb05613d40;  1 drivers
v0x56eb055e41e0_0 .net "_015_", 0 0, L_0x56eb05613e50;  1 drivers
v0x56eb055e42d0_0 .net "_016_", 0 0, L_0x56eb05614020;  1 drivers
v0x56eb055e43c0_0 .net "_017_", 0 0, L_0x56eb055c5ae0;  1 drivers
v0x56eb055e44b0_0 .net "_018_", 0 0, L_0x56eb05615f40;  1 drivers
v0x56eb055e45a0_0 .net "_019_", 0 0, L_0x56eb056166a0;  1 drivers
v0x56eb055e4690_0 .net "_020_", 0 0, L_0x56eb05616fe0;  1 drivers
v0x56eb055e4780_0 .net "_021_", 0 0, L_0x56eb056170c0;  1 drivers
v0x56eb055e4870_0 .net "_022_", 0 0, L_0x56eb05617830;  1 drivers
v0x56eb055e4960_0 .net "_023_", 0 0, L_0x56eb05617310;  1 drivers
v0x56eb055e4a50_0 .net "_024_", 0 0, L_0x56eb05617550;  1 drivers
v0x56eb055e4b40_0 .net "_025_", 0 0, L_0x56eb05617af0;  1 drivers
v0x56eb055e4c30_0 .net "_026_", 0 0, L_0x56eb056183b0;  1 drivers
v0x56eb055e4d20_0 .net "_027_", 0 0, L_0x56eb05618490;  1 drivers
v0x56eb055e4e10_0 .net "_028_", 0 0, L_0x56eb05617fc0;  1 drivers
v0x56eb055e4f00_0 .net "_029_", 0 0, L_0x56eb05618c20;  1 drivers
v0x56eb055e4ff0_0 .net "_030_", 0 0, L_0x56eb05618c90;  1 drivers
v0x56eb055e50e0_0 .net "_031_", 0 0, L_0x56eb05618e90;  1 drivers
v0x56eb055e51d0_0 .net "_032_", 0 0, L_0x56eb05618750;  1 drivers
v0x56eb055e54d0_0 .net "_033_", 0 0, L_0x56eb05619430;  1 drivers
v0x56eb055e55c0_0 .net "_034_", 0 0, L_0x56eb05619100;  1 drivers
v0x56eb055e56b0_0 .net "_035_", 0 0, L_0x56eb05619ab0;  1 drivers
v0x56eb055e57a0_0 .net "_036_", 0 0, L_0x56eb05619680;  1 drivers
v0x56eb055e5890_0 .net "_037_", 0 0, L_0x56eb056198d0;  1 drivers
v0x56eb055e5980_0 .net "_038_", 0 0, L_0x56eb0561a280;  1 drivers
v0x56eb055e5a70_0 .net "_039_", 0 0, L_0x56eb05619da0;  1 drivers
v0x56eb055e5b60_0 .net "_040_", 0 0, L_0x56eb05619ff0;  1 drivers
v0x56eb055e5c50_0 .net "_041_", 0 0, L_0x56eb0561a940;  1 drivers
v0x56eb055e5d40_0 .net "_042_", 0 0, L_0x56eb0561a540;  1 drivers
v0x56eb055e5e30_0 .net "_043_", 0 0, L_0x56eb0561b080;  1 drivers
v0x56eb055e5f20_0 .net "_044_", 0 0, L_0x56eb0561b160;  1 drivers
v0x56eb055e6010_0 .net "_045_", 0 0, L_0x56eb0561abb0;  1 drivers
v0x56eb055e6100_0 .net "_046_", 0 0, L_0x56eb0561ae50;  1 drivers
v0x56eb055e61f0_0 .net "_047_", 0 0, L_0x56eb0561b9b0;  1 drivers
v0x56eb055e62e0_0 .net "_048_", 0 0, L_0x56eb0561b400;  1 drivers
v0x56eb055e63d0_0 .net "_049_", 0 0, L_0x56eb0561b650;  1 drivers
v0x56eb055e64c0_0 .net "_050_", 0 0, L_0x56eb0561c140;  1 drivers
v0x56eb055e65b0_0 .net "_051_", 0 0, L_0x56eb0561bc00;  1 drivers
v0x56eb055e66a0_0 .net "_052_", 0 0, L_0x56eb0561be50;  1 drivers
v0x56eb055e6790_0 .net "_053_", 0 0, L_0x56eb0561c810;  1 drivers
v0x56eb055e6880_0 .net "_054_", 0 0, L_0x56eb0561c9a0;  1 drivers
v0x56eb055e6970_0 .net "_055_", 0 0, L_0x56eb0561cba0;  1 drivers
v0x56eb055e6a60_0 .net "_056_", 0 0, L_0x56eb0561c560;  1 drivers
v0x56eb055e6b50_0 .net "_057_", 0 0, L_0x56eb0561c5d0;  1 drivers
v0x56eb055e6c40_0 .net "_058_", 0 0, L_0x56eb0561d230;  1 drivers
v0x56eb055e6d30_0 .net "_059_", 0 0, L_0x56eb0561cf70;  1 drivers
v0x56eb055e6e20_0 .net "_060_", 0 0, L_0x56eb0561cfe0;  1 drivers
v0x56eb055e6f10_0 .net "_061_", 0 0, L_0x56eb0561d1b0;  1 drivers
v0x56eb055e7000_0 .net "_062_", 0 0, L_0x56eb0561d9f0;  1 drivers
v0x56eb055e70f0_0 .net "_063_", 0 0, L_0x56eb0561dd80;  1 drivers
v0x56eb055e71e0_0 .net "_064_", 0 0, L_0x56eb0561dff0;  1 drivers
v0x56eb055e72d0_0 .net "_065_", 0 0, L_0x56eb0561e060;  1 drivers
v0x56eb055e73c0_0 .net "_066_", 0 0, L_0x56eb0561e1f0;  1 drivers
v0x56eb055e74b0_0 .net "_067_", 0 0, L_0x56eb0561e380;  1 drivers
v0x56eb055e75a0_0 .net "_068_", 0 0, L_0x56eb0561e550;  1 drivers
v0x56eb055e7640_0 .net "_069_", 0 0, L_0x56eb0561d590;  1 drivers
v0x56eb055e7730_0 .net "_070_", 0 0, L_0x56eb0561d750;  1 drivers
v0x56eb055e7820_0 .net "_071_", 0 0, L_0x56eb055f7640;  1 drivers
v0x56eb055e7910_0 .net "_072_", 0 0, L_0x56eb055f76b0;  1 drivers
v0x56eb055e7a00_0 .net "_073_", 0 0, L_0x56eb055f7790;  1 drivers
v0x56eb055e7af0_0 .net "_074_", 0 0, L_0x56eb055f7aa0;  1 drivers
v0x56eb055e7be0_0 .net "_075_", 0 0, L_0x56eb055f7c00;  1 drivers
v0x56eb055e7cd0_0 .net "_076_", 0 0, L_0x56eb055f7d60;  1 drivers
v0x56eb055e7dc0_0 .net "_077_", 0 0, L_0x56eb055f7ef0;  1 drivers
v0x56eb055e7eb0_0 .net "_078_", 0 0, L_0x56eb055f8060;  1 drivers
v0x56eb055e7fa0_0 .net "_079_", 0 0, L_0x56eb055f8370;  1 drivers
v0x56eb055e8090_0 .net "_080_", 0 0, L_0x56eb055f8480;  1 drivers
v0x56eb055e8180_0 .net "_081_", 0 0, L_0x56eb055f8670;  1 drivers
v0x56eb055e8270_0 .net "_082_", 0 0, L_0x56eb055f8800;  1 drivers
v0x56eb055e8360_0 .net "_083_", 0 0, L_0x56eb055f8970;  1 drivers
v0x56eb055e8450_0 .net "_084_", 0 0, L_0x56eb055f8de0;  1 drivers
v0x56eb055e8540_0 .net "_085_", 0 0, L_0x56eb055f8f80;  1 drivers
v0x56eb055e8630_0 .net "_086_", 0 0, L_0x56eb055f90f0;  1 drivers
v0x56eb055e8720_0 .net "_087_", 0 0, L_0x56eb055f9280;  1 drivers
v0x56eb055e8810_0 .net "_088_", 0 0, L_0x56eb055f93f0;  1 drivers
v0x56eb055e8900_0 .net "_089_", 0 0, L_0x56eb055fa080;  1 drivers
v0x56eb055e89f0_0 .net "_090_", 0 0, L_0x56eb055fa2d0;  1 drivers
v0x56eb055e8ae0_0 .net "_091_", 0 0, L_0x56eb055fa430;  1 drivers
v0x56eb055e8bd0_0 .net "_092_", 0 0, L_0x56eb055fa5c0;  1 drivers
v0x56eb055e8cc0_0 .net "_093_", 0 0, L_0x56eb055fa730;  1 drivers
v0x56eb055e8db0_0 .net "_094_", 0 0, L_0x56eb055fab60;  1 drivers
v0x56eb055e8ea0_0 .net "_095_", 0 0, L_0x56eb055fad30;  1 drivers
v0x56eb055e8f90_0 .net "_096_", 0 0, L_0x56eb055fae40;  1 drivers
v0x56eb055e9080_0 .net "_097_", 0 0, L_0x56eb055fafd0;  1 drivers
v0x56eb055e9170_0 .net "_098_", 0 0, L_0x56eb055fb140;  1 drivers
v0x56eb055e9260_0 .net "_099_", 0 0, L_0x56eb055fb520;  1 drivers
v0x56eb055e9350_0 .net "_100_", 0 0, L_0x56eb055fb630;  1 drivers
v0x56eb055e9440_0 .net "_101_", 0 0, L_0x56eb055fb820;  1 drivers
v0x56eb055e9530_0 .net "_102_", 0 0, L_0x56eb055fb9b0;  1 drivers
v0x56eb055e9620_0 .net "_103_", 0 0, L_0x56eb055fbb20;  1 drivers
v0x56eb055e9710_0 .net "_104_", 0 0, L_0x56eb055fc030;  1 drivers
v0x56eb055e9800_0 .net "_105_", 0 0, L_0x56eb055fc140;  1 drivers
v0x56eb055e98f0_0 .net "_106_", 0 0, L_0x56eb055fc3a0;  1 drivers
v0x56eb055e99e0_0 .net "_107_", 0 0, L_0x56eb055fc4e0;  1 drivers
v0x56eb055e9ad0_0 .net "_108_", 0 0, L_0x56eb055fc6b0;  1 drivers
v0x56eb055e9bc0_0 .net "_109_", 0 0, L_0x56eb055fc970;  1 drivers
v0x56eb055e9cb0_0 .net "_110_", 0 0, L_0x56eb055fcbb0;  1 drivers
v0x56eb055e9da0_0 .net "_111_", 0 0, L_0x56eb055fccc0;  1 drivers
v0x56eb055e9e90_0 .net "_112_", 0 0, L_0x56eb055fce00;  1 drivers
v0x56eb055e9f80_0 .net "_113_", 0 0, L_0x56eb055fcff0;  1 drivers
v0x56eb055ea070_0 .net "_114_", 0 0, L_0x56eb055fd460;  1 drivers
v0x56eb055ea160_0 .net "_115_", 0 0, L_0x56eb055fd590;  1 drivers
v0x56eb055ea250_0 .net "_116_", 0 0, L_0x56eb055fd120;  1 drivers
v0x56eb055ea340_0 .net "_117_", 0 0, L_0x56eb055fd880;  1 drivers
v0x56eb055ea430_0 .net "_118_", 0 0, L_0x56eb055fda70;  1 drivers
v0x56eb055ea520_0 .net "_119_", 0 0, L_0x56eb055fddc0;  1 drivers
v0x56eb055ea610_0 .net "_120_", 0 0, L_0x56eb055fe030;  1 drivers
v0x56eb055ea700_0 .net "_121_", 0 0, L_0x56eb055fe140;  1 drivers
v0x56eb055ea7f0_0 .net "_122_", 0 0, L_0x56eb055fe310;  1 drivers
v0x56eb055ea8e0_0 .net "_123_", 0 0, L_0x56eb055fe4e0;  1 drivers
v0x56eb055ea9d0_0 .net "_124_", 0 0, L_0x56eb055fe980;  1 drivers
v0x56eb055eaac0_0 .net "_125_", 0 0, L_0x56eb055feab0;  1 drivers
v0x56eb055eabb0_0 .net "_126_", 0 0, L_0x56eb055fed20;  1 drivers
v0x56eb055eaca0_0 .net "_127_", 0 0, L_0x56eb055feef0;  1 drivers
v0x56eb055ead90_0 .net "_128_", 0 0, L_0x56eb055ff0c0;  1 drivers
v0x56eb055eb640_0 .net "_129_", 0 0, L_0x56eb055ff410;  1 drivers
v0x56eb055eb6e0_0 .net "_130_", 0 0, L_0x56eb055ff6b0;  1 drivers
v0x56eb055eb7d0_0 .net "_131_", 0 0, L_0x56eb055ff810;  1 drivers
v0x56eb055eb8c0_0 .net "_132_", 0 0, L_0x56eb055ff9e0;  1 drivers
v0x56eb055eb9b0_0 .net "_133_", 0 0, L_0x56eb055ffbb0;  1 drivers
v0x56eb055ebaa0_0 .net "_134_", 0 0, L_0x56eb05600060;  1 drivers
v0x56eb055ebb90_0 .net "_135_", 0 0, L_0x56eb05600170;  1 drivers
v0x56eb055ebc80_0 .net "_136_", 0 0, L_0x56eb05600460;  1 drivers
v0x56eb055ebd70_0 .net "_137_", 0 0, L_0x56eb05600610;  1 drivers
v0x56eb055ebe60_0 .net "_138_", 0 0, L_0x56eb056007e0;  1 drivers
v0x56eb055ebf50_0 .net "_139_", 0 0, L_0x56eb05600b30;  1 drivers
v0x56eb055ec040_0 .net "_140_", 0 0, L_0x56eb05600e00;  1 drivers
v0x56eb055ec130_0 .net "_141_", 0 0, L_0x56eb05600f10;  1 drivers
v0x56eb055ec220_0 .net "_142_", 0 0, L_0x56eb056010e0;  1 drivers
v0x56eb055ec310_0 .net "_143_", 0 0, L_0x56eb056012b0;  1 drivers
v0x56eb055ec400_0 .net "_144_", 0 0, L_0x56eb056017b0;  1 drivers
v0x56eb055ec4f0_0 .net "_145_", 0 0, L_0x56eb05601910;  1 drivers
v0x56eb055ec5e0_0 .net "_146_", 0 0, L_0x56eb05601c00;  1 drivers
v0x56eb055ec6d0_0 .net "_147_", 0 0, L_0x56eb05601dd0;  1 drivers
v0x56eb055ec7c0_0 .net "_148_", 0 0, L_0x56eb05601fa0;  1 drivers
v0x56eb055ec8b0_0 .net "_149_", 0 0, L_0x56eb05602500;  1 drivers
v0x56eb055ec9a0_0 .net "_150_", 0 0, L_0x56eb05602800;  1 drivers
v0x56eb055eca90_0 .net "_151_", 0 0, L_0x56eb05602b20;  1 drivers
v0x56eb055ecb80_0 .net "_152_", 0 0, L_0x56eb05602cf0;  1 drivers
v0x56eb055ecc70_0 .net "_153_", 0 0, L_0x56eb05602ec0;  1 drivers
v0x56eb055ecd60_0 .net "_154_", 0 0, L_0x56eb05603e70;  1 drivers
v0x56eb055ece50_0 .net "_155_", 0 0, L_0x56eb05604280;  1 drivers
v0x56eb055ecf40_0 .net "_156_", 0 0, L_0x56eb056043e0;  1 drivers
v0x56eb055ed030_0 .net "_157_", 0 0, L_0x56eb05604520;  1 drivers
v0x56eb055ed120_0 .net "_158_", 0 0, L_0x56eb056046f0;  1 drivers
v0x56eb055ed210_0 .net "_159_", 0 0, L_0x56eb056050f0;  1 drivers
v0x56eb055ed300_0 .net "_160_", 0 0, L_0x56eb056052a0;  1 drivers
v0x56eb055ed3f0_0 .net "_161_", 0 0, L_0x56eb05605640;  1 drivers
v0x56eb055ed4e0_0 .net "_162_", 0 0, L_0x56eb05605810;  1 drivers
v0x56eb055ed5d0_0 .net "_163_", 0 0, L_0x56eb056059e0;  1 drivers
v0x56eb055ed6c0_0 .net "_164_", 0 0, L_0x56eb05557d50;  1 drivers
v0x56eb055ed7b0_0 .net "_165_", 0 0, L_0x56eb05606880;  1 drivers
v0x56eb055ed8a0_0 .net "_166_", 0 0, L_0x56eb05606c50;  1 drivers
v0x56eb055ed990_0 .net "_167_", 0 0, L_0x56eb05606e20;  1 drivers
v0x56eb055eda80_0 .net "_168_", 0 0, L_0x56eb05606ff0;  1 drivers
v0x56eb055edb70_0 .net "_169_", 0 0, L_0x56eb05607340;  1 drivers
v0x56eb055edc60_0 .net "_170_", 0 0, L_0x56eb05607720;  1 drivers
v0x56eb055edd50_0 .net "_171_", 0 0, L_0x56eb05607830;  1 drivers
v0x56eb055ede40_0 .net "_172_", 0 0, L_0x56eb05607a00;  1 drivers
v0x56eb055edf30_0 .net "_173_", 0 0, L_0x56eb05607bd0;  1 drivers
v0x56eb055ee020_0 .net "_174_", 0 0, L_0x56eb056082e0;  1 drivers
v0x56eb055ee110_0 .net "_175_", 0 0, L_0x56eb056086e0;  1 drivers
v0x56eb055ee200_0 .net "_176_", 0 0, L_0x56eb05608840;  1 drivers
v0x56eb055ee2f0_0 .net "_177_", 0 0, L_0x56eb05608a10;  1 drivers
v0x56eb055ee3e0_0 .net "_178_", 0 0, L_0x56eb05608be0;  1 drivers
v0x56eb055ee4d0_0 .net "_179_", 0 0, L_0x56eb056091e0;  1 drivers
v0x56eb055ee5c0_0 .net "_180_", 0 0, L_0x56eb05609340;  1 drivers
v0x56eb055ee6b0_0 .net "_181_", 0 0, L_0x56eb05609710;  1 drivers
v0x56eb055ee7a0_0 .net "_182_", 0 0, L_0x56eb056098e0;  1 drivers
v0x56eb055ee890_0 .net "_183_", 0 0, L_0x56eb05609ab0;  1 drivers
v0x56eb055ee980_0 .net "_184_", 0 0, L_0x56eb0560a330;  1 drivers
v0x56eb055eea70_0 .net "_185_", 0 0, L_0x56eb0560a770;  1 drivers
v0x56eb055eeb60_0 .net "_186_", 0 0, L_0x56eb0560a8d0;  1 drivers
v0x56eb055eec50_0 .net "_187_", 0 0, L_0x56eb0560aaa0;  1 drivers
v0x56eb055eed40_0 .net "_188_", 0 0, L_0x56eb0560ac70;  1 drivers
v0x56eb055eee30_0 .net "_189_", 0 0, L_0x56eb0560b2b0;  1 drivers
v0x56eb055eef20_0 .net "_190_", 0 0, L_0x56eb0560b410;  1 drivers
v0x56eb055ef010_0 .net "_191_", 0 0, L_0x56eb0560b820;  1 drivers
v0x56eb055ef100_0 .net "_192_", 0 0, L_0x56eb0560b9f0;  1 drivers
v0x56eb055ef1f0_0 .net "_193_", 0 0, L_0x56eb0560bbc0;  1 drivers
v0x56eb055ef2e0_0 .net "_194_", 0 0, L_0x56eb0560bf10;  1 drivers
v0x56eb055ef3d0_0 .net "_195_", 0 0, L_0x56eb0560c380;  1 drivers
v0x56eb055ef4c0_0 .net "_196_", 0 0, L_0x56eb0560c490;  1 drivers
v0x56eb055ef5b0_0 .net "_197_", 0 0, L_0x56eb0560c660;  1 drivers
v0x56eb055ef6a0_0 .net "_198_", 0 0, L_0x56eb0560c830;  1 drivers
v0x56eb055ef790_0 .net "_199_", 0 0, L_0x56eb0560cea0;  1 drivers
v0x56eb055ef880_0 .net "_200_", 0 0, L_0x56eb0560d000;  1 drivers
v0x56eb055ef970_0 .net "_201_", 0 0, L_0x56eb0560d440;  1 drivers
v0x56eb055efa60_0 .net "_202_", 0 0, L_0x56eb0560d610;  1 drivers
v0x56eb055efb50_0 .net "_203_", 0 0, L_0x56eb0560d7e0;  1 drivers
v0x56eb055efc40_0 .net "_204_", 0 0, L_0x56eb0560db50;  1 drivers
v0x56eb055efd30_0 .net "_205_", 0 0, L_0x56eb0560dfc0;  1 drivers
v0x56eb055efe20_0 .net "_206_", 0 0, L_0x56eb0560e0f0;  1 drivers
v0x56eb055eff10_0 .net "_207_", 0 0, L_0x56eb0560e2c0;  1 drivers
v0x56eb055f0000_0 .net "_208_", 0 0, L_0x56eb0560e490;  1 drivers
v0x56eb055f00f0_0 .net "_209_", 0 0, L_0x56eb0560ef40;  1 drivers
v0x56eb055f01e0_0 .net "_210_", 0 0, L_0x56eb0560f070;  1 drivers
v0x56eb055f02d0_0 .net "_211_", 0 0, L_0x56eb0560f4e0;  1 drivers
v0x56eb055f03c0_0 .net "_212_", 0 0, L_0x56eb0560f6b0;  1 drivers
v0x56eb055f04b0_0 .net "_213_", 0 0, L_0x56eb0560f880;  1 drivers
v0x56eb055f05a0_0 .net "_214_", 0 0, L_0x56eb0560fbd0;  1 drivers
v0x56eb055f0690_0 .net "_215_", 0 0, L_0x56eb056100a0;  1 drivers
v0x56eb055f0780_0 .net "_216_", 0 0, L_0x56eb056101b0;  1 drivers
v0x56eb055f0870_0 .net "_217_", 0 0, L_0x56eb05610380;  1 drivers
v0x56eb055f0960_0 .net "_218_", 0 0, L_0x56eb05610550;  1 drivers
v0x56eb055f0a50_0 .net *"_ivl_826", 0 0, L_0x56eb0563db90;  1 drivers
v0x56eb055f0af0_0 .net *"_ivl_828", 0 0, L_0x56eb0563dc30;  1 drivers
v0x56eb055f0b90_0 .net *"_ivl_830", 0 0, L_0x56eb0563d190;  1 drivers
v0x56eb055f0c30_0 .net *"_ivl_832", 0 0, L_0x56eb0563d230;  1 drivers
v0x56eb055f0cd0_0 .net *"_ivl_834", 0 0, L_0x56eb0563d2d0;  1 drivers
v0x56eb055f0d70_0 .net *"_ivl_836", 0 0, L_0x56eb0563d370;  1 drivers
v0x56eb055f0e10_0 .net *"_ivl_838", 0 0, L_0x56eb0563d410;  1 drivers
v0x56eb055f0eb0_0 .net *"_ivl_840", 0 0, L_0x56eb0563d4b0;  1 drivers
v0x56eb055f0f50_0 .net *"_ivl_842", 0 0, L_0x56eb0563d550;  1 drivers
v0x56eb055f0ff0_0 .net *"_ivl_844", 0 0, L_0x56eb0563d5f0;  1 drivers
v0x56eb055f1090_0 .net *"_ivl_846", 0 0, L_0x56eb0563d690;  1 drivers
v0x56eb055f1130_0 .net *"_ivl_848", 0 0, L_0x56eb0563d730;  1 drivers
v0x56eb055f11d0_0 .net *"_ivl_850", 0 0, L_0x56eb0563d7d0;  1 drivers
v0x56eb055f1270_0 .net *"_ivl_852", 0 0, L_0x56eb0563d870;  1 drivers
v0x56eb055f1310_0 .net *"_ivl_854", 0 0, L_0x56eb0563d910;  1 drivers
v0x56eb055f13b0_0 .net *"_ivl_856", 0 0, L_0x56eb0563e5c0;  1 drivers
v0x56eb055f1450_0 .net *"_ivl_858", 0 0, L_0x56eb0563dcd0;  1 drivers
v0x56eb055f14f0_0 .net *"_ivl_860", 0 0, L_0x56eb0563dd70;  1 drivers
v0x56eb055f1590_0 .net *"_ivl_862", 0 0, L_0x56eb0563de10;  1 drivers
v0x56eb055f1630_0 .net *"_ivl_864", 0 0, L_0x56eb0563deb0;  1 drivers
v0x56eb055f16d0_0 .net *"_ivl_866", 0 0, L_0x56eb0563df50;  1 drivers
v0x56eb055f1770_0 .net *"_ivl_868", 0 0, L_0x56eb0563dff0;  1 drivers
v0x56eb055f1810_0 .net *"_ivl_870", 0 0, L_0x56eb0563e090;  1 drivers
v0x56eb055f18b0_0 .net *"_ivl_872", 0 0, L_0x56eb0563e130;  1 drivers
v0x56eb055f1950_0 .net *"_ivl_874", 0 0, L_0x56eb0563e1d0;  1 drivers
v0x56eb055f19f0_0 .net *"_ivl_876", 0 0, L_0x56eb0563e270;  1 drivers
v0x56eb055f1a90_0 .net *"_ivl_878", 0 0, L_0x56eb0563e310;  1 drivers
v0x56eb055f1b30_0 .net *"_ivl_880", 0 0, L_0x56eb0563e3b0;  1 drivers
v0x56eb055f1bd0_0 .net *"_ivl_882", 0 0, L_0x56eb0563e450;  1 drivers
v0x56eb055f1c70_0 .net *"_ivl_884", 0 0, L_0x56eb0563e4f0;  1 drivers
v0x56eb055f1d10_0 .net *"_ivl_886", 0 0, L_0x56eb0563e660;  1 drivers
v0x56eb055f1db0_0 .net *"_ivl_888", 0 0, L_0x56eb0563e700;  1 drivers
v0x56eb055f1e50_0 .net *"_ivl_891", 6 0, L_0x56eb0563f3c0;  1 drivers
v0x56eb055f1ef0_0 .net *"_ivl_893", 6 0, L_0x56eb0563f4b0;  1 drivers
v0x56eb055f1f90_0 .net *"_ivl_895", 6 0, L_0x56eb0563f5f0;  1 drivers
v0x56eb055f2030_0 .net *"_ivl_897", 6 0, L_0x56eb0563f6e0;  1 drivers
v0x56eb055f20d0_0 .net *"_ivl_906", 0 0, L_0x56eb0563f7d0;  1 drivers
v0x56eb055f2170_0 .net *"_ivl_908", 0 0, L_0x56eb0563f870;  1 drivers
v0x56eb055eae30_0 .net *"_ivl_910", 0 0, L_0x56eb0563f910;  1 drivers
v0x56eb055eaf10_0 .net *"_ivl_912", 0 0, L_0x56eb0563f9b0;  1 drivers
v0x56eb055eaff0_0 .net *"_ivl_914", 0 0, L_0x56eb0563fa50;  1 drivers
v0x56eb055eb0d0_0 .net *"_ivl_916", 0 0, L_0x56eb0563faf0;  1 drivers
v0x56eb055eb1b0_0 .net *"_ivl_918", 0 0, L_0x56eb0563fb90;  1 drivers
v0x56eb055eb290_0 .net *"_ivl_920", 0 0, L_0x56eb0563fc30;  1 drivers
v0x56eb055eb370_0 .net *"_ivl_922", 0 0, L_0x56eb05640be0;  1 drivers
v0x56eb055eb450_0 .net *"_ivl_924", 0 0, L_0x56eb05640c80;  1 drivers
v0x56eb055eb530_0 .net *"_ivl_926", 0 0, L_0x56eb056401f0;  1 drivers
v0x56eb055f3220_0 .net *"_ivl_928", 0 0, L_0x56eb05640290;  1 drivers
v0x56eb055f32c0_0 .net *"_ivl_930", 0 0, L_0x56eb05640330;  1 drivers
v0x56eb055f3360_0 .net *"_ivl_932", 0 0, L_0x56eb056403d0;  1 drivers
v0x56eb055f3400_0 .net *"_ivl_934", 0 0, L_0x56eb05640470;  1 drivers
v0x56eb055f34a0_0 .net *"_ivl_936", 0 0, L_0x56eb05640510;  1 drivers
v0x56eb055f3540_0 .net *"_ivl_938", 0 0, L_0x56eb056405b0;  1 drivers
v0x56eb055f35e0_0 .net *"_ivl_940", 0 0, L_0x56eb05640650;  1 drivers
v0x56eb055f3680_0 .net *"_ivl_942", 0 0, L_0x56eb056406f0;  1 drivers
v0x56eb055f3720_0 .net *"_ivl_944", 0 0, L_0x56eb05640790;  1 drivers
v0x56eb055f37c0_0 .net *"_ivl_946", 0 0, L_0x56eb05640830;  1 drivers
v0x56eb055f3860_0 .net *"_ivl_948", 0 0, L_0x56eb056408d0;  1 drivers
v0x56eb055f3900_0 .net *"_ivl_950", 0 0, L_0x56eb05640970;  1 drivers
v0x56eb055f39a0_0 .net *"_ivl_952", 0 0, L_0x56eb05640a10;  1 drivers
v0x56eb055f3a40_0 .net *"_ivl_954", 0 0, L_0x56eb05640ab0;  1 drivers
v0x56eb055f3ae0_0 .net *"_ivl_956", 0 0, L_0x56eb05641790;  1 drivers
v0x56eb055f3b80_0 .net *"_ivl_958", 0 0, L_0x56eb05640d20;  1 drivers
v0x56eb055f3c20_0 .net *"_ivl_960", 0 0, L_0x56eb056415d0;  1 drivers
v0x56eb055f3cc0_0 .net *"_ivl_961", 27 0, L_0x56eb05641670;  1 drivers
v0x56eb055f3d60_0 .net "clk", 0 0, v0x56eb055f64c0_0;  1 drivers
v0x56eb055f3e00_0 .net "raddr", 12 0, v0x56eb055f67a0_0;  1 drivers
v0x56eb055f3ea0_0 .net "rdata", 31 0, L_0x56eb056154b0;  alias, 1 drivers
v0x56eb055f3f40_0 .net "re", 0 0, v0x56eb055f68e0_0;  1 drivers
v0x56eb055f3fe0_0 .net "u_ram._016_", 31 0, L_0x56eb0562ee60;  1 drivers
v0x56eb055f4080_0 .net "u_ram._017_", 31 0, v0x56eb055e2d30_0;  1 drivers
v0x56eb055f4120_0 .net "u_ram._018_", 0 0, L_0x56eb05630b20;  1 drivers
v0x56eb055f41c0_0 .net "u_ram._026_", 0 0, L_0x56eb05630de0;  1 drivers
v0x56eb055f4260_0 .net "u_ram._034_", 0 0, L_0x56eb056310a0;  1 drivers
v0x56eb055f4300_0 .net "u_ram._042_", 0 0, L_0x56eb05631360;  1 drivers
v0x56eb055f43a0_0 .net "u_ram._051_", 31 0, L_0x56eb05638b70;  1 drivers
v0x56eb055f4440_0 .net "u_ram._052_", 0 0, L_0x56eb056315e0;  1 drivers
v0x56eb055f44e0_0 .net "u_ram._053_", 31 0, L_0x56eb05626770;  1 drivers
v0x56eb055f4580_0 .net "u_ram._054_", 12 0, L_0x56eb0563be50;  1 drivers
v0x56eb055f4620_0 .net "u_ram._055_", 31 0, L_0x56eb0563ffc0;  1 drivers
v0x56eb055f46c0_0 .net "u_ram._057_", 0 0, L_0x56eb055f8c10;  1 drivers
v0x56eb055f4760_0 .net "u_ram._065_", 0 0, L_0x56eb0561d340;  1 drivers
v0x56eb055f4850_0 .net "u_ram._073_", 0 0, L_0x56eb0561e690;  1 drivers
v0x56eb055f4980_0 .net "u_ram._081_", 0 0, L_0x56eb055f9e60;  1 drivers
v0x56eb055f4ab0_0 .net "u_ram._089_", 0 0, L_0x56eb0560a170;  1 drivers
v0x56eb055f4be0_0 .net "u_ram._097_", 0 0, L_0x56eb055f9720;  1 drivers
v0x56eb055f4d70_0 .net "u_ram._137_", 0 0, L_0x56eb05603490;  1 drivers
v0x56eb055f4e10_0 .net "u_ram._177_", 0 0, L_0x56eb05609d70;  1 drivers
v0x56eb055f4eb0_0 .net "u_ram._194_", 0 0, L_0x56eb05603360;  1 drivers
v0x56eb055f4fe0_0 .net "u_ram._195_", 0 0, L_0x56eb055f9cc0;  1 drivers
v0x56eb055f5110_0 .net "u_ram._196_", 0 0, L_0x56eb055fbdc0;  1 drivers
v0x56eb055f5200_0 .net "u_ram._197_", 0 0, L_0x56eb055f9830;  1 drivers
v0x56eb055f5330_0 .net "u_ram._198_", 0 0, L_0x56eb05608120;  1 drivers
v0x56eb055f5460_0 .net "u_ram._199_", 0 0, L_0x56eb055f99b0;  1 drivers
v0x56eb055f5590_0 .net "u_ram._200_", 0 0, L_0x56eb055faa80;  1 drivers
v0x56eb055f56c0_0 .net "u_ram._201_", 0 0, L_0x56eb055f98a0;  1 drivers
v0x56eb055f57f0_0 .net "u_ram._234_", 0 0, L_0x56eb056037b0;  1 drivers
v0x56eb055f5920_0 .net "u_ram._235_", 0 0, L_0x56eb056038e0;  1 drivers
v0x56eb055f5a60_0 .net "u_ram._236_", 0 0, L_0x56eb05603c60;  1 drivers
v0x56eb055f5b90_0 .net "u_ram._237_", 0 0, L_0x56eb05604bd0;  1 drivers
v0x56eb055f5cc0_0 .net "u_ram._238_", 0 0, L_0x56eb05604d00;  1 drivers
v0x56eb055f5df0_0 .net "u_ram._239_", 0 0, L_0x56eb05605ca0;  1 drivers
v0x56eb055f5fc0_0 .net "u_ram._240_", 0 0, L_0x56eb05606020;  1 drivers
v0x56eb055f60b0_0 .net "u_ram._241_", 0 0, L_0x56eb05606150;  1 drivers
v0x56eb055f61a0_0 .net "waddr", 12 0, v0x56eb055f69d0_0;  1 drivers
v0x56eb055f6240_0 .net "wbyte_en", 3 0, v0x56eb055f6a70_0;  1 drivers
v0x56eb055f6320_0 .net "wdata", 31 0, v0x56eb055f6b10_0;  1 drivers
v0x56eb055f6400_0 .net "we", 0 0, v0x56eb055f6bb0_0;  1 drivers
L_0x56eb055f7800 .part L_0x56eb05638b70, 27, 1;
L_0x56eb055f7b10 .part v0x56eb055e2d30_0, 26, 1;
L_0x56eb055f7c70 .part L_0x56eb0562ee60, 26, 1;
L_0x56eb055f80d0 .part L_0x56eb05638b70, 26, 1;
L_0x56eb055f83e0 .part v0x56eb055e2d30_0, 25, 1;
L_0x56eb055f84f0 .part L_0x56eb0562ee60, 25, 1;
L_0x56eb055f89e0 .part L_0x56eb05638b70, 25, 1;
L_0x56eb055f8c80 .part L_0x56eb0563ffc0, 0, 1;
L_0x56eb055f8e50 .part v0x56eb055e2d30_0, 24, 1;
L_0x56eb055f8ff0 .part L_0x56eb0562ee60, 24, 1;
L_0x56eb055f9460 .part L_0x56eb05638b70, 24, 1;
L_0x56eb055f9790 .part v0x56eb055f6a70_0, 1, 1;
L_0x56eb055f9910 .part v0x56eb055f6b10_0, 15, 1;
L_0x56eb055f9a20 .part v0x56eb055f6b10_0, 13, 1;
L_0x56eb055f9b40 .part v0x56eb055f6b10_0, 11, 1;
L_0x56eb055f9d30 .part v0x56eb055f6b10_0, 9, 1;
L_0x56eb055f9ed0 .part L_0x56eb0563ffc0, 24, 1;
L_0x56eb055fa140 .part v0x56eb055e2d30_0, 23, 1;
L_0x56eb055fa340 .part L_0x56eb0562ee60, 23, 1;
L_0x56eb055fa7a0 .part L_0x56eb05638b70, 23, 1;
L_0x56eb055fa230 .part v0x56eb055f6b10_0, 14, 1;
L_0x56eb055fabd0 .part v0x56eb055e2d30_0, 31, 1;
L_0x56eb055fada0 .part L_0x56eb0562ee60, 31, 1;
L_0x56eb055fb1b0 .part L_0x56eb05638b70, 31, 1;
L_0x56eb055fb590 .part v0x56eb055e2d30_0, 22, 1;
L_0x56eb055fb6a0 .part L_0x56eb0562ee60, 22, 1;
L_0x56eb055fbb90 .part L_0x56eb05638b70, 22, 1;
L_0x56eb055fbe30 .part v0x56eb055f6b10_0, 10, 1;
L_0x56eb055fc0a0 .part v0x56eb055e2d30_0, 21, 1;
L_0x56eb055fc1b0 .part L_0x56eb0562ee60, 21, 1;
L_0x56eb055fc740 .part L_0x56eb05638b70, 21, 1;
L_0x56eb055fca00 .part v0x56eb055e2d30_0, 20, 1;
L_0x56eb055fcc20 .part L_0x56eb0562ee60, 20, 1;
L_0x56eb055fd080 .part L_0x56eb05638b70, 20, 1;
L_0x56eb055fd4f0 .part v0x56eb055e2d30_0, 19, 1;
L_0x56eb055fd600 .part L_0x56eb0562ee60, 19, 1;
L_0x56eb055fdb00 .part L_0x56eb05638b70, 19, 1;
L_0x56eb055fde50 .part v0x56eb055e2d30_0, 18, 1;
L_0x56eb055fe0a0 .part L_0x56eb0562ee60, 18, 1;
L_0x56eb055fe570 .part L_0x56eb05638b70, 18, 1;
L_0x56eb055fea10 .part v0x56eb055e2d30_0, 17, 1;
L_0x56eb055feb20 .part L_0x56eb0562ee60, 17, 1;
L_0x56eb055ff150 .part L_0x56eb05638b70, 17, 1;
L_0x56eb055ff4a0 .part v0x56eb055e2d30_0, 16, 1;
L_0x56eb055ff720 .part L_0x56eb0562ee60, 16, 1;
L_0x56eb055ffc40 .part L_0x56eb05638b70, 16, 1;
L_0x56eb056000d0 .part v0x56eb055e2d30_0, 15, 1;
L_0x56eb056001e0 .part L_0x56eb0562ee60, 15, 1;
L_0x56eb05600870 .part L_0x56eb05638b70, 15, 1;
L_0x56eb05600bc0 .part v0x56eb055e2d30_0, 14, 1;
L_0x56eb05600e70 .part L_0x56eb0562ee60, 14, 1;
L_0x56eb05601340 .part L_0x56eb05638b70, 14, 1;
L_0x56eb05601870 .part v0x56eb055e2d30_0, 13, 1;
L_0x56eb056019a0 .part L_0x56eb0562ee60, 13, 1;
L_0x56eb05602030 .part L_0x56eb05638b70, 13, 1;
L_0x56eb05602590 .part v0x56eb055e2d30_0, 12, 1;
L_0x56eb05602870 .part L_0x56eb0562ee60, 12, 1;
L_0x56eb05602f50 .part L_0x56eb05638b70, 12, 1;
L_0x56eb056033f0 .part v0x56eb055f6b10_0, 8, 1;
L_0x56eb05603520 .part v0x56eb055f6a70_0, 2, 1;
L_0x56eb05603840 .part v0x56eb055f6b10_0, 16, 1;
L_0x56eb05603970 .part v0x56eb055f6b10_0, 17, 1;
L_0x56eb05603cf0 .part v0x56eb055f6b10_0, 18, 1;
L_0x56eb05603f80 .part v0x56eb055e2d30_0, 11, 1;
L_0x56eb056042f0 .part L_0x56eb0562ee60, 11, 1;
L_0x56eb05604780 .part L_0x56eb05638b70, 11, 1;
L_0x56eb05604c60 .part v0x56eb055f6b10_0, 19, 1;
L_0x56eb05604d90 .part v0x56eb055f6b10_0, 20, 1;
L_0x56eb056051b0 .part v0x56eb055e2d30_0, 10, 1;
L_0x56eb05605310 .part L_0x56eb0562ee60, 10, 1;
L_0x56eb05605a70 .part L_0x56eb05638b70, 10, 1;
L_0x56eb05605d30 .part v0x56eb055f6b10_0, 21, 1;
L_0x56eb056060b0 .part v0x56eb055f6b10_0, 22, 1;
L_0x56eb056061e0 .part v0x56eb055f6b10_0, 23, 1;
L_0x56eb05606790 .part v0x56eb055e2d30_0, 9, 1;
L_0x56eb056068f0 .part L_0x56eb0562ee60, 9, 1;
L_0x56eb05607080 .part L_0x56eb05638b70, 9, 1;
L_0x56eb05607400 .part v0x56eb055e2d30_0, 8, 1;
L_0x56eb05607790 .part L_0x56eb0562ee60, 8, 1;
L_0x56eb05607c60 .part L_0x56eb05638b70, 8, 1;
L_0x56eb056081b0 .part v0x56eb055f6b10_0, 12, 1;
L_0x56eb056083a0 .part v0x56eb055e2d30_0, 7, 1;
L_0x56eb05608750 .part L_0x56eb0562ee60, 7, 1;
L_0x56eb05608c70 .part L_0x56eb05638b70, 7, 1;
L_0x56eb056092a0 .part v0x56eb055e2d30_0, 6, 1;
L_0x56eb056093b0 .part L_0x56eb0562ee60, 6, 1;
L_0x56eb05609b40 .part L_0x56eb05638b70, 6, 1;
L_0x56eb05609e00 .part v0x56eb055f6a70_0, 3, 1;
L_0x56eb0560a200 .part v0x56eb055f6a70_0, 0, 1;
L_0x56eb0560a3f0 .part v0x56eb055e2d30_0, 5, 1;
L_0x56eb0560a7e0 .part L_0x56eb0562ee60, 5, 1;
L_0x56eb0560ad00 .part L_0x56eb05638b70, 5, 1;
L_0x56eb0560b370 .part v0x56eb055e2d30_0, 4, 1;
L_0x56eb0560b480 .part L_0x56eb0562ee60, 4, 1;
L_0x56eb0560bc50 .part L_0x56eb05638b70, 4, 1;
L_0x56eb0560bfd0 .part v0x56eb055e2d30_0, 3, 1;
L_0x56eb0560c3f0 .part L_0x56eb0562ee60, 3, 1;
L_0x56eb0560c8c0 .part L_0x56eb05638b70, 3, 1;
L_0x56eb0560cf60 .part v0x56eb055e2d30_0, 2, 1;
L_0x56eb0560d070 .part L_0x56eb0562ee60, 2, 1;
L_0x56eb0560d870 .part L_0x56eb05638b70, 2, 1;
L_0x56eb0560dbe0 .part v0x56eb055e2d30_0, 1, 1;
L_0x56eb0560e050 .part L_0x56eb0562ee60, 1, 1;
L_0x56eb0560e520 .part L_0x56eb05638b70, 1, 1;
L_0x56eb0560efd0 .part v0x56eb055e2d30_0, 0, 1;
L_0x56eb0560f0e0 .part L_0x56eb0562ee60, 0, 1;
L_0x56eb0560f910 .part L_0x56eb05638b70, 0, 1;
L_0x56eb0560fc90 .part v0x56eb055e2d30_0, 28, 1;
L_0x56eb05610110 .part L_0x56eb0562ee60, 28, 1;
L_0x56eb056105e0 .part L_0x56eb05638b70, 28, 1;
L_0x56eb05610c20 .part v0x56eb055f6b10_0, 24, 1;
L_0x56eb05610d50 .part v0x56eb055f6b10_0, 25, 1;
L_0x56eb05611210 .part v0x56eb055f6b10_0, 26, 1;
L_0x56eb05611340 .part v0x56eb055f6b10_0, 27, 1;
L_0x56eb05611860 .part v0x56eb055f6b10_0, 28, 1;
L_0x56eb056119e0 .part v0x56eb055f6b10_0, 29, 1;
L_0x56eb05611f10 .part v0x56eb055f6b10_0, 30, 1;
L_0x56eb05612090 .part v0x56eb055f6b10_0, 31, 1;
L_0x56eb056126e0 .part v0x56eb055e2d30_0, 30, 1;
L_0x56eb05612840 .part L_0x56eb0562ee60, 30, 1;
L_0x56eb05613130 .part L_0x56eb05638b70, 30, 1;
L_0x56eb056134b0 .part v0x56eb055e2d30_0, 29, 1;
L_0x56eb05613db0 .part L_0x56eb0562ee60, 29, 1;
L_0x56eb055c5b70 .part L_0x56eb05638b70, 29, 1;
LS_0x56eb056154b0_0_0 .concat8 [ 1 1 1 1], L_0x56eb0560f9b0, L_0x56eb0560e910, L_0x56eb0560d910, L_0x56eb0560cc80;
LS_0x56eb056154b0_0_4 .concat8 [ 1 1 1 1], L_0x56eb0560bcf0, L_0x56eb0560b090, L_0x56eb05609be0, L_0x56eb05608fc0;
LS_0x56eb056154b0_0_8 .concat8 [ 1 1 1 1], L_0x56eb05607f90, L_0x56eb05607120, L_0x56eb05605b10, L_0x56eb05604a40;
LS_0x56eb056154b0_0_12 .concat8 [ 1 1 1 1], L_0x56eb056031d0, L_0x56eb056022e0, L_0x56eb05601590, L_0x56eb05600910;
LS_0x56eb056154b0_0_16 .concat8 [ 1 1 1 1], L_0x56eb055ffe60, L_0x56eb055ff1f0, L_0x56eb055fe760, L_0x56eb055fdba0;
LS_0x56eb056154b0_0_20 .concat8 [ 1 1 1 1], L_0x56eb055fd240, L_0x56eb055fc7e0, L_0x56eb055fbc30, L_0x56eb055fa8f0;
LS_0x56eb056154b0_0_24 .concat8 [ 1 1 1 1], L_0x56eb055f9590, L_0x56eb055f8a80, L_0x56eb055f8170, L_0x56eb055f78a0;
LS_0x56eb056154b0_0_28 .concat8 [ 1 1 1 1], L_0x56eb05610a00, L_0x56eb055c6020, L_0x56eb056131d0, L_0x56eb055fb320;
LS_0x56eb056154b0_1_0 .concat8 [ 4 4 4 4], LS_0x56eb056154b0_0_0, LS_0x56eb056154b0_0_4, LS_0x56eb056154b0_0_8, LS_0x56eb056154b0_0_12;
LS_0x56eb056154b0_1_4 .concat8 [ 4 4 4 4], LS_0x56eb056154b0_0_16, LS_0x56eb056154b0_0_20, LS_0x56eb056154b0_0_24, LS_0x56eb056154b0_0_28;
L_0x56eb056154b0 .concat8 [ 16 16 0 0], LS_0x56eb056154b0_1_0, LS_0x56eb056154b0_1_4;
L_0x56eb05616000 .part v0x56eb055f67a0_0, 10, 1;
L_0x56eb056164f0 .part L_0x56eb0563be50, 10, 1;
L_0x56eb05616760 .part L_0x56eb0563be50, 10, 1;
L_0x56eb05616c60 .part v0x56eb055f67a0_0, 10, 1;
L_0x56eb05617130 .part v0x56eb055f67a0_0, 12, 1;
L_0x56eb05617640 .part L_0x56eb0563be50, 12, 1;
L_0x56eb056178a0 .part L_0x56eb0563be50, 12, 1;
L_0x56eb05617220 .part v0x56eb055f67a0_0, 12, 1;
L_0x56eb05617dc0 .part L_0x56eb0563be50, 2, 1;
L_0x56eb05617990 .part v0x56eb055f67a0_0, 2, 1;
L_0x56eb05617bb0 .part v0x56eb055f67a0_0, 8, 1;
L_0x56eb05617ca0 .part L_0x56eb0563be50, 8, 1;
L_0x56eb05618550 .part L_0x56eb0563be50, 5, 1;
L_0x56eb05617e60 .part v0x56eb055f67a0_0, 5, 1;
L_0x56eb05618080 .part v0x56eb055f67a0_0, 5, 1;
L_0x56eb05618170 .part L_0x56eb0563be50, 5, 1;
L_0x56eb05618f00 .part L_0x56eb0563be50, 7, 1;
L_0x56eb05618640 .part v0x56eb055f67a0_0, 7, 1;
L_0x56eb05618810 .part v0x56eb055f67a0_0, 7, 1;
L_0x56eb05618900 .part L_0x56eb0563be50, 7, 1;
L_0x56eb056194a0 .part v0x56eb055f67a0_0, 1, 1;
L_0x56eb05618fa0 .part L_0x56eb0563be50, 1, 1;
L_0x56eb056191c0 .part L_0x56eb0563be50, 1, 1;
L_0x56eb056192b0 .part v0x56eb055f67a0_0, 1, 1;
L_0x56eb05619bc0 .part v0x56eb055f67a0_0, 3, 1;
L_0x56eb05619590 .part L_0x56eb0563be50, 3, 1;
L_0x56eb056196f0 .part v0x56eb055f67a0_0, 3, 1;
L_0x56eb056197e0 .part L_0x56eb0563be50, 3, 1;
L_0x56eb0561a2f0 .part v0x56eb055f67a0_0, 0, 1;
L_0x56eb05619cb0 .part L_0x56eb0563be50, 0, 1;
L_0x56eb05619e10 .part v0x56eb055f67a0_0, 0, 1;
L_0x56eb05619f00 .part L_0x56eb0563be50, 0, 1;
L_0x56eb0561a9b0 .part v0x56eb055f67a0_0, 9, 1;
L_0x56eb0561a3e0 .part L_0x56eb0563be50, 9, 1;
L_0x56eb0561a600 .part L_0x56eb0563be50, 9, 1;
L_0x56eb0561a6f0 .part v0x56eb055f67a0_0, 9, 1;
L_0x56eb0561b220 .part L_0x56eb0563be50, 8, 1;
L_0x56eb0561aa50 .part v0x56eb055f67a0_0, 8, 1;
L_0x56eb0561ac70 .part v0x56eb055f67a0_0, 2, 1;
L_0x56eb0561ad60 .part L_0x56eb0563be50, 2, 1;
L_0x56eb0561ba20 .part v0x56eb055f67a0_0, 6, 1;
L_0x56eb0561b310 .part L_0x56eb0563be50, 6, 1;
L_0x56eb0561b470 .part v0x56eb055f67a0_0, 6, 1;
L_0x56eb0561b560 .part L_0x56eb0563be50, 6, 1;
L_0x56eb0561c1b0 .part v0x56eb055f67a0_0, 11, 1;
L_0x56eb0561bb10 .part L_0x56eb0563be50, 11, 1;
L_0x56eb0561bc70 .part v0x56eb055f67a0_0, 11, 1;
L_0x56eb0561bd60 .part L_0x56eb0563be50, 11, 1;
L_0x56eb0561cc10 .part v0x56eb055f67a0_0, 4, 1;
L_0x56eb0561c2a0 .part L_0x56eb0563be50, 4, 1;
L_0x56eb0561d2a0 .part L_0x56eb0563be50, 4, 1;
L_0x56eb0561ccb0 .part v0x56eb055f67a0_0, 4, 1;
L_0x56eb0561e720 .part L_0x56eb0563ffc0, 16, 1;
L_0x56eb0561d3d0 .part L_0x56eb0563ffc0, 8, 1;
L_0x56eb0561d6b0 .part v0x56eb055e2d30_0, 27, 1;
L_0x56eb0561ed70 .part L_0x56eb0562ee60, 27, 1;
L_0x56eb0561f300 .part v0x56eb055f6b10_0, 0, 1;
L_0x56eb0561e910 .part v0x56eb055f6b10_0, 1, 1;
L_0x56eb0561eb70 .part v0x56eb055f6b10_0, 2, 1;
L_0x56eb0561fb40 .part v0x56eb055f6b10_0, 3, 1;
L_0x56eb0561ff80 .part v0x56eb055f6b10_0, 4, 1;
L_0x56eb0561f6b0 .part v0x56eb055f6b10_0, 5, 1;
L_0x56eb055c2640 .part v0x56eb055f6b10_0, 6, 1;
L_0x56eb056201f0 .part v0x56eb055f6b10_0, 7, 1;
LS_0x56eb05626770_0_0 .concat8 [ 1 1 1 1], L_0x56eb0561f290, L_0x56eb0561e8a0, L_0x56eb0561eb00, L_0x56eb0561fad0;
LS_0x56eb05626770_0_4 .concat8 [ 1 1 1 1], L_0x56eb0561ff10, L_0x56eb0561f640, L_0x56eb055c25d0, L_0x56eb05620180;
LS_0x56eb05626770_0_8 .concat8 [ 1 1 1 1], L_0x56eb056204c0, L_0x56eb05621e20, L_0x56eb05622170, L_0x56eb056224c0;
LS_0x56eb05626770_0_12 .concat8 [ 1 1 1 1], L_0x56eb05622810, L_0x56eb05622b60, L_0x56eb05622eb0, L_0x56eb05623200;
LS_0x56eb05626770_0_16 .concat8 [ 1 1 1 1], L_0x56eb05623550, L_0x56eb056238a0, L_0x56eb05623bf0, L_0x56eb05623f40;
LS_0x56eb05626770_0_20 .concat8 [ 1 1 1 1], L_0x56eb05624290, L_0x56eb056245e0, L_0x56eb05624930, L_0x56eb05624c80;
LS_0x56eb05626770_0_24 .concat8 [ 1 1 1 1], L_0x56eb05626700, L_0x56eb056263b0, L_0x56eb05626060, L_0x56eb05625d10;
LS_0x56eb05626770_0_28 .concat8 [ 1 1 1 1], L_0x56eb056259c0, L_0x56eb05625670, L_0x56eb05625320, L_0x56eb05624fd0;
LS_0x56eb05626770_1_0 .concat8 [ 4 4 4 4], LS_0x56eb05626770_0_0, LS_0x56eb05626770_0_4, LS_0x56eb05626770_0_8, LS_0x56eb05626770_0_12;
LS_0x56eb05626770_1_4 .concat8 [ 4 4 4 4], LS_0x56eb05626770_0_16, LS_0x56eb05626770_0_20, LS_0x56eb05626770_0_24, LS_0x56eb05626770_0_28;
L_0x56eb05626770 .concat8 [ 16 16 0 0], LS_0x56eb05626770_1_0, LS_0x56eb05626770_1_4;
L_0x56eb056278d0 .part L_0x56eb05626770, 0, 1;
L_0x56eb05627c40 .part L_0x56eb05626770, 1, 1;
L_0x56eb05627490 .part L_0x56eb05626770, 2, 1;
L_0x56eb056283d0 .part L_0x56eb05626770, 3, 1;
L_0x56eb05628040 .part L_0x56eb05626770, 4, 1;
L_0x56eb05628a90 .part L_0x56eb05626770, 5, 1;
L_0x56eb056286f0 .part L_0x56eb05626770, 6, 1;
L_0x56eb056291b0 .part L_0x56eb05626770, 7, 1;
L_0x56eb05628e00 .part L_0x56eb05626770, 8, 1;
L_0x56eb056298e0 .part L_0x56eb05626770, 9, 1;
L_0x56eb056294e0 .part L_0x56eb05626770, 10, 1;
L_0x56eb0562a020 .part L_0x56eb05626770, 11, 1;
L_0x56eb05629ce0 .part L_0x56eb05626770, 12, 1;
L_0x56eb0562a830 .part L_0x56eb05626770, 13, 1;
L_0x56eb0562a420 .part L_0x56eb05626770, 14, 1;
L_0x56eb0562b050 .part L_0x56eb05626770, 15, 1;
L_0x56eb0562ac30 .part L_0x56eb05626770, 16, 1;
L_0x56eb0562b880 .part L_0x56eb05626770, 17, 1;
L_0x56eb0562b450 .part L_0x56eb05626770, 18, 1;
L_0x56eb0562c0c0 .part L_0x56eb05626770, 19, 1;
L_0x56eb0562bc50 .part L_0x56eb05626770, 20, 1;
L_0x56eb0562c8c0 .part L_0x56eb05626770, 21, 1;
L_0x56eb0562c4c0 .part L_0x56eb05626770, 22, 1;
L_0x56eb0562d0d0 .part L_0x56eb05626770, 23, 1;
L_0x56eb0562ccc0 .part L_0x56eb05626770, 24, 1;
L_0x56eb0562d8f0 .part L_0x56eb05626770, 25, 1;
L_0x56eb0562d4d0 .part L_0x56eb05626770, 26, 1;
L_0x56eb0562e120 .part L_0x56eb05626770, 27, 1;
L_0x56eb0562dcf0 .part L_0x56eb05626770, 28, 1;
L_0x56eb0562e960 .part L_0x56eb05626770, 29, 1;
L_0x56eb0562e4f0 .part L_0x56eb05626770, 30, 1;
L_0x56eb0562f550 .part L_0x56eb05626770, 31, 1;
LS_0x56eb0562ee60_0_0 .concat8 [ 1 1 1 1], L_0x56eb05627860, L_0x56eb05627bd0, L_0x56eb05627420, L_0x56eb05627790;
LS_0x56eb0562ee60_0_4 .concat8 [ 1 1 1 1], L_0x56eb05627fd0, L_0x56eb05628340, L_0x56eb05628680, L_0x56eb056289f0;
LS_0x56eb0562ee60_0_8 .concat8 [ 1 1 1 1], L_0x56eb05628d90, L_0x56eb05629100, L_0x56eb05629470, L_0x56eb05629870;
LS_0x56eb0562ee60_0_12 .concat8 [ 1 1 1 1], L_0x56eb05629c70, L_0x56eb0562a7c0, L_0x56eb0562a3b0, L_0x56eb0562afe0;
LS_0x56eb0562ee60_0_16 .concat8 [ 1 1 1 1], L_0x56eb0562abc0, L_0x56eb0562b810, L_0x56eb0562b3e0, L_0x56eb0562c050;
LS_0x56eb0562ee60_0_20 .concat8 [ 1 1 1 1], L_0x56eb0562bbe0, L_0x56eb0562c850, L_0x56eb0562c450, L_0x56eb0562d060;
LS_0x56eb0562ee60_0_24 .concat8 [ 1 1 1 1], L_0x56eb0562cc50, L_0x56eb0562d880, L_0x56eb0562d460, L_0x56eb0562e0b0;
LS_0x56eb0562ee60_0_28 .concat8 [ 1 1 1 1], L_0x56eb0562dc80, L_0x56eb0562e8f0, L_0x56eb0562e480, L_0x56eb0562e880;
LS_0x56eb0562ee60_1_0 .concat8 [ 4 4 4 4], LS_0x56eb0562ee60_0_0, LS_0x56eb0562ee60_0_4, LS_0x56eb0562ee60_0_8, LS_0x56eb0562ee60_0_12;
LS_0x56eb0562ee60_1_4 .concat8 [ 4 4 4 4], LS_0x56eb0562ee60_0_16, LS_0x56eb0562ee60_0_20, LS_0x56eb0562ee60_0_24, LS_0x56eb0562ee60_0_28;
L_0x56eb0562ee60 .concat8 [ 16 16 0 0], LS_0x56eb0562ee60_1_0, LS_0x56eb0562ee60_1_4;
L_0x56eb056318d0 .part L_0x56eb056154b0, 0, 1;
L_0x56eb0562f8c0 .part L_0x56eb056154b0, 1, 1;
L_0x56eb0562fc70 .part L_0x56eb056154b0, 2, 1;
L_0x56eb05632360 .part L_0x56eb056154b0, 3, 1;
L_0x56eb056326d0 .part L_0x56eb056154b0, 4, 1;
L_0x56eb05631c40 .part L_0x56eb056154b0, 5, 1;
L_0x56eb05631fb0 .part L_0x56eb056154b0, 6, 1;
L_0x56eb05633170 .part L_0x56eb056154b0, 7, 1;
L_0x56eb05633570 .part L_0x56eb056154b0, 8, 1;
L_0x56eb05632ad0 .part L_0x56eb056154b0, 9, 1;
L_0x56eb05633db0 .part L_0x56eb056154b0, 10, 1;
L_0x56eb05633940 .part L_0x56eb056154b0, 11, 1;
L_0x56eb05634600 .part L_0x56eb056154b0, 12, 1;
L_0x56eb056341b0 .part L_0x56eb056154b0, 13, 1;
L_0x56eb05634e10 .part L_0x56eb056154b0, 14, 1;
L_0x56eb056349b0 .part L_0x56eb056154b0, 15, 1;
L_0x56eb05635630 .part L_0x56eb056154b0, 16, 1;
L_0x56eb056351c0 .part L_0x56eb056154b0, 17, 1;
L_0x56eb05635e60 .part L_0x56eb056154b0, 18, 1;
L_0x56eb056359e0 .part L_0x56eb056154b0, 19, 1;
L_0x56eb056366a0 .part L_0x56eb056154b0, 20, 1;
L_0x56eb056361e0 .part L_0x56eb056154b0, 21, 1;
L_0x56eb056365e0 .part L_0x56eb056154b0, 22, 1;
L_0x56eb05636a50 .part L_0x56eb056154b0, 23, 1;
L_0x56eb05636e50 .part L_0x56eb056154b0, 24, 1;
L_0x56eb05637250 .part L_0x56eb056154b0, 25, 1;
L_0x56eb05637650 .part L_0x56eb056154b0, 26, 1;
L_0x56eb05637a60 .part L_0x56eb056154b0, 27, 1;
L_0x56eb05637e60 .part L_0x56eb056154b0, 28, 1;
L_0x56eb05638280 .part L_0x56eb056154b0, 29, 1;
L_0x56eb05638680 .part L_0x56eb056154b0, 30, 1;
L_0x56eb05638a80 .part L_0x56eb056154b0, 31, 1;
LS_0x56eb05638b70_0_0 .concat8 [ 1 1 1 1], L_0x56eb05631860, L_0x56eb0562f850, L_0x56eb0562fc00, L_0x56eb056322f0;
LS_0x56eb05638b70_0_4 .concat8 [ 1 1 1 1], L_0x56eb05632660, L_0x56eb05631bd0, L_0x56eb05631f40, L_0x56eb05633100;
LS_0x56eb05638b70_0_8 .concat8 [ 1 1 1 1], L_0x56eb05633500, L_0x56eb05632a60, L_0x56eb05632e60, L_0x56eb056338d0;
LS_0x56eb05638b70_0_12 .concat8 [ 1 1 1 1], L_0x56eb05633cd0, L_0x56eb05634140, L_0x56eb05634540, L_0x56eb05634940;
LS_0x56eb05638b70_0_16 .concat8 [ 1 1 1 1], L_0x56eb05634d40, L_0x56eb05635150, L_0x56eb05635550, L_0x56eb05635970;
LS_0x56eb05638b70_0_20 .concat8 [ 1 1 1 1], L_0x56eb05635d70, L_0x56eb05636170, L_0x56eb05636570, L_0x56eb056369e0;
LS_0x56eb05638b70_0_24 .concat8 [ 1 1 1 1], L_0x56eb05636de0, L_0x56eb056371e0, L_0x56eb056375e0, L_0x56eb056379f0;
LS_0x56eb05638b70_0_28 .concat8 [ 1 1 1 1], L_0x56eb05637df0, L_0x56eb05638210, L_0x56eb05638610, L_0x56eb05638a10;
LS_0x56eb05638b70_1_0 .concat8 [ 4 4 4 4], LS_0x56eb05638b70_0_0, LS_0x56eb05638b70_0_4, LS_0x56eb05638b70_0_8, LS_0x56eb05638b70_0_12;
LS_0x56eb05638b70_1_4 .concat8 [ 4 4 4 4], LS_0x56eb05638b70_0_16, LS_0x56eb05638b70_0_20, LS_0x56eb05638b70_0_24, LS_0x56eb05638b70_0_28;
L_0x56eb05638b70 .concat8 [ 16 16 0 0], LS_0x56eb05638b70_1_0, LS_0x56eb05638b70_1_4;
L_0x56eb05639260 .part v0x56eb055f69d0_0, 0, 1;
L_0x56eb05639620 .part v0x56eb055f69d0_0, 1, 1;
L_0x56eb0563a860 .part v0x56eb055f69d0_0, 2, 1;
L_0x56eb0563ab80 .part v0x56eb055f69d0_0, 3, 1;
L_0x56eb0563a0f0 .part v0x56eb055f69d0_0, 4, 1;
L_0x56eb0563a460 .part v0x56eb055f69d0_0, 5, 1;
L_0x56eb0563b630 .part v0x56eb055f69d0_0, 6, 1;
L_0x56eb0563b960 .part v0x56eb055f69d0_0, 7, 1;
L_0x56eb0563aef0 .part v0x56eb055f69d0_0, 8, 1;
L_0x56eb0563b260 .part v0x56eb055f69d0_0, 9, 1;
L_0x56eb0563c3e0 .part v0x56eb055f69d0_0, 10, 1;
L_0x56eb0563c7e0 .part v0x56eb055f69d0_0, 11, 1;
L_0x56eb0563bd60 .part v0x56eb055f69d0_0, 12, 1;
LS_0x56eb0563be50_0_0 .concat8 [ 1 1 1 1], L_0x56eb056391f0, L_0x56eb056395b0, L_0x56eb0563a7f0, L_0x56eb0563ab10;
LS_0x56eb0563be50_0_4 .concat8 [ 1 1 1 1], L_0x56eb0563a080, L_0x56eb0563a3f0, L_0x56eb0563b5c0, L_0x56eb0563b8f0;
LS_0x56eb0563be50_0_8 .concat8 [ 1 1 1 1], L_0x56eb0563ae80, L_0x56eb0563b1f0, L_0x56eb0563c370, L_0x56eb0563c770;
LS_0x56eb0563be50_0_12 .concat8 [ 1 0 0 0], L_0x56eb0563bcf0;
L_0x56eb0563be50 .concat8 [ 4 4 4 1], LS_0x56eb0563be50_0_0, LS_0x56eb0563be50_0_4, LS_0x56eb0563be50_0_8, LS_0x56eb0563be50_0_12;
L_0x56eb0563db90 .part L_0x56eb0563ffc0, 24, 1;
L_0x56eb0563dc30 .part L_0x56eb0563ffc0, 24, 1;
L_0x56eb0563d190 .part L_0x56eb0563ffc0, 24, 1;
L_0x56eb0563d230 .part L_0x56eb0563ffc0, 24, 1;
L_0x56eb0563d2d0 .part L_0x56eb0563ffc0, 24, 1;
L_0x56eb0563d370 .part L_0x56eb0563ffc0, 24, 1;
L_0x56eb0563d410 .part L_0x56eb0563ffc0, 24, 1;
L_0x56eb0563d4b0 .part L_0x56eb0563ffc0, 24, 1;
L_0x56eb0563d550 .part L_0x56eb0563ffc0, 16, 1;
L_0x56eb0563d5f0 .part L_0x56eb0563ffc0, 16, 1;
L_0x56eb0563d690 .part L_0x56eb0563ffc0, 16, 1;
L_0x56eb0563d730 .part L_0x56eb0563ffc0, 16, 1;
L_0x56eb0563d7d0 .part L_0x56eb0563ffc0, 16, 1;
L_0x56eb0563d870 .part L_0x56eb0563ffc0, 16, 1;
L_0x56eb0563d910 .part L_0x56eb0563ffc0, 16, 1;
L_0x56eb0563e5c0 .part L_0x56eb0563ffc0, 16, 1;
L_0x56eb0563dcd0 .part L_0x56eb0563ffc0, 8, 1;
L_0x56eb0563dd70 .part L_0x56eb0563ffc0, 8, 1;
L_0x56eb0563de10 .part L_0x56eb0563ffc0, 8, 1;
L_0x56eb0563deb0 .part L_0x56eb0563ffc0, 8, 1;
L_0x56eb0563df50 .part L_0x56eb0563ffc0, 8, 1;
L_0x56eb0563dff0 .part L_0x56eb0563ffc0, 8, 1;
L_0x56eb0563e090 .part L_0x56eb0563ffc0, 8, 1;
L_0x56eb0563e130 .part L_0x56eb0563ffc0, 8, 1;
L_0x56eb0563e1d0 .part L_0x56eb0563ffc0, 0, 1;
L_0x56eb0563e270 .part L_0x56eb0563ffc0, 0, 1;
L_0x56eb0563e310 .part L_0x56eb0563ffc0, 0, 1;
L_0x56eb0563e3b0 .part L_0x56eb0563ffc0, 0, 1;
L_0x56eb0563e450 .part L_0x56eb0563ffc0, 0, 1;
L_0x56eb0563e4f0 .part L_0x56eb0563ffc0, 0, 1;
L_0x56eb0563e660 .part L_0x56eb0563ffc0, 0, 1;
L_0x56eb0563e700 .part L_0x56eb0563ffc0, 0, 1;
LS_0x56eb0563e7a0_0_0 .concat [ 1 1 1 1], L_0x56eb0563e700, L_0x56eb0563e660, L_0x56eb0563e4f0, L_0x56eb0563e450;
LS_0x56eb0563e7a0_0_4 .concat [ 1 1 1 1], L_0x56eb0563e3b0, L_0x56eb0563e310, L_0x56eb0563e270, L_0x56eb0563e1d0;
LS_0x56eb0563e7a0_0_8 .concat [ 1 1 1 1], L_0x56eb0563e130, L_0x56eb0563e090, L_0x56eb0563dff0, L_0x56eb0563df50;
LS_0x56eb0563e7a0_0_12 .concat [ 1 1 1 1], L_0x56eb0563deb0, L_0x56eb0563de10, L_0x56eb0563dd70, L_0x56eb0563dcd0;
LS_0x56eb0563e7a0_0_16 .concat [ 1 1 1 1], L_0x56eb0563e5c0, L_0x56eb0563d910, L_0x56eb0563d870, L_0x56eb0563d7d0;
LS_0x56eb0563e7a0_0_20 .concat [ 1 1 1 1], L_0x56eb0563d730, L_0x56eb0563d690, L_0x56eb0563d5f0, L_0x56eb0563d550;
LS_0x56eb0563e7a0_0_24 .concat [ 1 1 1 1], L_0x56eb0563d4b0, L_0x56eb0563d410, L_0x56eb0563d370, L_0x56eb0563d2d0;
LS_0x56eb0563e7a0_0_28 .concat [ 1 1 1 1], L_0x56eb0563d230, L_0x56eb0563d190, L_0x56eb0563dc30, L_0x56eb0563db90;
LS_0x56eb0563e7a0_1_0 .concat [ 4 4 4 4], LS_0x56eb0563e7a0_0_0, LS_0x56eb0563e7a0_0_4, LS_0x56eb0563e7a0_0_8, LS_0x56eb0563e7a0_0_12;
LS_0x56eb0563e7a0_1_4 .concat [ 4 4 4 4], LS_0x56eb0563e7a0_0_16, LS_0x56eb0563e7a0_0_20, LS_0x56eb0563e7a0_0_24, LS_0x56eb0563e7a0_0_28;
L_0x56eb0563e7a0 .concat [ 16 16 0 0], LS_0x56eb0563e7a0_1_0, LS_0x56eb0563e7a0_1_4;
LS_0x56eb0563ffc0_0_0 .concat8 [ 1 7 1 7], L_0x56eb0563ca90, L_0x56eb0563f6e0, L_0x56eb0563cd10, L_0x56eb0563f5f0;
LS_0x56eb0563ffc0_0_4 .concat8 [ 1 7 1 7], L_0x56eb0563cf90, L_0x56eb0563f4b0, L_0x56eb0563db20, L_0x56eb0563f3c0;
L_0x56eb0563ffc0 .concat8 [ 16 16 0 0], LS_0x56eb0563ffc0_0_0, LS_0x56eb0563ffc0_0_4;
L_0x56eb0563f3c0 .part L_0x56eb05641670, 21, 7;
L_0x56eb0563f4b0 .part L_0x56eb05641670, 14, 7;
L_0x56eb0563f5f0 .part L_0x56eb05641670, 7, 7;
L_0x56eb0563f6e0 .part L_0x56eb05641670, 0, 7;
L_0x56eb0563f7d0 .part L_0x56eb0563ffc0, 24, 1;
L_0x56eb0563f870 .part L_0x56eb0563ffc0, 24, 1;
L_0x56eb0563f910 .part L_0x56eb0563ffc0, 24, 1;
L_0x56eb0563f9b0 .part L_0x56eb0563ffc0, 24, 1;
L_0x56eb0563fa50 .part L_0x56eb0563ffc0, 24, 1;
L_0x56eb0563faf0 .part L_0x56eb0563ffc0, 24, 1;
L_0x56eb0563fb90 .part L_0x56eb0563ffc0, 24, 1;
L_0x56eb0563fc30 .part L_0x56eb0563ffc0, 16, 1;
L_0x56eb05640be0 .part L_0x56eb0563ffc0, 16, 1;
L_0x56eb05640c80 .part L_0x56eb0563ffc0, 16, 1;
L_0x56eb056401f0 .part L_0x56eb0563ffc0, 16, 1;
L_0x56eb05640290 .part L_0x56eb0563ffc0, 16, 1;
L_0x56eb05640330 .part L_0x56eb0563ffc0, 16, 1;
L_0x56eb056403d0 .part L_0x56eb0563ffc0, 16, 1;
L_0x56eb05640470 .part L_0x56eb0563ffc0, 8, 1;
L_0x56eb05640510 .part L_0x56eb0563ffc0, 8, 1;
L_0x56eb056405b0 .part L_0x56eb0563ffc0, 8, 1;
L_0x56eb05640650 .part L_0x56eb0563ffc0, 8, 1;
L_0x56eb056406f0 .part L_0x56eb0563ffc0, 8, 1;
L_0x56eb05640790 .part L_0x56eb0563ffc0, 8, 1;
L_0x56eb05640830 .part L_0x56eb0563ffc0, 8, 1;
L_0x56eb056408d0 .part L_0x56eb0563ffc0, 0, 1;
L_0x56eb05640970 .part L_0x56eb0563ffc0, 0, 1;
L_0x56eb05640a10 .part L_0x56eb0563ffc0, 0, 1;
L_0x56eb05640ab0 .part L_0x56eb0563ffc0, 0, 1;
L_0x56eb05641790 .part L_0x56eb0563ffc0, 0, 1;
L_0x56eb05640d20 .part L_0x56eb0563ffc0, 0, 1;
L_0x56eb056415d0 .part L_0x56eb0563ffc0, 0, 1;
LS_0x56eb05641670_0_0 .concat [ 1 1 1 1], L_0x56eb056415d0, L_0x56eb05640d20, L_0x56eb05641790, L_0x56eb05640ab0;
LS_0x56eb05641670_0_4 .concat [ 1 1 1 1], L_0x56eb05640a10, L_0x56eb05640970, L_0x56eb056408d0, L_0x56eb05640830;
LS_0x56eb05641670_0_8 .concat [ 1 1 1 1], L_0x56eb05640790, L_0x56eb056406f0, L_0x56eb05640650, L_0x56eb056405b0;
LS_0x56eb05641670_0_12 .concat [ 1 1 1 1], L_0x56eb05640510, L_0x56eb05640470, L_0x56eb056403d0, L_0x56eb05640330;
LS_0x56eb05641670_0_16 .concat [ 1 1 1 1], L_0x56eb05640290, L_0x56eb056401f0, L_0x56eb05640c80, L_0x56eb05640be0;
LS_0x56eb05641670_0_20 .concat [ 1 1 1 1], L_0x56eb0563fc30, L_0x56eb0563fb90, L_0x56eb0563faf0, L_0x56eb0563fa50;
LS_0x56eb05641670_0_24 .concat [ 1 1 1 1], L_0x56eb0563f9b0, L_0x56eb0563f910, L_0x56eb0563f870, L_0x56eb0563f7d0;
LS_0x56eb05641670_1_0 .concat [ 4 4 4 4], LS_0x56eb05641670_0_0, LS_0x56eb05641670_0_4, LS_0x56eb05641670_0_8, LS_0x56eb05641670_0_12;
LS_0x56eb05641670_1_4 .concat [ 4 4 4 0], LS_0x56eb05641670_0_16, LS_0x56eb05641670_0_20, LS_0x56eb05641670_0_24;
L_0x56eb05641670 .concat [ 16 12 0 0], LS_0x56eb05641670_1_0, LS_0x56eb05641670_1_4;
S_0x56eb054cee20 .scope module, "_219_" "AND2_11_1" 5 354, 3 39 0, S_0x56eb054cfb00;
 .timescale 0 0;
    .port_info 0 /INPUT 1 "A";
    .port_info 1 /INPUT 1 "B";
    .port_info 2 /OUTPUT 1 "Y";
L_0x56eb055f7640 .functor OR 1, L_0x56eb0561d590, L_0x56eb0561d750, C4<0>, C4<0>;
v0x56eb0545df10_0 .net "A", 0 0, L_0x56eb0561d590;  alias, 1 drivers
v0x56eb05460d30_0 .net "B", 0 0, L_0x56eb0561d750;  alias, 1 drivers
v0x56eb054611d0_0 .net "Y", 0 0, L_0x56eb055f7640;  alias, 1 drivers
S_0x56eb054ce2b0 .scope module, "_220_" "AND2_00_0" 5 359, 3 3 0, S_0x56eb054cfb00;
 .timescale 0 0;
    .port_info 0 /INPUT 1 "A";
    .port_info 1 /INPUT 1 "B";
    .port_info 2 /OUTPUT 1 "Y";
L_0x56eb055f76b0 .functor AND 1, L_0x56eb056315e0, L_0x56eb055f7640, C4<1>, C4<1>;
v0x56eb05463ff0_0 .net "A", 0 0, L_0x56eb056315e0;  alias, 1 drivers
v0x56eb05464490_0 .net "B", 0 0, L_0x56eb055f7640;  alias, 1 drivers
v0x56eb054672b0_0 .net "Y", 0 0, L_0x56eb055f76b0;  alias, 1 drivers
S_0x56eb054cd580 .scope module, "_221_" "AND2_01_0" 5 364, 3 12 0, S_0x56eb054cfb00;
 .timescale 0 0;
    .port_info 0 /INPUT 1 "A";
    .port_info 1 /INPUT 1 "B";
    .port_info 2 /OUTPUT 1 "Y";
L_0x56eb055f7720 .functor NOT 1, L_0x56eb056315e0, C4<0>, C4<0>, C4<0>;
L_0x56eb055f7790 .functor AND 1, L_0x56eb055f7800, L_0x56eb055f7720, C4<1>, C4<1>;
v0x56eb05467750_0 .net "A", 0 0, L_0x56eb055f7800;  1 drivers
v0x56eb0546a570_0 .net "B", 0 0, L_0x56eb056315e0;  alias, 1 drivers
v0x56eb0546aa10_0 .net "Y", 0 0, L_0x56eb055f7790;  alias, 1 drivers
v0x56eb0546cf90_0 .net *"_ivl_0", 0 0, L_0x56eb055f7720;  1 drivers
S_0x56eb054cc8a0 .scope module, "_222_" "AND2_11_1" 5 369, 3 39 0, S_0x56eb054cfb00;
 .timescale 0 0;
    .port_info 0 /INPUT 1 "A";
    .port_info 1 /INPUT 1 "B";
    .port_info 2 /OUTPUT 1 "Y";
L_0x56eb055f78a0 .functor OR 1, L_0x56eb055f76b0, L_0x56eb055f7790, C4<0>, C4<0>;
v0x56eb0546dd00_0 .net "A", 0 0, L_0x56eb055f76b0;  alias, 1 drivers
v0x56eb05470b20_0 .net "B", 0 0, L_0x56eb055f7790;  alias, 1 drivers
v0x56eb05470fc0_0 .net "Y", 0 0, L_0x56eb055f78a0;  1 drivers
S_0x56eb054cbd30 .scope module, "_223_" "AND2_01_0" 5 374, 3 12 0, S_0x56eb054cfb00;
 .timescale 0 0;
    .port_info 0 /INPUT 1 "A";
    .port_info 1 /INPUT 1 "B";
    .port_info 2 /OUTPUT 1 "Y";
L_0x56eb055f7a30 .functor NOT 1, L_0x56eb05631360, C4<0>, C4<0>, C4<0>;
L_0x56eb055f7aa0 .functor AND 1, L_0x56eb055f7b10, L_0x56eb055f7a30, C4<1>, C4<1>;
v0x56eb05473de0_0 .net "A", 0 0, L_0x56eb055f7b10;  1 drivers
v0x56eb05474280_0 .net "B", 0 0, L_0x56eb05631360;  alias, 1 drivers
v0x56eb054770a0_0 .net "Y", 0 0, L_0x56eb055f7aa0;  alias, 1 drivers
v0x56eb05477540_0 .net *"_ivl_0", 0 0, L_0x56eb055f7a30;  1 drivers
S_0x56eb054cb000 .scope module, "_224_" "AND2_00_0" 5 379, 3 3 0, S_0x56eb054cfb00;
 .timescale 0 0;
    .port_info 0 /INPUT 1 "A";
    .port_info 1 /INPUT 1 "B";
    .port_info 2 /OUTPUT 1 "Y";
L_0x56eb055f7c00 .functor AND 1, L_0x56eb05631360, L_0x56eb055f7c70, C4<1>, C4<1>;
v0x56eb05479fe0_0 .net "A", 0 0, L_0x56eb05631360;  alias, 1 drivers
v0x56eb0547cf70_0 .net "B", 0 0, L_0x56eb055f7c70;  1 drivers
v0x56eb0547d410_0 .net "Y", 0 0, L_0x56eb055f7c00;  alias, 1 drivers
S_0x56eb054c9400 .scope module, "_225_" "AND2_11_1" 5 384, 3 39 0, S_0x56eb054cfb00;
 .timescale 0 0;
    .port_info 0 /INPUT 1 "A";
    .port_info 1 /INPUT 1 "B";
    .port_info 2 /OUTPUT 1 "Y";
L_0x56eb055f7d60 .functor OR 1, L_0x56eb055f7aa0, L_0x56eb055f7c00, C4<0>, C4<0>;
v0x56eb054813d0_0 .net "A", 0 0, L_0x56eb055f7aa0;  alias, 1 drivers
v0x56eb05481870_0 .net "B", 0 0, L_0x56eb055f7c00;  alias, 1 drivers
v0x56eb05486100_0 .net "Y", 0 0, L_0x56eb055f7d60;  alias, 1 drivers
S_0x56eb054c8bf0 .scope module, "_226_" "AND2_00_0" 5 389, 3 3 0, S_0x56eb054cfb00;
 .timescale 0 0;
    .port_info 0 /INPUT 1 "A";
    .port_info 1 /INPUT 1 "B";
    .port_info 2 /OUTPUT 1 "Y";
L_0x56eb055f7ef0 .functor AND 1, L_0x56eb056315e0, L_0x56eb055f7d60, C4<1>, C4<1>;
v0x56eb054865a0_0 .net "A", 0 0, L_0x56eb056315e0;  alias, 1 drivers
v0x56eb054893c0_0 .net "B", 0 0, L_0x56eb055f7d60;  alias, 1 drivers
v0x56eb05489860_0 .net "Y", 0 0, L_0x56eb055f7ef0;  alias, 1 drivers
S_0x56eb054c6780 .scope module, "_227_" "AND2_01_0" 5 394, 3 12 0, S_0x56eb054cfb00;
 .timescale 0 0;
    .port_info 0 /INPUT 1 "A";
    .port_info 1 /INPUT 1 "B";
    .port_info 2 /OUTPUT 1 "Y";
L_0x56eb055f7ff0 .functor NOT 1, L_0x56eb056315e0, C4<0>, C4<0>, C4<0>;
L_0x56eb055f8060 .functor AND 1, L_0x56eb055f80d0, L_0x56eb055f7ff0, C4<1>, C4<1>;
v0x56eb0548c6b0_0 .net "A", 0 0, L_0x56eb055f80d0;  1 drivers
v0x56eb0548d420_0 .net "B", 0 0, L_0x56eb056315e0;  alias, 1 drivers
v0x56eb05490240_0 .net "Y", 0 0, L_0x56eb055f8060;  alias, 1 drivers
v0x56eb054906e0_0 .net *"_ivl_0", 0 0, L_0x56eb055f7ff0;  1 drivers
S_0x56eb054c5e00 .scope module, "_228_" "AND2_11_1" 5 399, 3 39 0, S_0x56eb054cfb00;
 .timescale 0 0;
    .port_info 0 /INPUT 1 "A";
    .port_info 1 /INPUT 1 "B";
    .port_info 2 /OUTPUT 1 "Y";
L_0x56eb055f8170 .functor OR 1, L_0x56eb055f7ef0, L_0x56eb055f8060, C4<0>, C4<0>;
v0x56eb054928b0_0 .net "A", 0 0, L_0x56eb055f7ef0;  alias, 1 drivers
v0x56eb054946a0_0 .net "B", 0 0, L_0x56eb055f8060;  alias, 1 drivers
v0x56eb05494b40_0 .net "Y", 0 0, L_0x56eb055f8170;  1 drivers
S_0x56eb054c5120 .scope module, "_229_" "AND2_01_0" 5 404, 3 12 0, S_0x56eb054cfb00;
 .timescale 0 0;
    .port_info 0 /INPUT 1 "A";
    .port_info 1 /INPUT 1 "B";
    .port_info 2 /OUTPUT 1 "Y";
L_0x56eb055f8300 .functor NOT 1, L_0x56eb05631360, C4<0>, C4<0>, C4<0>;
L_0x56eb055f8370 .functor AND 1, L_0x56eb055f83e0, L_0x56eb055f8300, C4<1>, C4<1>;
v0x56eb05497960_0 .net "A", 0 0, L_0x56eb055f83e0;  1 drivers
v0x56eb05497e00_0 .net "B", 0 0, L_0x56eb05631360;  alias, 1 drivers
v0x56eb0549ac20_0 .net "Y", 0 0, L_0x56eb055f8370;  alias, 1 drivers
v0x56eb0549b0c0_0 .net *"_ivl_0", 0 0, L_0x56eb055f8300;  1 drivers
S_0x56eb054c45b0 .scope module, "_230_" "AND2_00_0" 5 409, 3 3 0, S_0x56eb054cfb00;
 .timescale 0 0;
    .port_info 0 /INPUT 1 "A";
    .port_info 1 /INPUT 1 "B";
    .port_info 2 /OUTPUT 1 "Y";
L_0x56eb055f8480 .functor AND 1, L_0x56eb05631360, L_0x56eb055f84f0, C4<1>, C4<1>;
v0x56eb0549dee0_0 .net "A", 0 0, L_0x56eb05631360;  alias, 1 drivers
v0x56eb0549e380_0 .net "B", 0 0, L_0x56eb055f84f0;  1 drivers
v0x56eb054a11a0_0 .net "Y", 0 0, L_0x56eb055f8480;  alias, 1 drivers
S_0x56eb054c3880 .scope module, "_231_" "AND2_11_1" 5 414, 3 39 0, S_0x56eb054cfb00;
 .timescale 0 0;
    .port_info 0 /INPUT 1 "A";
    .port_info 1 /INPUT 1 "B";
    .port_info 2 /OUTPUT 1 "Y";
L_0x56eb055f8670 .functor OR 1, L_0x56eb055f8370, L_0x56eb055f8480, C4<0>, C4<0>;
v0x56eb054a1640_0 .net "A", 0 0, L_0x56eb055f8370;  alias, 1 drivers
v0x56eb054a4460_0 .net "B", 0 0, L_0x56eb055f8480;  alias, 1 drivers
v0x56eb054a4900_0 .net "Y", 0 0, L_0x56eb055f8670;  alias, 1 drivers
S_0x56eb054c2ba0 .scope module, "_232_" "AND2_00_0" 5 419, 3 3 0, S_0x56eb054cfb00;
 .timescale 0 0;
    .port_info 0 /INPUT 1 "A";
    .port_info 1 /INPUT 1 "B";
    .port_info 2 /OUTPUT 1 "Y";
L_0x56eb055f8800 .functor AND 1, L_0x56eb056315e0, L_0x56eb055f8670, C4<1>, C4<1>;
v0x56eb054a7720_0 .net "A", 0 0, L_0x56eb056315e0;  alias, 1 drivers
v0x56eb054a7bc0_0 .net "B", 0 0, L_0x56eb055f8670;  alias, 1 drivers
v0x56eb054af060_0 .net "Y", 0 0, L_0x56eb055f8800;  alias, 1 drivers
S_0x56eb054c2030 .scope module, "_233_" "AND2_01_0" 5 424, 3 12 0, S_0x56eb054cfb00;
 .timescale 0 0;
    .port_info 0 /INPUT 1 "A";
    .port_info 1 /INPUT 1 "B";
    .port_info 2 /OUTPUT 1 "Y";
L_0x56eb055f8900 .functor NOT 1, L_0x56eb056315e0, C4<0>, C4<0>, C4<0>;
L_0x56eb055f8970 .functor AND 1, L_0x56eb055f89e0, L_0x56eb055f8900, C4<1>, C4<1>;
v0x56eb054af500_0 .net "A", 0 0, L_0x56eb055f89e0;  1 drivers
v0x56eb054b27c0_0 .net "B", 0 0, L_0x56eb056315e0;  alias, 1 drivers
v0x56eb054b75e0_0 .net "Y", 0 0, L_0x56eb055f8970;  alias, 1 drivers
v0x56eb054bd330_0 .net *"_ivl_0", 0 0, L_0x56eb055f8900;  1 drivers
S_0x56eb054bdb00 .scope module, "_234_" "AND2_11_1" 5 429, 3 39 0, S_0x56eb054cfb00;
 .timescale 0 0;
    .port_info 0 /INPUT 1 "A";
    .port_info 1 /INPUT 1 "B";
    .port_info 2 /OUTPUT 1 "Y";
L_0x56eb055f8a80 .functor OR 1, L_0x56eb055f8800, L_0x56eb055f8970, C4<0>, C4<0>;
v0x56eb054c2d70_0 .net "A", 0 0, L_0x56eb055f8800;  alias, 1 drivers
v0x56eb054c3a50_0 .net "B", 0 0, L_0x56eb055f8970;  alias, 1 drivers
v0x56eb054c52f0_0 .net "Y", 0 0, L_0x56eb055f8a80;  1 drivers
S_0x56eb054bce30 .scope module, "_235_" "AND2_00_0" 5 434, 3 3 0, S_0x56eb054cfb00;
 .timescale 0 0;
    .port_info 0 /INPUT 1 "A";
    .port_info 1 /INPUT 1 "B";
    .port_info 2 /OUTPUT 1 "Y";
L_0x56eb055f8c10 .functor AND 1, L_0x56eb055f8c80, L_0x56eb0561e550, C4<1>, C4<1>;
v0x56eb054c5fd0_0 .net "A", 0 0, L_0x56eb055f8c80;  1 drivers
v0x56eb054cb1d0_0 .net "B", 0 0, L_0x56eb0561e550;  alias, 1 drivers
v0x56eb054cca70_0 .net "Y", 0 0, L_0x56eb055f8c10;  alias, 1 drivers
S_0x56eb054ba9c0 .scope module, "_236_" "AND2_01_0" 5 439, 3 12 0, S_0x56eb054cfb00;
 .timescale 0 0;
    .port_info 0 /INPUT 1 "A";
    .port_info 1 /INPUT 1 "B";
    .port_info 2 /OUTPUT 1 "Y";
L_0x56eb055f8d70 .functor NOT 1, L_0x56eb05631360, C4<0>, C4<0>, C4<0>;
L_0x56eb055f8de0 .functor AND 1, L_0x56eb055f8e50, L_0x56eb055f8d70, C4<1>, C4<1>;
v0x56eb054cd750_0 .net "A", 0 0, L_0x56eb055f8e50;  1 drivers
v0x56eb054ceff0_0 .net "B", 0 0, L_0x56eb05631360;  alias, 1 drivers
v0x56eb054cfcd0_0 .net "Y", 0 0, L_0x56eb055f8de0;  alias, 1 drivers
v0x56eb054d0170_0 .net *"_ivl_0", 0 0, L_0x56eb055f8d70;  1 drivers
S_0x56eb054ba1b0 .scope module, "_237_" "AND2_00_0" 5 444, 3 3 0, S_0x56eb054cfb00;
 .timescale 0 0;
    .port_info 0 /INPUT 1 "A";
    .port_info 1 /INPUT 1 "B";
    .port_info 2 /OUTPUT 1 "Y";
L_0x56eb055f8f80 .functor AND 1, L_0x56eb05631360, L_0x56eb055f8ff0, C4<1>, C4<1>;
v0x56eb054d0630_0 .net "A", 0 0, L_0x56eb05631360;  alias, 1 drivers
v0x56eb054d2710_0 .net "B", 0 0, L_0x56eb055f8ff0;  1 drivers
v0x56eb054d47f0_0 .net "Y", 0 0, L_0x56eb055f8f80;  alias, 1 drivers
S_0x56eb054b7d40 .scope module, "_238_" "AND2_11_1" 5 449, 3 39 0, S_0x56eb054cfb00;
 .timescale 0 0;
    .port_info 0 /INPUT 1 "A";
    .port_info 1 /INPUT 1 "B";
    .port_info 2 /OUTPUT 1 "Y";
L_0x56eb055f90f0 .functor OR 1, L_0x56eb055f8de0, L_0x56eb055f8f80, C4<0>, C4<0>;
v0x56eb054d4cb0_0 .net "A", 0 0, L_0x56eb055f8de0;  alias, 1 drivers
v0x56eb054d5170_0 .net "B", 0 0, L_0x56eb055f8f80;  alias, 1 drivers
v0x56eb054d6db0_0 .net "Y", 0 0, L_0x56eb055f90f0;  alias, 1 drivers
S_0x56eb054b7410 .scope module, "_239_" "AND2_00_0" 5 454, 3 3 0, S_0x56eb054cfb00;
 .timescale 0 0;
    .port_info 0 /INPUT 1 "A";
    .port_info 1 /INPUT 1 "B";
    .port_info 2 /OUTPUT 1 "Y";
L_0x56eb055f9280 .functor AND 1, L_0x56eb056315e0, L_0x56eb055f90f0, C4<1>, C4<1>;
v0x56eb054d7270_0 .net "A", 0 0, L_0x56eb056315e0;  alias, 1 drivers
v0x56eb054d7730_0 .net "B", 0 0, L_0x56eb055f90f0;  alias, 1 drivers
v0x56eb054d7bf0_0 .net "Y", 0 0, L_0x56eb055f9280;  alias, 1 drivers
S_0x56eb054b5b80 .scope module, "_240_" "AND2_01_0" 5 459, 3 12 0, S_0x56eb054cfb00;
 .timescale 0 0;
    .port_info 0 /INPUT 1 "A";
    .port_info 1 /INPUT 1 "B";
    .port_info 2 /OUTPUT 1 "Y";
L_0x56eb055f9380 .functor NOT 1, L_0x56eb056315e0, C4<0>, C4<0>, C4<0>;
L_0x56eb055f93f0 .functor AND 1, L_0x56eb055f9460, L_0x56eb055f9380, C4<1>, C4<1>;
v0x56eb054d80b0_0 .net "A", 0 0, L_0x56eb055f9460;  1 drivers
v0x56eb054db770_0 .net "B", 0 0, L_0x56eb056315e0;  alias, 1 drivers
v0x56eb054dca00_0 .net "Y", 0 0, L_0x56eb055f93f0;  alias, 1 drivers
v0x56eb054ddc60_0 .net *"_ivl_0", 0 0, L_0x56eb055f9380;  1 drivers
S_0x56eb054b54b0 .scope module, "_241_" "AND2_11_1" 5 464, 3 39 0, S_0x56eb054cfb00;
 .timescale 0 0;
    .port_info 0 /INPUT 1 "A";
    .port_info 1 /INPUT 1 "B";
    .port_info 2 /OUTPUT 1 "Y";
L_0x56eb055f9590 .functor OR 1, L_0x56eb055f9280, L_0x56eb055f93f0, C4<0>, C4<0>;
v0x56eb054deec0_0 .net "A", 0 0, L_0x56eb055f9280;  alias, 1 drivers
v0x56eb054e0120_0 .net "B", 0 0, L_0x56eb055f93f0;  alias, 1 drivers
v0x56eb054e1380_0 .net "Y", 0 0, L_0x56eb055f9590;  1 drivers
S_0x56eb054b2f90 .scope module, "_242_" "AND2_00_0" 5 469, 3 3 0, S_0x56eb054cfb00;
 .timescale 0 0;
    .port_info 0 /INPUT 1 "A";
    .port_info 1 /INPUT 1 "B";
    .port_info 2 /OUTPUT 1 "Y";
L_0x56eb055f9720 .functor AND 1, v0x56eb055f6bb0_0, L_0x56eb055f9790, C4<1>, C4<1>;
v0x56eb054e25e0_0 .net "A", 0 0, v0x56eb055f6bb0_0;  alias, 1 drivers
v0x56eb054e3840_0 .net "B", 0 0, L_0x56eb055f9790;  1 drivers
v0x56eb054fa2c0_0 .net "Y", 0 0, L_0x56eb055f9720;  alias, 1 drivers
S_0x56eb054b1180 .scope module, "_243_" "AND2_00_0" 5 474, 3 3 0, S_0x56eb054cfb00;
 .timescale 0 0;
    .port_info 0 /INPUT 1 "A";
    .port_info 1 /INPUT 1 "B";
    .port_info 2 /OUTPUT 1 "Y";
L_0x56eb055f98a0 .functor AND 1, L_0x56eb055f9910, L_0x56eb055f9720, C4<1>, C4<1>;
v0x56eb054fb2f0_0 .net "A", 0 0, L_0x56eb055f9910;  1 drivers
v0x56eb054fc3c0_0 .net "B", 0 0, L_0x56eb055f9720;  alias, 1 drivers
v0x56eb054fd490_0 .net "Y", 0 0, L_0x56eb055f98a0;  alias, 1 drivers
S_0x56eb054afcd0 .scope module, "_244_" "AND2_00_0" 5 479, 3 3 0, S_0x56eb054cfb00;
 .timescale 0 0;
    .port_info 0 /INPUT 1 "A";
    .port_info 1 /INPUT 1 "B";
    .port_info 2 /OUTPUT 1 "Y";
L_0x56eb055f99b0 .functor AND 1, L_0x56eb055f9a20, L_0x56eb055f9720, C4<1>, C4<1>;
v0x56eb054fe560_0 .net "A", 0 0, L_0x56eb055f9a20;  1 drivers
v0x56eb054ff770_0 .net "B", 0 0, L_0x56eb055f9720;  alias, 1 drivers
v0x56eb055009d0_0 .net "Y", 0 0, L_0x56eb055f99b0;  alias, 1 drivers
S_0x56eb054aee90 .scope module, "_245_" "AND2_00_0" 5 484, 3 3 0, S_0x56eb054cfb00;
 .timescale 0 0;
    .port_info 0 /INPUT 1 "A";
    .port_info 1 /INPUT 1 "B";
    .port_info 2 /OUTPUT 1 "Y";
L_0x56eb055f9830 .functor AND 1, L_0x56eb055f9b40, L_0x56eb055f9720, C4<1>, C4<1>;
v0x56eb05501c30_0 .net "A", 0 0, L_0x56eb055f9b40;  1 drivers
v0x56eb05502e90_0 .net "B", 0 0, L_0x56eb055f9720;  alias, 1 drivers
v0x56eb055040f0_0 .net "Y", 0 0, L_0x56eb055f9830;  alias, 1 drivers
S_0x56eb054a8390 .scope module, "_246_" "AND2_00_0" 5 489, 3 3 0, S_0x56eb054cfb00;
 .timescale 0 0;
    .port_info 0 /INPUT 1 "A";
    .port_info 1 /INPUT 1 "B";
    .port_info 2 /OUTPUT 1 "Y";
L_0x56eb055f9cc0 .functor AND 1, L_0x56eb055f9d30, L_0x56eb055f9720, C4<1>, C4<1>;
v0x56eb05505350_0 .net "A", 0 0, L_0x56eb055f9d30;  1 drivers
v0x56eb055065b0_0 .net "B", 0 0, L_0x56eb055f9720;  alias, 1 drivers
v0x56eb05507810_0 .net "Y", 0 0, L_0x56eb055f9cc0;  alias, 1 drivers
S_0x56eb054a7550 .scope module, "_247_" "AND2_00_0" 5 494, 3 3 0, S_0x56eb054cfb00;
 .timescale 0 0;
    .port_info 0 /INPUT 1 "A";
    .port_info 1 /INPUT 1 "B";
    .port_info 2 /OUTPUT 1 "Y";
L_0x56eb055f9e60 .functor AND 1, L_0x56eb055f9ed0, L_0x56eb0561e550, C4<1>, C4<1>;
v0x56eb05508a70_0 .net "A", 0 0, L_0x56eb055f9ed0;  1 drivers
v0x56eb05509cd0_0 .net "B", 0 0, L_0x56eb0561e550;  alias, 1 drivers
v0x56eb0550af30_0 .net "Y", 0 0, L_0x56eb055f9e60;  alias, 1 drivers
S_0x56eb054a6580 .scope module, "_248_" "AND2_01_0" 5 499, 3 12 0, S_0x56eb054cfb00;
 .timescale 0 0;
    .port_info 0 /INPUT 1 "A";
    .port_info 1 /INPUT 1 "B";
    .port_info 2 /OUTPUT 1 "Y";
L_0x56eb055fa010 .functor NOT 1, L_0x56eb056310a0, C4<0>, C4<0>, C4<0>;
L_0x56eb055fa080 .functor AND 1, L_0x56eb055fa140, L_0x56eb055fa010, C4<1>, C4<1>;
v0x56eb0550c190_0 .net "A", 0 0, L_0x56eb055fa140;  1 drivers
v0x56eb0550d3f0_0 .net "B", 0 0, L_0x56eb056310a0;  alias, 1 drivers
v0x56eb0550e650_0 .net "Y", 0 0, L_0x56eb055fa080;  alias, 1 drivers
v0x56eb0550f8b0_0 .net *"_ivl_0", 0 0, L_0x56eb055fa010;  1 drivers
S_0x56eb054a50d0 .scope module, "_249_" "AND2_00_0" 5 504, 3 3 0, S_0x56eb054cfb00;
 .timescale 0 0;
    .port_info 0 /INPUT 1 "A";
    .port_info 1 /INPUT 1 "B";
    .port_info 2 /OUTPUT 1 "Y";
L_0x56eb055fa2d0 .functor AND 1, L_0x56eb055fa340, L_0x56eb056310a0, C4<1>, C4<1>;
v0x56eb05510b10_0 .net "A", 0 0, L_0x56eb055fa340;  1 drivers
v0x56eb05511d70_0 .net "B", 0 0, L_0x56eb056310a0;  alias, 1 drivers
v0x56eb05512fd0_0 .net "Y", 0 0, L_0x56eb055fa2d0;  alias, 1 drivers
S_0x56eb054a4290 .scope module, "_250_" "AND2_11_1" 5 509, 3 39 0, S_0x56eb054cfb00;
 .timescale 0 0;
    .port_info 0 /INPUT 1 "A";
    .port_info 1 /INPUT 1 "B";
    .port_info 2 /OUTPUT 1 "Y";
L_0x56eb055fa430 .functor OR 1, L_0x56eb055fa080, L_0x56eb055fa2d0, C4<0>, C4<0>;
v0x56eb05514230_0 .net "A", 0 0, L_0x56eb055fa080;  alias, 1 drivers
v0x56eb05515490_0 .net "B", 0 0, L_0x56eb055fa2d0;  alias, 1 drivers
v0x56eb055166f0_0 .net "Y", 0 0, L_0x56eb055fa430;  alias, 1 drivers
S_0x56eb054a32c0 .scope module, "_251_" "AND2_00_0" 5 514, 3 3 0, S_0x56eb054cfb00;
 .timescale 0 0;
    .port_info 0 /INPUT 1 "A";
    .port_info 1 /INPUT 1 "B";
    .port_info 2 /OUTPUT 1 "Y";
L_0x56eb055fa5c0 .functor AND 1, L_0x56eb056315e0, L_0x56eb055fa430, C4<1>, C4<1>;
v0x56eb05517950_0 .net "A", 0 0, L_0x56eb056315e0;  alias, 1 drivers
v0x56eb05518bb0_0 .net "B", 0 0, L_0x56eb055fa430;  alias, 1 drivers
v0x56eb05519e10_0 .net "Y", 0 0, L_0x56eb055fa5c0;  alias, 1 drivers
S_0x56eb054a1e10 .scope module, "_252_" "AND2_01_0" 5 519, 3 12 0, S_0x56eb054cfb00;
 .timescale 0 0;
    .port_info 0 /INPUT 1 "A";
    .port_info 1 /INPUT 1 "B";
    .port_info 2 /OUTPUT 1 "Y";
L_0x56eb055fa6c0 .functor NOT 1, L_0x56eb056315e0, C4<0>, C4<0>, C4<0>;
L_0x56eb055fa730 .functor AND 1, L_0x56eb055fa7a0, L_0x56eb055fa6c0, C4<1>, C4<1>;
v0x56eb0551b070_0 .net "A", 0 0, L_0x56eb055fa7a0;  1 drivers
v0x56eb0551c2d0_0 .net "B", 0 0, L_0x56eb056315e0;  alias, 1 drivers
v0x56eb0551f790_0 .net "Y", 0 0, L_0x56eb055fa730;  alias, 1 drivers
v0x56eb05520860_0 .net *"_ivl_0", 0 0, L_0x56eb055fa6c0;  1 drivers
S_0x56eb054a0fd0 .scope module, "_253_" "AND2_11_1" 5 524, 3 39 0, S_0x56eb054cfb00;
 .timescale 0 0;
    .port_info 0 /INPUT 1 "A";
    .port_info 1 /INPUT 1 "B";
    .port_info 2 /OUTPUT 1 "Y";
L_0x56eb055fa8f0 .functor OR 1, L_0x56eb055fa5c0, L_0x56eb055fa730, C4<0>, C4<0>;
v0x56eb05521930_0 .net "A", 0 0, L_0x56eb055fa5c0;  alias, 1 drivers
v0x56eb05522af0_0 .net "B", 0 0, L_0x56eb055fa730;  alias, 1 drivers
v0x56eb05523d50_0 .net "Y", 0 0, L_0x56eb055fa8f0;  1 drivers
S_0x56eb054a0000 .scope module, "_254_" "AND2_00_0" 5 529, 3 3 0, S_0x56eb054cfb00;
 .timescale 0 0;
    .port_info 0 /INPUT 1 "A";
    .port_info 1 /INPUT 1 "B";
    .port_info 2 /OUTPUT 1 "Y";
L_0x56eb055faa80 .functor AND 1, L_0x56eb055fa230, L_0x56eb055f9720, C4<1>, C4<1>;
v0x56eb05524fb0_0 .net "A", 0 0, L_0x56eb055fa230;  1 drivers
v0x56eb05526210_0 .net "B", 0 0, L_0x56eb055f9720;  alias, 1 drivers
v0x56eb05527470_0 .net "Y", 0 0, L_0x56eb055faa80;  alias, 1 drivers
S_0x56eb0549eb50 .scope module, "_255_" "AND2_01_0" 5 534, 3 12 0, S_0x56eb054cfb00;
 .timescale 0 0;
    .port_info 0 /INPUT 1 "A";
    .port_info 1 /INPUT 1 "B";
    .port_info 2 /OUTPUT 1 "Y";
L_0x56eb055faaf0 .functor NOT 1, L_0x56eb05631360, C4<0>, C4<0>, C4<0>;
L_0x56eb055fab60 .functor AND 1, L_0x56eb055fabd0, L_0x56eb055faaf0, C4<1>, C4<1>;
v0x56eb055286d0_0 .net "A", 0 0, L_0x56eb055fabd0;  1 drivers
v0x56eb05529930_0 .net "B", 0 0, L_0x56eb05631360;  alias, 1 drivers
v0x56eb0552ab90_0 .net "Y", 0 0, L_0x56eb055fab60;  alias, 1 drivers
v0x56eb0552bdf0_0 .net *"_ivl_0", 0 0, L_0x56eb055faaf0;  1 drivers
S_0x56eb0549dd10 .scope module, "_256_" "AND2_00_0" 5 539, 3 3 0, S_0x56eb054cfb00;
 .timescale 0 0;
    .port_info 0 /INPUT 1 "A";
    .port_info 1 /INPUT 1 "B";
    .port_info 2 /OUTPUT 1 "Y";
L_0x56eb055fad30 .functor AND 1, L_0x56eb05631360, L_0x56eb055fada0, C4<1>, C4<1>;
v0x56eb0552d050_0 .net "A", 0 0, L_0x56eb05631360;  alias, 1 drivers
v0x56eb0552e2b0_0 .net "B", 0 0, L_0x56eb055fada0;  1 drivers
v0x56eb0552f510_0 .net "Y", 0 0, L_0x56eb055fad30;  alias, 1 drivers
S_0x56eb0549cd40 .scope module, "_257_" "AND2_11_1" 5 544, 3 39 0, S_0x56eb054cfb00;
 .timescale 0 0;
    .port_info 0 /INPUT 1 "A";
    .port_info 1 /INPUT 1 "B";
    .port_info 2 /OUTPUT 1 "Y";
L_0x56eb055fae40 .functor OR 1, L_0x56eb055fab60, L_0x56eb055fad30, C4<0>, C4<0>;
v0x56eb05530770_0 .net "A", 0 0, L_0x56eb055fab60;  alias, 1 drivers
v0x56eb055319d0_0 .net "B", 0 0, L_0x56eb055fad30;  alias, 1 drivers
v0x56eb05532c30_0 .net "Y", 0 0, L_0x56eb055fae40;  alias, 1 drivers
S_0x56eb0549b890 .scope module, "_258_" "AND2_00_0" 5 549, 3 3 0, S_0x56eb054cfb00;
 .timescale 0 0;
    .port_info 0 /INPUT 1 "A";
    .port_info 1 /INPUT 1 "B";
    .port_info 2 /OUTPUT 1 "Y";
L_0x56eb055fafd0 .functor AND 1, L_0x56eb056315e0, L_0x56eb055fae40, C4<1>, C4<1>;
v0x56eb05536350_0 .net "A", 0 0, L_0x56eb056315e0;  alias, 1 drivers
v0x56eb055375b0_0 .net "B", 0 0, L_0x56eb055fae40;  alias, 1 drivers
v0x56eb05538810_0 .net "Y", 0 0, L_0x56eb055fafd0;  alias, 1 drivers
S_0x56eb0549aa50 .scope module, "_259_" "AND2_01_0" 5 554, 3 12 0, S_0x56eb054cfb00;
 .timescale 0 0;
    .port_info 0 /INPUT 1 "A";
    .port_info 1 /INPUT 1 "B";
    .port_info 2 /OUTPUT 1 "Y";
L_0x56eb055fb0d0 .functor NOT 1, L_0x56eb056315e0, C4<0>, C4<0>, C4<0>;
L_0x56eb055fb140 .functor AND 1, L_0x56eb055fb1b0, L_0x56eb055fb0d0, C4<1>, C4<1>;
v0x56eb05539a70_0 .net "A", 0 0, L_0x56eb055fb1b0;  1 drivers
v0x56eb0553acd0_0 .net "B", 0 0, L_0x56eb056315e0;  alias, 1 drivers
v0x56eb0553bf30_0 .net "Y", 0 0, L_0x56eb055fb140;  alias, 1 drivers
v0x56eb0553d190_0 .net *"_ivl_0", 0 0, L_0x56eb055fb0d0;  1 drivers
S_0x56eb05499a80 .scope module, "_260_" "AND2_11_1" 5 559, 3 39 0, S_0x56eb054cfb00;
 .timescale 0 0;
    .port_info 0 /INPUT 1 "A";
    .port_info 1 /INPUT 1 "B";
    .port_info 2 /OUTPUT 1 "Y";
L_0x56eb055fb320 .functor OR 1, L_0x56eb055fafd0, L_0x56eb055fb140, C4<0>, C4<0>;
v0x56eb0553e3f0_0 .net "A", 0 0, L_0x56eb055fafd0;  alias, 1 drivers
v0x56eb0553f650_0 .net "B", 0 0, L_0x56eb055fb140;  alias, 1 drivers
v0x56eb055408b0_0 .net "Y", 0 0, L_0x56eb055fb320;  1 drivers
S_0x56eb054985d0 .scope module, "_261_" "AND2_01_0" 5 564, 3 12 0, S_0x56eb054cfb00;
 .timescale 0 0;
    .port_info 0 /INPUT 1 "A";
    .port_info 1 /INPUT 1 "B";
    .port_info 2 /OUTPUT 1 "Y";
L_0x56eb055fb4b0 .functor NOT 1, L_0x56eb056310a0, C4<0>, C4<0>, C4<0>;
L_0x56eb055fb520 .functor AND 1, L_0x56eb055fb590, L_0x56eb055fb4b0, C4<1>, C4<1>;
v0x56eb05541b10_0 .net "A", 0 0, L_0x56eb055fb590;  1 drivers
v0x56eb05542d70_0 .net "B", 0 0, L_0x56eb056310a0;  alias, 1 drivers
v0x56eb055440d0_0 .net "Y", 0 0, L_0x56eb055fb520;  alias, 1 drivers
v0x56eb055451a0_0 .net *"_ivl_0", 0 0, L_0x56eb055fb4b0;  1 drivers
S_0x56eb05497790 .scope module, "_262_" "AND2_00_0" 5 569, 3 3 0, S_0x56eb054cfb00;
 .timescale 0 0;
    .port_info 0 /INPUT 1 "A";
    .port_info 1 /INPUT 1 "B";
    .port_info 2 /OUTPUT 1 "Y";
L_0x56eb055fb630 .functor AND 1, L_0x56eb056310a0, L_0x56eb055fb6a0, C4<1>, C4<1>;
v0x56eb05546270_0 .net "A", 0 0, L_0x56eb056310a0;  alias, 1 drivers
v0x56eb05547340_0 .net "B", 0 0, L_0x56eb055fb6a0;  1 drivers
v0x56eb05548410_0 .net "Y", 0 0, L_0x56eb055fb630;  alias, 1 drivers
S_0x56eb054967c0 .scope module, "_263_" "AND2_11_1" 5 574, 3 39 0, S_0x56eb054cfb00;
 .timescale 0 0;
    .port_info 0 /INPUT 1 "A";
    .port_info 1 /INPUT 1 "B";
    .port_info 2 /OUTPUT 1 "Y";
L_0x56eb055fb820 .functor OR 1, L_0x56eb055fb520, L_0x56eb055fb630, C4<0>, C4<0>;
v0x56eb055495d0_0 .net "A", 0 0, L_0x56eb055fb520;  alias, 1 drivers
v0x56eb0554a830_0 .net "B", 0 0, L_0x56eb055fb630;  alias, 1 drivers
v0x56eb0554ba90_0 .net "Y", 0 0, L_0x56eb055fb820;  alias, 1 drivers
S_0x56eb05495310 .scope module, "_264_" "AND2_00_0" 5 579, 3 3 0, S_0x56eb054cfb00;
 .timescale 0 0;
    .port_info 0 /INPUT 1 "A";
    .port_info 1 /INPUT 1 "B";
    .port_info 2 /OUTPUT 1 "Y";
L_0x56eb055fb9b0 .functor AND 1, L_0x56eb056315e0, L_0x56eb055fb820, C4<1>, C4<1>;
v0x56eb0554ccf0_0 .net "A", 0 0, L_0x56eb056315e0;  alias, 1 drivers
v0x56eb0554df50_0 .net "B", 0 0, L_0x56eb055fb820;  alias, 1 drivers
v0x56eb0554f1b0_0 .net "Y", 0 0, L_0x56eb055fb9b0;  alias, 1 drivers
S_0x56eb054944d0 .scope module, "_265_" "AND2_01_0" 5 584, 3 12 0, S_0x56eb054cfb00;
 .timescale 0 0;
    .port_info 0 /INPUT 1 "A";
    .port_info 1 /INPUT 1 "B";
    .port_info 2 /OUTPUT 1 "Y";
L_0x56eb055fbab0 .functor NOT 1, L_0x56eb056315e0, C4<0>, C4<0>, C4<0>;
L_0x56eb055fbb20 .functor AND 1, L_0x56eb055fbb90, L_0x56eb055fbab0, C4<1>, C4<1>;
v0x56eb05550410_0 .net "A", 0 0, L_0x56eb055fbb90;  1 drivers
v0x56eb05462840_0 .net "B", 0 0, L_0x56eb056315e0;  alias, 1 drivers
v0x56eb0545f580_0 .net "Y", 0 0, L_0x56eb055fbb20;  alias, 1 drivers
v0x56eb0545f620_0 .net *"_ivl_0", 0 0, L_0x56eb055fbab0;  1 drivers
S_0x56eb054926e0 .scope module, "_266_" "AND2_11_1" 5 589, 3 39 0, S_0x56eb054cfb00;
 .timescale 0 0;
    .port_info 0 /INPUT 1 "A";
    .port_info 1 /INPUT 1 "B";
    .port_info 2 /OUTPUT 1 "Y";
L_0x56eb055fbc30 .functor OR 1, L_0x56eb055fb9b0, L_0x56eb055fbb20, C4<0>, C4<0>;
v0x56eb055531c0_0 .net "A", 0 0, L_0x56eb055fb9b0;  alias, 1 drivers
v0x56eb05553260_0 .net "B", 0 0, L_0x56eb055fbb20;  alias, 1 drivers
v0x56eb05552370_0 .net "Y", 0 0, L_0x56eb055fbc30;  1 drivers
S_0x56eb05490eb0 .scope module, "_267_" "AND2_00_0" 5 594, 3 3 0, S_0x56eb054cfb00;
 .timescale 0 0;
    .port_info 0 /INPUT 1 "A";
    .port_info 1 /INPUT 1 "B";
    .port_info 2 /OUTPUT 1 "Y";
L_0x56eb055fbdc0 .functor AND 1, L_0x56eb055fbe30, L_0x56eb055f9720, C4<1>, C4<1>;
v0x56eb05551520_0 .net "A", 0 0, L_0x56eb055fbe30;  1 drivers
v0x56eb05550b20_0 .net "B", 0 0, L_0x56eb055f9720;  alias, 1 drivers
v0x56eb05533e90_0 .net "Y", 0 0, L_0x56eb055fbdc0;  alias, 1 drivers
S_0x56eb05490070 .scope module, "_268_" "AND2_01_0" 5 599, 3 12 0, S_0x56eb054cfb00;
 .timescale 0 0;
    .port_info 0 /INPUT 1 "A";
    .port_info 1 /INPUT 1 "B";
    .port_info 2 /OUTPUT 1 "Y";
L_0x56eb055fbfc0 .functor NOT 1, L_0x56eb056310a0, C4<0>, C4<0>, C4<0>;
L_0x56eb055fc030 .functor AND 1, L_0x56eb055fc0a0, L_0x56eb055fbfc0, C4<1>, C4<1>;
v0x56eb0545c2c0_0 .net "A", 0 0, L_0x56eb055fc0a0;  1 drivers
v0x56eb05458730_0 .net "B", 0 0, L_0x56eb056310a0;  alias, 1 drivers
v0x56eb05455470_0 .net "Y", 0 0, L_0x56eb055fc030;  alias, 1 drivers
v0x56eb05455510_0 .net *"_ivl_0", 0 0, L_0x56eb055fbfc0;  1 drivers
S_0x56eb0548f0a0 .scope module, "_269_" "AND2_00_0" 5 604, 3 3 0, S_0x56eb054cfb00;
 .timescale 0 0;
    .port_info 0 /INPUT 1 "A";
    .port_info 1 /INPUT 1 "B";
    .port_info 2 /OUTPUT 1 "Y";
L_0x56eb055fc140 .functor AND 1, L_0x56eb056310a0, L_0x56eb055fc1b0, C4<1>, C4<1>;
v0x56eb054f8f90_0 .net "A", 0 0, L_0x56eb056310a0;  alias, 1 drivers
v0x56eb054f8140_0 .net "B", 0 0, L_0x56eb055fc1b0;  1 drivers
v0x56eb054f72f0_0 .net "Y", 0 0, L_0x56eb055fc140;  alias, 1 drivers
S_0x56eb0548dbf0 .scope module, "_270_" "AND2_11_1" 5 609, 3 39 0, S_0x56eb054cfb00;
 .timescale 0 0;
    .port_info 0 /INPUT 1 "A";
    .port_info 1 /INPUT 1 "B";
    .port_info 2 /OUTPUT 1 "Y";
L_0x56eb055fc3a0 .functor OR 1, L_0x56eb055fc030, L_0x56eb055fc140, C4<0>, C4<0>;
v0x56eb054f5650_0 .net "A", 0 0, L_0x56eb055fc030;  alias, 1 drivers
v0x56eb054f4800_0 .net "B", 0 0, L_0x56eb055fc140;  alias, 1 drivers
v0x56eb054f48a0_0 .net "Y", 0 0, L_0x56eb055fc3a0;  alias, 1 drivers
S_0x56eb0548c4e0 .scope module, "_271_" "AND2_00_0" 5 614, 3 3 0, S_0x56eb054cfb00;
 .timescale 0 0;
    .port_info 0 /INPUT 1 "A";
    .port_info 1 /INPUT 1 "B";
    .port_info 2 /OUTPUT 1 "Y";
L_0x56eb055fc4e0 .functor AND 1, L_0x56eb056315e0, L_0x56eb055fc3a0, C4<1>, C4<1>;
v0x56eb054f39b0_0 .net "A", 0 0, L_0x56eb056315e0;  alias, 1 drivers
v0x56eb054f2b60_0 .net "B", 0 0, L_0x56eb055fc3a0;  alias, 1 drivers
v0x56eb054f1d10_0 .net "Y", 0 0, L_0x56eb055fc4e0;  alias, 1 drivers
S_0x56eb0548a030 .scope module, "_272_" "AND2_01_0" 5 619, 3 12 0, S_0x56eb054cfb00;
 .timescale 0 0;
    .port_info 0 /INPUT 1 "A";
    .port_info 1 /INPUT 1 "B";
    .port_info 2 /OUTPUT 1 "Y";
L_0x56eb055fc620 .functor NOT 1, L_0x56eb056315e0, C4<0>, C4<0>, C4<0>;
L_0x56eb055fc6b0 .functor AND 1, L_0x56eb055fc740, L_0x56eb055fc620, C4<1>, C4<1>;
v0x56eb054f0ec0_0 .net "A", 0 0, L_0x56eb055fc740;  1 drivers
v0x56eb054f0070_0 .net "B", 0 0, L_0x56eb056315e0;  alias, 1 drivers
v0x56eb054ef220_0 .net "Y", 0 0, L_0x56eb055fc6b0;  alias, 1 drivers
v0x56eb054ef2c0_0 .net *"_ivl_0", 0 0, L_0x56eb055fc620;  1 drivers
S_0x56eb054891f0 .scope module, "_273_" "AND2_11_1" 5 624, 3 39 0, S_0x56eb054cfb00;
 .timescale 0 0;
    .port_info 0 /INPUT 1 "A";
    .port_info 1 /INPUT 1 "B";
    .port_info 2 /OUTPUT 1 "Y";
L_0x56eb055fc7e0 .functor OR 1, L_0x56eb055fc4e0, L_0x56eb055fc6b0, C4<0>, C4<0>;
v0x56eb054518e0_0 .net "A", 0 0, L_0x56eb055fc4e0;  alias, 1 drivers
v0x56eb05451980_0 .net "B", 0 0, L_0x56eb055fc6b0;  alias, 1 drivers
v0x56eb054ee3d0_0 .net "Y", 0 0, L_0x56eb055fc7e0;  1 drivers
S_0x56eb05488220 .scope module, "_274_" "AND2_01_0" 5 629, 3 12 0, S_0x56eb054cfb00;
 .timescale 0 0;
    .port_info 0 /INPUT 1 "A";
    .port_info 1 /INPUT 1 "B";
    .port_info 2 /OUTPUT 1 "Y";
L_0x56eb055fc8e0 .functor NOT 1, L_0x56eb056310a0, C4<0>, C4<0>, C4<0>;
L_0x56eb055fc970 .functor AND 1, L_0x56eb055fca00, L_0x56eb055fc8e0, C4<1>, C4<1>;
v0x56eb054ed580_0 .net "A", 0 0, L_0x56eb055fca00;  1 drivers
v0x56eb054eb8e0_0 .net "B", 0 0, L_0x56eb056310a0;  alias, 1 drivers
v0x56eb054eaa90_0 .net "Y", 0 0, L_0x56eb055fc970;  alias, 1 drivers
v0x56eb054eab30_0 .net *"_ivl_0", 0 0, L_0x56eb055fc8e0;  1 drivers
S_0x56eb05486d70 .scope module, "_275_" "AND2_00_0" 5 634, 3 3 0, S_0x56eb054cfb00;
 .timescale 0 0;
    .port_info 0 /INPUT 1 "A";
    .port_info 1 /INPUT 1 "B";
    .port_info 2 /OUTPUT 1 "Y";
L_0x56eb055fcbb0 .functor AND 1, L_0x56eb056310a0, L_0x56eb055fcc20, C4<1>, C4<1>;
v0x56eb054e8df0_0 .net "A", 0 0, L_0x56eb056310a0;  alias, 1 drivers
v0x56eb054e8e90_0 .net "B", 0 0, L_0x56eb055fcc20;  1 drivers
v0x56eb054e7fa0_0 .net "Y", 0 0, L_0x56eb055fcbb0;  alias, 1 drivers
S_0x56eb05485f30 .scope module, "_276_" "AND2_11_1" 5 639, 3 39 0, S_0x56eb054cfb00;
 .timescale 0 0;
    .port_info 0 /INPUT 1 "A";
    .port_info 1 /INPUT 1 "B";
    .port_info 2 /OUTPUT 1 "Y";
L_0x56eb055fccc0 .functor OR 1, L_0x56eb055fc970, L_0x56eb055fcbb0, C4<0>, C4<0>;
v0x56eb054e7150_0 .net "A", 0 0, L_0x56eb055fc970;  alias, 1 drivers
v0x56eb054e6300_0 .net "B", 0 0, L_0x56eb055fcbb0;  alias, 1 drivers
v0x56eb054e63a0_0 .net "Y", 0 0, L_0x56eb055fccc0;  alias, 1 drivers
S_0x56eb05482040 .scope module, "_277_" "AND2_00_0" 5 644, 3 3 0, S_0x56eb054cfb00;
 .timescale 0 0;
    .port_info 0 /INPUT 1 "A";
    .port_info 1 /INPUT 1 "B";
    .port_info 2 /OUTPUT 1 "Y";
L_0x56eb055fce00 .functor AND 1, L_0x56eb056315e0, L_0x56eb055fccc0, C4<1>, C4<1>;
v0x56eb054e54b0_0 .net "A", 0 0, L_0x56eb056315e0;  alias, 1 drivers
v0x56eb054e4660_0 .net "B", 0 0, L_0x56eb055fccc0;  alias, 1 drivers
v0x56eb054b3e30_0 .net "Y", 0 0, L_0x56eb055fce00;  alias, 1 drivers
S_0x56eb05481200 .scope module, "_278_" "AND2_01_0" 5 649, 3 12 0, S_0x56eb054cfb00;
 .timescale 0 0;
    .port_info 0 /INPUT 1 "A";
    .port_info 1 /INPUT 1 "B";
    .port_info 2 /OUTPUT 1 "Y";
L_0x56eb055fcf40 .functor NOT 1, L_0x56eb056315e0, C4<0>, C4<0>, C4<0>;
L_0x56eb055fcff0 .functor AND 1, L_0x56eb055fd080, L_0x56eb055fcf40, C4<1>, C4<1>;
v0x56eb054b0b70_0 .net "A", 0 0, L_0x56eb055fd080;  1 drivers
v0x56eb0544b080_0 .net "B", 0 0, L_0x56eb056315e0;  alias, 1 drivers
v0x56eb054a9230_0 .net "Y", 0 0, L_0x56eb055fcff0;  alias, 1 drivers
v0x56eb054a92d0_0 .net *"_ivl_0", 0 0, L_0x56eb055fcf40;  1 drivers
S_0x56eb0547dbe0 .scope module, "_279_" "AND2_11_1" 5 654, 3 39 0, S_0x56eb054cfb00;
 .timescale 0 0;
    .port_info 0 /INPUT 1 "A";
    .port_info 1 /INPUT 1 "B";
    .port_info 2 /OUTPUT 1 "Y";
L_0x56eb055fd240 .functor OR 1, L_0x56eb055fce00, L_0x56eb055fcff0, C4<0>, C4<0>;
v0x56eb054a5f70_0 .net "A", 0 0, L_0x56eb055fce00;  alias, 1 drivers
v0x56eb054a2cb0_0 .net "B", 0 0, L_0x56eb055fcff0;  alias, 1 drivers
v0x56eb054a2d50_0 .net "Y", 0 0, L_0x56eb055fd240;  1 drivers
S_0x56eb0547cda0 .scope module, "_280_" "AND2_01_0" 5 659, 3 12 0, S_0x56eb054cfb00;
 .timescale 0 0;
    .port_info 0 /INPUT 1 "A";
    .port_info 1 /INPUT 1 "B";
    .port_info 2 /OUTPUT 1 "Y";
L_0x56eb055fd3d0 .functor NOT 1, L_0x56eb056310a0, C4<0>, C4<0>, C4<0>;
L_0x56eb055fd460 .functor AND 1, L_0x56eb055fd4f0, L_0x56eb055fd3d0, C4<1>, C4<1>;
v0x56eb0549f9f0_0 .net "A", 0 0, L_0x56eb055fd4f0;  1 drivers
v0x56eb0549c730_0 .net "B", 0 0, L_0x56eb056310a0;  alias, 1 drivers
v0x56eb05499470_0 .net "Y", 0 0, L_0x56eb055fd460;  alias, 1 drivers
v0x56eb05499510_0 .net *"_ivl_0", 0 0, L_0x56eb055fd3d0;  1 drivers
S_0x56eb05479e10 .scope module, "_281_" "AND2_00_0" 5 664, 3 3 0, S_0x56eb054cfb00;
 .timescale 0 0;
    .port_info 0 /INPUT 1 "A";
    .port_info 1 /INPUT 1 "B";
    .port_info 2 /OUTPUT 1 "Y";
L_0x56eb055fd590 .functor AND 1, L_0x56eb056310a0, L_0x56eb055fd600, C4<1>, C4<1>;
v0x56eb054961b0_0 .net "A", 0 0, L_0x56eb056310a0;  alias, 1 drivers
v0x56eb05491d50_0 .net "B", 0 0, L_0x56eb055fd600;  1 drivers
v0x56eb0548ea90_0 .net "Y", 0 0, L_0x56eb055fd590;  alias, 1 drivers
S_0x56eb05477d10 .scope module, "_282_" "AND2_11_1" 5 669, 3 39 0, S_0x56eb054cfb00;
 .timescale 0 0;
    .port_info 0 /INPUT 1 "A";
    .port_info 1 /INPUT 1 "B";
    .port_info 2 /OUTPUT 1 "Y";
L_0x56eb055fd120 .functor OR 1, L_0x56eb055fd460, L_0x56eb055fd590, C4<0>, C4<0>;
v0x56eb0548aed0_0 .net "A", 0 0, L_0x56eb055fd460;  alias, 1 drivers
v0x56eb05487c10_0 .net "B", 0 0, L_0x56eb055fd590;  alias, 1 drivers
v0x56eb05487cb0_0 .net "Y", 0 0, L_0x56eb055fd120;  alias, 1 drivers
S_0x56eb05476ed0 .scope module, "_283_" "AND2_00_0" 5 674, 3 3 0, S_0x56eb054cfb00;
 .timescale 0 0;
    .port_info 0 /INPUT 1 "A";
    .port_info 1 /INPUT 1 "B";
    .port_info 2 /OUTPUT 1 "Y";
L_0x56eb055fd880 .functor AND 1, L_0x56eb056315e0, L_0x56eb055fd120, C4<1>, C4<1>;
v0x56eb05447490_0 .net "A", 0 0, L_0x56eb056315e0;  alias, 1 drivers
v0x56eb05447530_0 .net "B", 0 0, L_0x56eb055fd120;  alias, 1 drivers
v0x56eb05482ee0_0 .net "Y", 0 0, L_0x56eb055fd880;  alias, 1 drivers
S_0x56eb05475f00 .scope module, "_284_" "AND2_01_0" 5 679, 3 12 0, S_0x56eb054cfb00;
 .timescale 0 0;
    .port_info 0 /INPUT 1 "A";
    .port_info 1 /INPUT 1 "B";
    .port_info 2 /OUTPUT 1 "Y";
L_0x56eb055fd9c0 .functor NOT 1, L_0x56eb056315e0, C4<0>, C4<0>, C4<0>;
L_0x56eb055fda70 .functor AND 1, L_0x56eb055fdb00, L_0x56eb055fd9c0, C4<1>, C4<1>;
v0x56eb0547ea80_0 .net "A", 0 0, L_0x56eb055fdb00;  1 drivers
v0x56eb05472630_0 .net "B", 0 0, L_0x56eb056315e0;  alias, 1 drivers
v0x56eb0546f370_0 .net "Y", 0 0, L_0x56eb055fda70;  alias, 1 drivers
v0x56eb0546f410_0 .net *"_ivl_0", 0 0, L_0x56eb055fd9c0;  1 drivers
S_0x56eb05474a50 .scope module, "_285_" "AND2_11_1" 5 684, 3 39 0, S_0x56eb054cfb00;
 .timescale 0 0;
    .port_info 0 /INPUT 1 "A";
    .port_info 1 /INPUT 1 "B";
    .port_info 2 /OUTPUT 1 "Y";
L_0x56eb055fdba0 .functor OR 1, L_0x56eb055fd880, L_0x56eb055fda70, C4<0>, C4<0>;
v0x56eb0546c080_0 .net "A", 0 0, L_0x56eb055fd880;  alias, 1 drivers
v0x56eb05465b00_0 .net "B", 0 0, L_0x56eb055fda70;  alias, 1 drivers
v0x56eb05465ba0_0 .net "Y", 0 0, L_0x56eb055fdba0;  1 drivers
S_0x56eb05473c10 .scope module, "_286_" "AND2_01_0" 5 689, 3 12 0, S_0x56eb054cfb00;
 .timescale 0 0;
    .port_info 0 /INPUT 1 "A";
    .port_info 1 /INPUT 1 "B";
    .port_info 2 /OUTPUT 1 "Y";
L_0x56eb055fdd30 .functor NOT 1, L_0x56eb056310a0, C4<0>, C4<0>, C4<0>;
L_0x56eb055fddc0 .functor AND 1, L_0x56eb055fde50, L_0x56eb055fdd30, C4<1>, C4<1>;
v0x56eb054441d0_0 .net "A", 0 0, L_0x56eb055fde50;  1 drivers
v0x56eb054a9520_0 .net "B", 0 0, L_0x56eb056310a0;  alias, 1 drivers
v0x56eb05492040_0 .net "Y", 0 0, L_0x56eb055fddc0;  alias, 1 drivers
v0x56eb054920e0_0 .net *"_ivl_0", 0 0, L_0x56eb055fdd30;  1 drivers
S_0x56eb05472c40 .scope module, "_287_" "AND2_00_0" 5 694, 3 3 0, S_0x56eb054cfb00;
 .timescale 0 0;
    .port_info 0 /INPUT 1 "A";
    .port_info 1 /INPUT 1 "B";
    .port_info 2 /OUTPUT 1 "Y";
L_0x56eb055fe030 .functor AND 1, L_0x56eb056310a0, L_0x56eb055fe0a0, C4<1>, C4<1>;
v0x56eb0548b1c0_0 .net "A", 0 0, L_0x56eb056310a0;  alias, 1 drivers
v0x56eb054831d0_0 .net "B", 0 0, L_0x56eb055fe0a0;  1 drivers
v0x56eb0547ed70_0 .net "Y", 0 0, L_0x56eb055fe030;  alias, 1 drivers
S_0x56eb05471790 .scope module, "_288_" "AND2_11_1" 5 699, 3 39 0, S_0x56eb054cfb00;
 .timescale 0 0;
    .port_info 0 /INPUT 1 "A";
    .port_info 1 /INPUT 1 "B";
    .port_info 2 /OUTPUT 1 "Y";
L_0x56eb055fe140 .functor OR 1, L_0x56eb055fddc0, L_0x56eb055fe030, C4<0>, C4<0>;
v0x56eb05478ea0_0 .net "A", 0 0, L_0x56eb055fddc0;  alias, 1 drivers
v0x56eb05458a20_0 .net "B", 0 0, L_0x56eb055fe030;  alias, 1 drivers
v0x56eb05458ac0_0 .net "Y", 0 0, L_0x56eb055fe140;  alias, 1 drivers
S_0x56eb05470950 .scope module, "_289_" "AND2_00_0" 5 704, 3 3 0, S_0x56eb054cfb00;
 .timescale 0 0;
    .port_info 0 /INPUT 1 "A";
    .port_info 1 /INPUT 1 "B";
    .port_info 2 /OUTPUT 1 "Y";
L_0x56eb055fe310 .functor AND 1, L_0x56eb056315e0, L_0x56eb055fe140, C4<1>, C4<1>;
v0x56eb05451bd0_0 .net "A", 0 0, L_0x56eb056315e0;  alias, 1 drivers
v0x56eb0544b370_0 .net "B", 0 0, L_0x56eb055fe140;  alias, 1 drivers
v0x56eb05447780_0 .net "Y", 0 0, L_0x56eb055fe310;  alias, 1 drivers
S_0x56eb0546f980 .scope module, "_290_" "AND2_01_0" 5 709, 3 12 0, S_0x56eb054cfb00;
 .timescale 0 0;
    .port_info 0 /INPUT 1 "A";
    .port_info 1 /INPUT 1 "B";
    .port_info 2 /OUTPUT 1 "Y";
L_0x56eb055fe450 .functor NOT 1, L_0x56eb056315e0, C4<0>, C4<0>, C4<0>;
L_0x56eb055fe4e0 .functor AND 1, L_0x56eb055fe570, L_0x56eb055fe450, C4<1>, C4<1>;
v0x56eb05550150_0 .net "A", 0 0, L_0x56eb055fe570;  1 drivers
v0x56eb0554eef0_0 .net "B", 0 0, L_0x56eb056315e0;  alias, 1 drivers
v0x56eb0554efb0_0 .net "Y", 0 0, L_0x56eb055fe4e0;  alias, 1 drivers
v0x56eb0554dc90_0 .net *"_ivl_0", 0 0, L_0x56eb055fe450;  1 drivers
S_0x56eb0546e4d0 .scope module, "_291_" "AND2_11_1" 5 714, 3 39 0, S_0x56eb054cfb00;
 .timescale 0 0;
    .port_info 0 /INPUT 1 "A";
    .port_info 1 /INPUT 1 "B";
    .port_info 2 /OUTPUT 1 "Y";
L_0x56eb055fe760 .functor OR 1, L_0x56eb055fe310, L_0x56eb055fe4e0, C4<0>, C4<0>;
v0x56eb0554ca30_0 .net "A", 0 0, L_0x56eb055fe310;  alias, 1 drivers
v0x56eb0554cad0_0 .net "B", 0 0, L_0x56eb055fe4e0;  alias, 1 drivers
v0x56eb0554b7d0_0 .net "Y", 0 0, L_0x56eb055fe760;  1 drivers
S_0x56eb0546cdc0 .scope module, "_292_" "AND2_01_0" 5 719, 3 12 0, S_0x56eb054cfb00;
 .timescale 0 0;
    .port_info 0 /INPUT 1 "A";
    .port_info 1 /INPUT 1 "B";
    .port_info 2 /OUTPUT 1 "Y";
L_0x56eb055fe8f0 .functor NOT 1, L_0x56eb056310a0, C4<0>, C4<0>, C4<0>;
L_0x56eb055fe980 .functor AND 1, L_0x56eb055fea10, L_0x56eb055fe8f0, C4<1>, C4<1>;
v0x56eb0554a570_0 .net "A", 0 0, L_0x56eb055fea10;  1 drivers
v0x56eb0554a630_0 .net "B", 0 0, L_0x56eb056310a0;  alias, 1 drivers
v0x56eb05549310_0 .net "Y", 0 0, L_0x56eb055fe980;  alias, 1 drivers
v0x56eb05548150_0 .net *"_ivl_0", 0 0, L_0x56eb055fe8f0;  1 drivers
S_0x56eb0546c690 .scope module, "_293_" "AND2_00_0" 5 724, 3 3 0, S_0x56eb054cfb00;
 .timescale 0 0;
    .port_info 0 /INPUT 1 "A";
    .port_info 1 /INPUT 1 "B";
    .port_info 2 /OUTPUT 1 "Y";
L_0x56eb055feab0 .functor AND 1, L_0x56eb056310a0, L_0x56eb055feb20, C4<1>, C4<1>;
v0x56eb05547080_0 .net "A", 0 0, L_0x56eb056310a0;  alias, 1 drivers
v0x56eb05547140_0 .net "B", 0 0, L_0x56eb055feb20;  1 drivers
v0x56eb05545fb0_0 .net "Y", 0 0, L_0x56eb055feab0;  alias, 1 drivers
S_0x56eb0546b1e0 .scope module, "_294_" "AND2_11_1" 5 729, 3 39 0, S_0x56eb054cfb00;
 .timescale 0 0;
    .port_info 0 /INPUT 1 "A";
    .port_info 1 /INPUT 1 "B";
    .port_info 2 /OUTPUT 1 "Y";
L_0x56eb055fed20 .functor OR 1, L_0x56eb055fe980, L_0x56eb055feab0, C4<0>, C4<0>;
v0x56eb05544ee0_0 .net "A", 0 0, L_0x56eb055fe980;  alias, 1 drivers
v0x56eb05544fa0_0 .net "B", 0 0, L_0x56eb055feab0;  alias, 1 drivers
v0x56eb05543e10_0 .net "Y", 0 0, L_0x56eb055fed20;  alias, 1 drivers
S_0x56eb0546a3a0 .scope module, "_295_" "AND2_00_0" 5 734, 3 3 0, S_0x56eb054cfb00;
 .timescale 0 0;
    .port_info 0 /INPUT 1 "A";
    .port_info 1 /INPUT 1 "B";
    .port_info 2 /OUTPUT 1 "Y";
L_0x56eb055feef0 .functor AND 1, L_0x56eb056315e0, L_0x56eb055fed20, C4<1>, C4<1>;
v0x56eb05542ab0_0 .net "A", 0 0, L_0x56eb056315e0;  alias, 1 drivers
v0x56eb05542b70_0 .net "B", 0 0, L_0x56eb055fed20;  alias, 1 drivers
v0x56eb05541850_0 .net "Y", 0 0, L_0x56eb055feef0;  alias, 1 drivers
S_0x56eb054693d0 .scope module, "_296_" "AND2_01_0" 5 739, 3 12 0, S_0x56eb054cfb00;
 .timescale 0 0;
    .port_info 0 /INPUT 1 "A";
    .port_info 1 /INPUT 1 "B";
    .port_info 2 /OUTPUT 1 "Y";
L_0x56eb055ff030 .functor NOT 1, L_0x56eb056315e0, C4<0>, C4<0>, C4<0>;
L_0x56eb055ff0c0 .functor AND 1, L_0x56eb055ff150, L_0x56eb055ff030, C4<1>, C4<1>;
v0x56eb055405f0_0 .net "A", 0 0, L_0x56eb055ff150;  1 drivers
v0x56eb0553f390_0 .net "B", 0 0, L_0x56eb056315e0;  alias, 1 drivers
v0x56eb0553f450_0 .net "Y", 0 0, L_0x56eb055ff0c0;  alias, 1 drivers
v0x56eb0553e130_0 .net *"_ivl_0", 0 0, L_0x56eb055ff030;  1 drivers
S_0x56eb05467f20 .scope module, "_297_" "AND2_11_1" 5 744, 3 39 0, S_0x56eb054cfb00;
 .timescale 0 0;
    .port_info 0 /INPUT 1 "A";
    .port_info 1 /INPUT 1 "B";
    .port_info 2 /OUTPUT 1 "Y";
L_0x56eb055ff1f0 .functor OR 1, L_0x56eb055feef0, L_0x56eb055ff0c0, C4<0>, C4<0>;
v0x56eb0553ced0_0 .net "A", 0 0, L_0x56eb055feef0;  alias, 1 drivers
v0x56eb0553cf90_0 .net "B", 0 0, L_0x56eb055ff0c0;  alias, 1 drivers
v0x56eb0553bc70_0 .net "Y", 0 0, L_0x56eb055ff1f0;  1 drivers
S_0x56eb054670e0 .scope module, "_298_" "AND2_01_0" 5 749, 3 12 0, S_0x56eb054cfb00;
 .timescale 0 0;
    .port_info 0 /INPUT 1 "A";
    .port_info 1 /INPUT 1 "B";
    .port_info 2 /OUTPUT 1 "Y";
L_0x56eb055ff380 .functor NOT 1, L_0x56eb056310a0, C4<0>, C4<0>, C4<0>;
L_0x56eb055ff410 .functor AND 1, L_0x56eb055ff4a0, L_0x56eb055ff380, C4<1>, C4<1>;
v0x56eb0553aa10_0 .net "A", 0 0, L_0x56eb055ff4a0;  1 drivers
v0x56eb055397b0_0 .net "B", 0 0, L_0x56eb056310a0;  alias, 1 drivers
v0x56eb05539870_0 .net "Y", 0 0, L_0x56eb055ff410;  alias, 1 drivers
v0x56eb05538550_0 .net *"_ivl_0", 0 0, L_0x56eb055ff380;  1 drivers
S_0x56eb05466110 .scope module, "_299_" "AND2_00_0" 5 754, 3 3 0, S_0x56eb054cfb00;
 .timescale 0 0;
    .port_info 0 /INPUT 1 "A";
    .port_info 1 /INPUT 1 "B";
    .port_info 2 /OUTPUT 1 "Y";
L_0x56eb055ff6b0 .functor AND 1, L_0x56eb056310a0, L_0x56eb055ff720, C4<1>, C4<1>;
v0x56eb055372f0_0 .net "A", 0 0, L_0x56eb056310a0;  alias, 1 drivers
v0x56eb055373b0_0 .net "B", 0 0, L_0x56eb055ff720;  1 drivers
v0x56eb05536090_0 .net "Y", 0 0, L_0x56eb055ff6b0;  alias, 1 drivers
S_0x56eb05464c60 .scope module, "_300_" "AND2_11_1" 5 759, 3 39 0, S_0x56eb054cfb00;
 .timescale 0 0;
    .port_info 0 /INPUT 1 "A";
    .port_info 1 /INPUT 1 "B";
    .port_info 2 /OUTPUT 1 "Y";
L_0x56eb055ff810 .functor OR 1, L_0x56eb055ff410, L_0x56eb055ff6b0, C4<0>, C4<0>;
v0x56eb05534e30_0 .net "A", 0 0, L_0x56eb055ff410;  alias, 1 drivers
v0x56eb05534ed0_0 .net "B", 0 0, L_0x56eb055ff6b0;  alias, 1 drivers
v0x56eb05533bd0_0 .net "Y", 0 0, L_0x56eb055ff810;  alias, 1 drivers
S_0x56eb05463e20 .scope module, "_301_" "AND2_00_0" 5 764, 3 3 0, S_0x56eb054cfb00;
 .timescale 0 0;
    .port_info 0 /INPUT 1 "A";
    .port_info 1 /INPUT 1 "B";
    .port_info 2 /OUTPUT 1 "Y";
L_0x56eb055ff9e0 .functor AND 1, L_0x56eb056315e0, L_0x56eb055ff810, C4<1>, C4<1>;
v0x56eb05533c90_0 .net "A", 0 0, L_0x56eb056315e0;  alias, 1 drivers
v0x56eb05532970_0 .net "B", 0 0, L_0x56eb055ff810;  alias, 1 drivers
v0x56eb05532a30_0 .net "Y", 0 0, L_0x56eb055ff9e0;  alias, 1 drivers
S_0x56eb05462e50 .scope module, "_302_" "AND2_01_0" 5 769, 3 12 0, S_0x56eb054cfb00;
 .timescale 0 0;
    .port_info 0 /INPUT 1 "A";
    .port_info 1 /INPUT 1 "B";
    .port_info 2 /OUTPUT 1 "Y";
L_0x56eb055ffb20 .functor NOT 1, L_0x56eb056315e0, C4<0>, C4<0>, C4<0>;
L_0x56eb055ffbb0 .functor AND 1, L_0x56eb055ffc40, L_0x56eb055ffb20, C4<1>, C4<1>;
v0x56eb05531710_0 .net "A", 0 0, L_0x56eb055ffc40;  1 drivers
v0x56eb05442550_0 .net "B", 0 0, L_0x56eb056315e0;  alias, 1 drivers
v0x56eb05442610_0 .net "Y", 0 0, L_0x56eb055ffbb0;  alias, 1 drivers
v0x56eb055304b0_0 .net *"_ivl_0", 0 0, L_0x56eb055ffb20;  1 drivers
S_0x56eb054619a0 .scope module, "_303_" "AND2_11_1" 5 774, 3 39 0, S_0x56eb054cfb00;
 .timescale 0 0;
    .port_info 0 /INPUT 1 "A";
    .port_info 1 /INPUT 1 "B";
    .port_info 2 /OUTPUT 1 "Y";
L_0x56eb055ffe60 .functor OR 1, L_0x56eb055ff9e0, L_0x56eb055ffbb0, C4<0>, C4<0>;
v0x56eb0552f250_0 .net "A", 0 0, L_0x56eb055ff9e0;  alias, 1 drivers
v0x56eb0552f2f0_0 .net "B", 0 0, L_0x56eb055ffbb0;  alias, 1 drivers
v0x56eb054590f0_0 .net "Y", 0 0, L_0x56eb055ffe60;  1 drivers
S_0x56eb05460b60 .scope module, "_304_" "AND2_01_0" 5 779, 3 12 0, S_0x56eb054cfb00;
 .timescale 0 0;
    .port_info 0 /INPUT 1 "A";
    .port_info 1 /INPUT 1 "B";
    .port_info 2 /OUTPUT 1 "Y";
L_0x56eb055ffff0 .functor NOT 1, L_0x56eb05630de0, C4<0>, C4<0>, C4<0>;
L_0x56eb05600060 .functor AND 1, L_0x56eb056000d0, L_0x56eb055ffff0, C4<1>, C4<1>;
v0x56eb054591b0_0 .net "A", 0 0, L_0x56eb056000d0;  1 drivers
v0x56eb0552dff0_0 .net "B", 0 0, L_0x56eb05630de0;  alias, 1 drivers
v0x56eb0552cd90_0 .net "Y", 0 0, L_0x56eb05600060;  alias, 1 drivers
v0x56eb0552ce30_0 .net *"_ivl_0", 0 0, L_0x56eb055ffff0;  1 drivers
S_0x56eb0545fb90 .scope module, "_305_" "AND2_00_0" 5 784, 3 3 0, S_0x56eb054cfb00;
 .timescale 0 0;
    .port_info 0 /INPUT 1 "A";
    .port_info 1 /INPUT 1 "B";
    .port_info 2 /OUTPUT 1 "Y";
L_0x56eb05600170 .functor AND 1, L_0x56eb056001e0, L_0x56eb05630de0, C4<1>, C4<1>;
v0x56eb0552bb30_0 .net "A", 0 0, L_0x56eb056001e0;  1 drivers
v0x56eb0552bbf0_0 .net "B", 0 0, L_0x56eb05630de0;  alias, 1 drivers
v0x56eb0552a8d0_0 .net "Y", 0 0, L_0x56eb05600170;  alias, 1 drivers
S_0x56eb0545e6e0 .scope module, "_306_" "AND2_11_1" 5 789, 3 39 0, S_0x56eb054cfb00;
 .timescale 0 0;
    .port_info 0 /INPUT 1 "A";
    .port_info 1 /INPUT 1 "B";
    .port_info 2 /OUTPUT 1 "Y";
L_0x56eb05600460 .functor OR 1, L_0x56eb05600060, L_0x56eb05600170, C4<0>, C4<0>;
v0x56eb05529670_0 .net "A", 0 0, L_0x56eb05600060;  alias, 1 drivers
v0x56eb05529730_0 .net "B", 0 0, L_0x56eb05600170;  alias, 1 drivers
v0x56eb05528410_0 .net "Y", 0 0, L_0x56eb05600460;  alias, 1 drivers
S_0x56eb0545d8a0 .scope module, "_307_" "AND2_00_0" 5 794, 3 3 0, S_0x56eb054cfb00;
 .timescale 0 0;
    .port_info 0 /INPUT 1 "A";
    .port_info 1 /INPUT 1 "B";
    .port_info 2 /OUTPUT 1 "Y";
L_0x56eb05600610 .functor AND 1, L_0x56eb056315e0, L_0x56eb05600460, C4<1>, C4<1>;
v0x56eb055271b0_0 .net "A", 0 0, L_0x56eb056315e0;  alias, 1 drivers
v0x56eb05527270_0 .net "B", 0 0, L_0x56eb05600460;  alias, 1 drivers
v0x56eb05525f50_0 .net "Y", 0 0, L_0x56eb05600610;  alias, 1 drivers
S_0x56eb0545c8d0 .scope module, "_308_" "AND2_01_0" 5 799, 3 12 0, S_0x56eb054cfb00;
 .timescale 0 0;
    .port_info 0 /INPUT 1 "A";
    .port_info 1 /INPUT 1 "B";
    .port_info 2 /OUTPUT 1 "Y";
L_0x56eb05600750 .functor NOT 1, L_0x56eb056315e0, C4<0>, C4<0>, C4<0>;
L_0x56eb056007e0 .functor AND 1, L_0x56eb05600870, L_0x56eb05600750, C4<1>, C4<1>;
v0x56eb05524cf0_0 .net "A", 0 0, L_0x56eb05600870;  1 drivers
v0x56eb05523a90_0 .net "B", 0 0, L_0x56eb056315e0;  alias, 1 drivers
v0x56eb05523b50_0 .net "Y", 0 0, L_0x56eb056007e0;  alias, 1 drivers
v0x56eb05522830_0 .net *"_ivl_0", 0 0, L_0x56eb05600750;  1 drivers
S_0x56eb0545b420 .scope module, "_309_" "AND2_11_1" 5 804, 3 39 0, S_0x56eb054cfb00;
 .timescale 0 0;
    .port_info 0 /INPUT 1 "A";
    .port_info 1 /INPUT 1 "B";
    .port_info 2 /OUTPUT 1 "Y";
L_0x56eb05600910 .functor OR 1, L_0x56eb05600610, L_0x56eb056007e0, C4<0>, C4<0>;
v0x56eb05521670_0 .net "A", 0 0, L_0x56eb05600610;  alias, 1 drivers
v0x56eb05521730_0 .net "B", 0 0, L_0x56eb056007e0;  alias, 1 drivers
v0x56eb055205a0_0 .net "Y", 0 0, L_0x56eb05600910;  1 drivers
S_0x56eb0545a5e0 .scope module, "_310_" "AND2_01_0" 5 809, 3 12 0, S_0x56eb054cfb00;
 .timescale 0 0;
    .port_info 0 /INPUT 1 "A";
    .port_info 1 /INPUT 1 "B";
    .port_info 2 /OUTPUT 1 "Y";
L_0x56eb05600aa0 .functor NOT 1, L_0x56eb05630de0, C4<0>, C4<0>, C4<0>;
L_0x56eb05600b30 .functor AND 1, L_0x56eb05600bc0, L_0x56eb05600aa0, C4<1>, C4<1>;
v0x56eb0551f4d0_0 .net "A", 0 0, L_0x56eb05600bc0;  1 drivers
v0x56eb0551c010_0 .net "B", 0 0, L_0x56eb05630de0;  alias, 1 drivers
v0x56eb0551adb0_0 .net "Y", 0 0, L_0x56eb05600b30;  alias, 1 drivers
v0x56eb0551ae50_0 .net *"_ivl_0", 0 0, L_0x56eb05600aa0;  1 drivers
S_0x56eb05457890 .scope module, "_311_" "AND2_00_0" 5 814, 3 3 0, S_0x56eb054cfb00;
 .timescale 0 0;
    .port_info 0 /INPUT 1 "A";
    .port_info 1 /INPUT 1 "B";
    .port_info 2 /OUTPUT 1 "Y";
L_0x56eb05600e00 .functor AND 1, L_0x56eb05630de0, L_0x56eb05600e70, C4<1>, C4<1>;
v0x56eb05519b50_0 .net "A", 0 0, L_0x56eb05630de0;  alias, 1 drivers
v0x56eb05519c10_0 .net "B", 0 0, L_0x56eb05600e70;  1 drivers
v0x56eb055188f0_0 .net "Y", 0 0, L_0x56eb05600e00;  alias, 1 drivers
S_0x56eb05456a50 .scope module, "_312_" "AND2_11_1" 5 819, 3 39 0, S_0x56eb054cfb00;
 .timescale 0 0;
    .port_info 0 /INPUT 1 "A";
    .port_info 1 /INPUT 1 "B";
    .port_info 2 /OUTPUT 1 "Y";
L_0x56eb05600f10 .functor OR 1, L_0x56eb05600b30, L_0x56eb05600e00, C4<0>, C4<0>;
v0x56eb05517690_0 .net "A", 0 0, L_0x56eb05600b30;  alias, 1 drivers
v0x56eb05517730_0 .net "B", 0 0, L_0x56eb05600e00;  alias, 1 drivers
v0x56eb05516430_0 .net "Y", 0 0, L_0x56eb05600f10;  alias, 1 drivers
S_0x56eb05455a80 .scope module, "_313_" "AND2_00_0" 5 824, 3 3 0, S_0x56eb054cfb00;
 .timescale 0 0;
    .port_info 0 /INPUT 1 "A";
    .port_info 1 /INPUT 1 "B";
    .port_info 2 /OUTPUT 1 "Y";
L_0x56eb056010e0 .functor AND 1, L_0x56eb056315e0, L_0x56eb05600f10, C4<1>, C4<1>;
v0x56eb055164f0_0 .net "A", 0 0, L_0x56eb056315e0;  alias, 1 drivers
v0x56eb055151d0_0 .net "B", 0 0, L_0x56eb05600f10;  alias, 1 drivers
v0x56eb05515290_0 .net "Y", 0 0, L_0x56eb056010e0;  alias, 1 drivers
S_0x56eb054545d0 .scope module, "_314_" "AND2_01_0" 5 829, 3 12 0, S_0x56eb054cfb00;
 .timescale 0 0;
    .port_info 0 /INPUT 1 "A";
    .port_info 1 /INPUT 1 "B";
    .port_info 2 /OUTPUT 1 "Y";
L_0x56eb05601220 .functor NOT 1, L_0x56eb056315e0, C4<0>, C4<0>, C4<0>;
L_0x56eb056012b0 .functor AND 1, L_0x56eb05601340, L_0x56eb05601220, C4<1>, C4<1>;
v0x56eb05513f70_0 .net "A", 0 0, L_0x56eb05601340;  1 drivers
v0x56eb05512d10_0 .net "B", 0 0, L_0x56eb056315e0;  alias, 1 drivers
v0x56eb05512dd0_0 .net "Y", 0 0, L_0x56eb056012b0;  alias, 1 drivers
v0x56eb05511ab0_0 .net *"_ivl_0", 0 0, L_0x56eb05601220;  1 drivers
S_0x56eb05453790 .scope module, "_315_" "AND2_11_1" 5 834, 3 39 0, S_0x56eb054cfb00;
 .timescale 0 0;
    .port_info 0 /INPUT 1 "A";
    .port_info 1 /INPUT 1 "B";
    .port_info 2 /OUTPUT 1 "Y";
L_0x56eb05601590 .functor OR 1, L_0x56eb056010e0, L_0x56eb056012b0, C4<0>, C4<0>;
v0x56eb05510850_0 .net "A", 0 0, L_0x56eb056010e0;  alias, 1 drivers
v0x56eb055108f0_0 .net "B", 0 0, L_0x56eb056012b0;  alias, 1 drivers
v0x56eb0550f5f0_0 .net "Y", 0 0, L_0x56eb05601590;  1 drivers
S_0x56eb05450a40 .scope module, "_316_" "AND2_01_0" 5 839, 3 12 0, S_0x56eb054cfb00;
 .timescale 0 0;
    .port_info 0 /INPUT 1 "A";
    .port_info 1 /INPUT 1 "B";
    .port_info 2 /OUTPUT 1 "Y";
L_0x56eb05601720 .functor NOT 1, L_0x56eb05630de0, C4<0>, C4<0>, C4<0>;
L_0x56eb056017b0 .functor AND 1, L_0x56eb05601870, L_0x56eb05601720, C4<1>, C4<1>;
v0x56eb0550f6b0_0 .net "A", 0 0, L_0x56eb05601870;  1 drivers
v0x56eb0550e390_0 .net "B", 0 0, L_0x56eb05630de0;  alias, 1 drivers
v0x56eb0550e450_0 .net "Y", 0 0, L_0x56eb056017b0;  alias, 1 drivers
v0x56eb0550d130_0 .net *"_ivl_0", 0 0, L_0x56eb05601720;  1 drivers
S_0x56eb0544f330 .scope module, "_317_" "AND2_00_0" 5 844, 3 3 0, S_0x56eb054cfb00;
 .timescale 0 0;
    .port_info 0 /INPUT 1 "A";
    .port_info 1 /INPUT 1 "B";
    .port_info 2 /OUTPUT 1 "Y";
L_0x56eb05601910 .functor AND 1, L_0x56eb05630de0, L_0x56eb056019a0, C4<1>, C4<1>;
v0x56eb0550bed0_0 .net "A", 0 0, L_0x56eb05630de0;  alias, 1 drivers
v0x56eb0550bf90_0 .net "B", 0 0, L_0x56eb056019a0;  1 drivers
v0x56eb0550ac70_0 .net "Y", 0 0, L_0x56eb05601910;  alias, 1 drivers
S_0x56eb0544a1e0 .scope module, "_318_" "AND2_11_1" 5 849, 3 39 0, S_0x56eb054cfb00;
 .timescale 0 0;
    .port_info 0 /INPUT 1 "A";
    .port_info 1 /INPUT 1 "B";
    .port_info 2 /OUTPUT 1 "Y";
L_0x56eb05601c00 .functor OR 1, L_0x56eb056017b0, L_0x56eb05601910, C4<0>, C4<0>;
v0x56eb05509a10_0 .net "A", 0 0, L_0x56eb056017b0;  alias, 1 drivers
v0x56eb05509ab0_0 .net "B", 0 0, L_0x56eb05601910;  alias, 1 drivers
v0x56eb055087b0_0 .net "Y", 0 0, L_0x56eb05601c00;  alias, 1 drivers
S_0x56eb054493a0 .scope module, "_319_" "AND2_00_0" 5 854, 3 3 0, S_0x56eb054cfb00;
 .timescale 0 0;
    .port_info 0 /INPUT 1 "A";
    .port_info 1 /INPUT 1 "B";
    .port_info 2 /OUTPUT 1 "Y";
L_0x56eb05601dd0 .functor AND 1, L_0x56eb056315e0, L_0x56eb05601c00, C4<1>, C4<1>;
v0x56eb05508870_0 .net "A", 0 0, L_0x56eb056315e0;  alias, 1 drivers
v0x56eb05507550_0 .net "B", 0 0, L_0x56eb05601c00;  alias, 1 drivers
v0x56eb05507610_0 .net "Y", 0 0, L_0x56eb05601dd0;  alias, 1 drivers
S_0x56eb054465f0 .scope module, "_320_" "AND2_01_0" 5 859, 3 12 0, S_0x56eb054cfb00;
 .timescale 0 0;
    .port_info 0 /INPUT 1 "A";
    .port_info 1 /INPUT 1 "B";
    .port_info 2 /OUTPUT 1 "Y";
L_0x56eb05601f10 .functor NOT 1, L_0x56eb056315e0, C4<0>, C4<0>, C4<0>;
L_0x56eb05601fa0 .functor AND 1, L_0x56eb05602030, L_0x56eb05601f10, C4<1>, C4<1>;
v0x56eb055062f0_0 .net "A", 0 0, L_0x56eb05602030;  1 drivers
v0x56eb055063b0_0 .net "B", 0 0, L_0x56eb056315e0;  alias, 1 drivers
v0x56eb05505090_0 .net "Y", 0 0, L_0x56eb05601fa0;  alias, 1 drivers
v0x56eb05505130_0 .net *"_ivl_0", 0 0, L_0x56eb05601f10;  1 drivers
S_0x56eb054457b0 .scope module, "_321_" "AND2_11_1" 5 864, 3 39 0, S_0x56eb054cfb00;
 .timescale 0 0;
    .port_info 0 /INPUT 1 "A";
    .port_info 1 /INPUT 1 "B";
    .port_info 2 /OUTPUT 1 "Y";
L_0x56eb056022e0 .functor OR 1, L_0x56eb05601dd0, L_0x56eb05601fa0, C4<0>, C4<0>;
v0x56eb05503e30_0 .net "A", 0 0, L_0x56eb05601dd0;  alias, 1 drivers
v0x56eb05503ef0_0 .net "B", 0 0, L_0x56eb05601fa0;  alias, 1 drivers
v0x56eb05502bd0_0 .net "Y", 0 0, L_0x56eb056022e0;  1 drivers
S_0x56eb054447e0 .scope module, "_322_" "AND2_01_0" 5 869, 3 12 0, S_0x56eb054cfb00;
 .timescale 0 0;
    .port_info 0 /INPUT 1 "A";
    .port_info 1 /INPUT 1 "B";
    .port_info 2 /OUTPUT 1 "Y";
L_0x56eb05602470 .functor NOT 1, L_0x56eb05630de0, C4<0>, C4<0>, C4<0>;
L_0x56eb05602500 .functor AND 1, L_0x56eb05602590, L_0x56eb05602470, C4<1>, C4<1>;
v0x56eb05501970_0 .net "A", 0 0, L_0x56eb05602590;  1 drivers
v0x56eb05500710_0 .net "B", 0 0, L_0x56eb05630de0;  alias, 1 drivers
v0x56eb055007d0_0 .net "Y", 0 0, L_0x56eb05602500;  alias, 1 drivers
v0x56eb054ff4b0_0 .net *"_ivl_0", 0 0, L_0x56eb05602470;  1 drivers
S_0x56eb054433c0 .scope module, "_323_" "AND2_00_0" 5 874, 3 3 0, S_0x56eb054cfb00;
 .timescale 0 0;
    .port_info 0 /INPUT 1 "A";
    .port_info 1 /INPUT 1 "B";
    .port_info 2 /OUTPUT 1 "Y";
L_0x56eb05602800 .functor AND 1, L_0x56eb05630de0, L_0x56eb05602870, C4<1>, C4<1>;
v0x56eb054fe2a0_0 .net "A", 0 0, L_0x56eb05630de0;  alias, 1 drivers
v0x56eb054fe340_0 .net "B", 0 0, L_0x56eb05602870;  1 drivers
v0x56eb054fd1d0_0 .net "Y", 0 0, L_0x56eb05602800;  alias, 1 drivers
S_0x56eb054415b0 .scope module, "_324_" "AND2_11_1" 5 879, 3 39 0, S_0x56eb054cfb00;
 .timescale 0 0;
    .port_info 0 /INPUT 1 "A";
    .port_info 1 /INPUT 1 "B";
    .port_info 2 /OUTPUT 1 "Y";
L_0x56eb05602b20 .functor OR 1, L_0x56eb05602500, L_0x56eb05602800, C4<0>, C4<0>;
v0x56eb054fc100_0 .net "A", 0 0, L_0x56eb05602500;  alias, 1 drivers
v0x56eb054fc1c0_0 .net "B", 0 0, L_0x56eb05602800;  alias, 1 drivers
v0x56eb054fb030_0 .net "Y", 0 0, L_0x56eb05602b20;  alias, 1 drivers
S_0x56eb05468dc0 .scope module, "_325_" "AND2_00_0" 5 884, 3 3 0, S_0x56eb054cfb00;
 .timescale 0 0;
    .port_info 0 /INPUT 1 "A";
    .port_info 1 /INPUT 1 "B";
    .port_info 2 /OUTPUT 1 "Y";
L_0x56eb05602cf0 .functor AND 1, L_0x56eb056315e0, L_0x56eb05602b20, C4<1>, C4<1>;
v0x56eb054fa000_0 .net "A", 0 0, L_0x56eb056315e0;  alias, 1 drivers
v0x56eb054fa0a0_0 .net "B", 0 0, L_0x56eb05602b20;  alias, 1 drivers
v0x56eb054522a0_0 .net "Y", 0 0, L_0x56eb05602cf0;  alias, 1 drivers
S_0x56eb055436a0 .scope module, "_326_" "AND2_01_0" 5 889, 3 12 0, S_0x56eb054cfb00;
 .timescale 0 0;
    .port_info 0 /INPUT 1 "A";
    .port_info 1 /INPUT 1 "B";
    .port_info 2 /OUTPUT 1 "Y";
L_0x56eb05602e30 .functor NOT 1, L_0x56eb056315e0, C4<0>, C4<0>, C4<0>;
L_0x56eb05602ec0 .functor AND 1, L_0x56eb05602f50, L_0x56eb05602e30, C4<1>, C4<1>;
v0x56eb05441ce0_0 .net "A", 0 0, L_0x56eb05602f50;  1 drivers
v0x56eb054ec730_0 .net "B", 0 0, L_0x56eb056315e0;  alias, 1 drivers
v0x56eb054ec7f0_0 .net "Y", 0 0, L_0x56eb05602ec0;  alias, 1 drivers
v0x56eb054e9c40_0 .net *"_ivl_0", 0 0, L_0x56eb05602e30;  1 drivers
S_0x56eb054b4a10 .scope module, "_327_" "AND2_11_1" 5 894, 3 39 0, S_0x56eb054cfb00;
 .timescale 0 0;
    .port_info 0 /INPUT 1 "A";
    .port_info 1 /INPUT 1 "B";
    .port_info 2 /OUTPUT 1 "Y";
L_0x56eb056031d0 .functor OR 1, L_0x56eb05602cf0, L_0x56eb05602ec0, C4<0>, C4<0>;
v0x56eb054e3580_0 .net "A", 0 0, L_0x56eb05602cf0;  alias, 1 drivers
v0x56eb054e2320_0 .net "B", 0 0, L_0x56eb05602ec0;  alias, 1 drivers
v0x56eb054e10c0_0 .net "Y", 0 0, L_0x56eb056031d0;  1 drivers
S_0x56eb054d9cf0 .scope module, "_328_" "AND2_00_0" 5 899, 3 3 0, S_0x56eb054cfb00;
 .timescale 0 0;
    .port_info 0 /INPUT 1 "A";
    .port_info 1 /INPUT 1 "B";
    .port_info 2 /OUTPUT 1 "Y";
L_0x56eb05603360 .functor AND 1, L_0x56eb056033f0, L_0x56eb055f9720, C4<1>, C4<1>;
v0x56eb054d9e80_0 .net "A", 0 0, L_0x56eb056033f0;  1 drivers
v0x56eb054dfe60_0 .net "B", 0 0, L_0x56eb055f9720;  alias, 1 drivers
v0x56eb054dff20_0 .net "Y", 0 0, L_0x56eb05603360;  alias, 1 drivers
S_0x56eb054d87d0 .scope module, "_329_" "AND2_00_0" 5 904, 3 3 0, S_0x56eb054cfb00;
 .timescale 0 0;
    .port_info 0 /INPUT 1 "A";
    .port_info 1 /INPUT 1 "B";
    .port_info 2 /OUTPUT 1 "Y";
L_0x56eb05603490 .functor AND 1, v0x56eb055f6bb0_0, L_0x56eb05603520, C4<1>, C4<1>;
v0x56eb054dec00_0 .net "A", 0 0, v0x56eb055f6bb0_0;  alias, 1 drivers
v0x56eb054decc0_0 .net "B", 0 0, L_0x56eb05603520;  1 drivers
v0x56eb054dd9a0_0 .net "Y", 0 0, L_0x56eb05603490;  alias, 1 drivers
S_0x56eb054b3750 .scope module, "_330_" "AND2_00_0" 5 909, 3 3 0, S_0x56eb054cfb00;
 .timescale 0 0;
    .port_info 0 /INPUT 1 "A";
    .port_info 1 /INPUT 1 "B";
    .port_info 2 /OUTPUT 1 "Y";
L_0x56eb056037b0 .functor AND 1, L_0x56eb05603840, L_0x56eb05603490, C4<1>, C4<1>;
v0x56eb054dc740_0 .net "A", 0 0, L_0x56eb05603840;  1 drivers
v0x56eb054db4b0_0 .net "B", 0 0, L_0x56eb05603490;  alias, 1 drivers
v0x56eb054d90a0_0 .net "Y", 0 0, L_0x56eb056037b0;  alias, 1 drivers
S_0x56eb054b2180 .scope module, "_331_" "AND2_00_0" 5 914, 3 3 0, S_0x56eb054cfb00;
 .timescale 0 0;
    .port_info 0 /INPUT 1 "A";
    .port_info 1 /INPUT 1 "B";
    .port_info 2 /OUTPUT 1 "Y";
L_0x56eb056038e0 .functor AND 1, L_0x56eb05603970, L_0x56eb05603490, C4<1>, C4<1>;
v0x56eb054b2360_0 .net "A", 0 0, L_0x56eb05603970;  1 drivers
v0x56eb054d3a80_0 .net "B", 0 0, L_0x56eb05603490;  alias, 1 drivers
v0x56eb054d36a0_0 .net "Y", 0 0, L_0x56eb056038e0;  alias, 1 drivers
S_0x56eb054b18b0 .scope module, "_332_" "AND2_00_0" 5 919, 3 3 0, S_0x56eb054cfb00;
 .timescale 0 0;
    .port_info 0 /INPUT 1 "A";
    .port_info 1 /INPUT 1 "B";
    .port_info 2 /OUTPUT 1 "Y";
L_0x56eb05603c60 .functor AND 1, L_0x56eb05603cf0, L_0x56eb05603490, C4<1>, C4<1>;
v0x56eb054b1a90_0 .net "A", 0 0, L_0x56eb05603cf0;  1 drivers
v0x56eb054d19a0_0 .net "B", 0 0, L_0x56eb05603490;  alias, 1 drivers
v0x56eb054d1a60_0 .net "Y", 0 0, L_0x56eb05603c60;  alias, 1 drivers
S_0x56eb054b0490 .scope module, "_333_" "AND2_01_0" 5 924, 3 12 0, S_0x56eb054cfb00;
 .timescale 0 0;
    .port_info 0 /INPUT 1 "A";
    .port_info 1 /INPUT 1 "B";
    .port_info 2 /OUTPUT 1 "Y";
L_0x56eb05603de0 .functor NOT 1, L_0x56eb05630de0, C4<0>, C4<0>, C4<0>;
L_0x56eb05603e70 .functor AND 1, L_0x56eb05603f80, L_0x56eb05603de0, C4<1>, C4<1>;
v0x56eb054d15c0_0 .net "A", 0 0, L_0x56eb05603f80;  1 drivers
v0x56eb0544e6e0_0 .net "B", 0 0, L_0x56eb05630de0;  alias, 1 drivers
v0x56eb0544e7a0_0 .net "Y", 0 0, L_0x56eb05603e70;  alias, 1 drivers
v0x56eb054cf720_0 .net *"_ivl_0", 0 0, L_0x56eb05603de0;  1 drivers
S_0x56eb054ae5f0 .scope module, "_334_" "AND2_00_0" 5 929, 3 3 0, S_0x56eb054cfb00;
 .timescale 0 0;
    .port_info 0 /INPUT 1 "A";
    .port_info 1 /INPUT 1 "B";
    .port_info 2 /OUTPUT 1 "Y";
L_0x56eb05604280 .functor AND 1, L_0x56eb05630de0, L_0x56eb056042f0, C4<1>, C4<1>;
v0x56eb054cea40_0 .net "A", 0 0, L_0x56eb05630de0;  alias, 1 drivers
v0x56eb054ceae0_0 .net "B", 0 0, L_0x56eb056042f0;  1 drivers
v0x56eb054cd1a0_0 .net "Y", 0 0, L_0x56eb05604280;  alias, 1 drivers
S_0x56eb054ad0d0 .scope module, "_335_" "AND2_11_1" 5 934, 3 39 0, S_0x56eb054cfb00;
 .timescale 0 0;
    .port_info 0 /INPUT 1 "A";
    .port_info 1 /INPUT 1 "B";
    .port_info 2 /OUTPUT 1 "Y";
L_0x56eb056043e0 .functor OR 1, L_0x56eb05603e70, L_0x56eb05604280, C4<0>, C4<0>;
v0x56eb054cc4c0_0 .net "A", 0 0, L_0x56eb05603e70;  alias, 1 drivers
v0x56eb054cac20_0 .net "B", 0 0, L_0x56eb05604280;  alias, 1 drivers
v0x56eb054c9fa0_0 .net "Y", 0 0, L_0x56eb056043e0;  alias, 1 drivers
S_0x56eb054ac800 .scope module, "_336_" "AND2_00_0" 5 939, 3 3 0, S_0x56eb054cfb00;
 .timescale 0 0;
    .port_info 0 /INPUT 1 "A";
    .port_info 1 /INPUT 1 "B";
    .port_info 2 /OUTPUT 1 "Y";
L_0x56eb05604520 .functor AND 1, L_0x56eb056315e0, L_0x56eb056043e0, C4<1>, C4<1>;
v0x56eb054ac9e0_0 .net "A", 0 0, L_0x56eb056315e0;  alias, 1 drivers
v0x56eb054c9bc0_0 .net "B", 0 0, L_0x56eb056043e0;  alias, 1 drivers
v0x56eb054c8380_0 .net "Y", 0 0, L_0x56eb05604520;  alias, 1 drivers
S_0x56eb054abf30 .scope module, "_337_" "AND2_01_0" 5 944, 3 12 0, S_0x56eb054cfb00;
 .timescale 0 0;
    .port_info 0 /INPUT 1 "A";
    .port_info 1 /INPUT 1 "B";
    .port_info 2 /OUTPUT 1 "Y";
L_0x56eb05604660 .functor NOT 1, L_0x56eb056315e0, C4<0>, C4<0>, C4<0>;
L_0x56eb056046f0 .functor AND 1, L_0x56eb05604780, L_0x56eb05604660, C4<1>, C4<1>;
v0x56eb054ac110_0 .net "A", 0 0, L_0x56eb05604780;  1 drivers
v0x56eb054c7fa0_0 .net "B", 0 0, L_0x56eb056315e0;  alias, 1 drivers
v0x56eb054c8060_0 .net "Y", 0 0, L_0x56eb056046f0;  alias, 1 drivers
v0x56eb054c7320_0 .net *"_ivl_0", 0 0, L_0x56eb05604660;  1 drivers
S_0x56eb054ab660 .scope module, "_338_" "AND2_11_1" 5 949, 3 39 0, S_0x56eb054cfb00;
 .timescale 0 0;
    .port_info 0 /INPUT 1 "A";
    .port_info 1 /INPUT 1 "B";
    .port_info 2 /OUTPUT 1 "Y";
L_0x56eb05604a40 .functor OR 1, L_0x56eb05604520, L_0x56eb056046f0, C4<0>, C4<0>;
v0x56eb054c6f40_0 .net "A", 0 0, L_0x56eb05604520;  alias, 1 drivers
v0x56eb054c5a20_0 .net "B", 0 0, L_0x56eb056046f0;  alias, 1 drivers
v0x56eb054c4d40_0 .net "Y", 0 0, L_0x56eb05604a40;  1 drivers
S_0x56eb054aad90 .scope module, "_339_" "AND2_00_0" 5 954, 3 3 0, S_0x56eb054cfb00;
 .timescale 0 0;
    .port_info 0 /INPUT 1 "A";
    .port_info 1 /INPUT 1 "B";
    .port_info 2 /OUTPUT 1 "Y";
L_0x56eb05604bd0 .functor AND 1, L_0x56eb05604c60, L_0x56eb05603490, C4<1>, C4<1>;
v0x56eb054aaf70_0 .net "A", 0 0, L_0x56eb05604c60;  1 drivers
v0x56eb054c34a0_0 .net "B", 0 0, L_0x56eb05603490;  alias, 1 drivers
v0x56eb054c3560_0 .net "Y", 0 0, L_0x56eb05604bd0;  alias, 1 drivers
S_0x56eb054aa4c0 .scope module, "_340_" "AND2_00_0" 5 959, 3 3 0, S_0x56eb054cfb00;
 .timescale 0 0;
    .port_info 0 /INPUT 1 "A";
    .port_info 1 /INPUT 1 "B";
    .port_info 2 /OUTPUT 1 "Y";
L_0x56eb05604d00 .functor AND 1, L_0x56eb05604d90, L_0x56eb05603490, C4<1>, C4<1>;
v0x56eb054aa6a0_0 .net "A", 0 0, L_0x56eb05604d90;  1 drivers
v0x56eb054c27c0_0 .net "B", 0 0, L_0x56eb05603490;  alias, 1 drivers
v0x56eb054c2860_0 .net "Y", 0 0, L_0x56eb05604d00;  alias, 1 drivers
S_0x56eb054a9bf0 .scope module, "_341_" "AND2_01_0" 5 964, 3 12 0, S_0x56eb054cfb00;
 .timescale 0 0;
    .port_info 0 /INPUT 1 "A";
    .port_info 1 /INPUT 1 "B";
    .port_info 2 /OUTPUT 1 "Y";
L_0x56eb05605060 .functor NOT 1, L_0x56eb05630de0, C4<0>, C4<0>, C4<0>;
L_0x56eb056050f0 .functor AND 1, L_0x56eb056051b0, L_0x56eb05605060, C4<1>, C4<1>;
v0x56eb054c17c0_0 .net "A", 0 0, L_0x56eb056051b0;  1 drivers
v0x56eb054c13e0_0 .net "B", 0 0, L_0x56eb05630de0;  alias, 1 drivers
v0x56eb054c14a0_0 .net "Y", 0 0, L_0x56eb056050f0;  alias, 1 drivers
v0x56eb054c0760_0 .net *"_ivl_0", 0 0, L_0x56eb05605060;  1 drivers
S_0x56eb054a8b50 .scope module, "_342_" "AND2_00_0" 5 969, 3 3 0, S_0x56eb054cfb00;
 .timescale 0 0;
    .port_info 0 /INPUT 1 "A";
    .port_info 1 /INPUT 1 "B";
    .port_info 2 /OUTPUT 1 "Y";
L_0x56eb056052a0 .functor AND 1, L_0x56eb05630de0, L_0x56eb05605310, C4<1>, C4<1>;
v0x56eb054a8d30_0 .net "A", 0 0, L_0x56eb05630de0;  alias, 1 drivers
v0x56eb054c0380_0 .net "B", 0 0, L_0x56eb05605310;  1 drivers
v0x56eb054c0440_0 .net "Y", 0 0, L_0x56eb056052a0;  alias, 1 drivers
S_0x56eb054a6cb0 .scope module, "_343_" "AND2_11_1" 5 974, 3 39 0, S_0x56eb054cfb00;
 .timescale 0 0;
    .port_info 0 /INPUT 1 "A";
    .port_info 1 /INPUT 1 "B";
    .port_info 2 /OUTPUT 1 "Y";
L_0x56eb05605640 .functor OR 1, L_0x56eb056050f0, L_0x56eb056052a0, C4<0>, C4<0>;
v0x56eb054bf700_0 .net "A", 0 0, L_0x56eb056050f0;  alias, 1 drivers
v0x56eb054bf320_0 .net "B", 0 0, L_0x56eb056052a0;  alias, 1 drivers
v0x56eb054be6a0_0 .net "Y", 0 0, L_0x56eb05605640;  alias, 1 drivers
S_0x56eb054a5890 .scope module, "_344_" "AND2_00_0" 5 979, 3 3 0, S_0x56eb054cfb00;
 .timescale 0 0;
    .port_info 0 /INPUT 1 "A";
    .port_info 1 /INPUT 1 "B";
    .port_info 2 /OUTPUT 1 "Y";
L_0x56eb05605810 .functor AND 1, L_0x56eb056315e0, L_0x56eb05605640, C4<1>, C4<1>;
v0x56eb054a5a70_0 .net "A", 0 0, L_0x56eb056315e0;  alias, 1 drivers
v0x56eb054be2c0_0 .net "B", 0 0, L_0x56eb05605640;  alias, 1 drivers
v0x56eb054bc5c0_0 .net "Y", 0 0, L_0x56eb05605810;  alias, 1 drivers
S_0x56eb054a39f0 .scope module, "_345_" "AND2_01_0" 5 984, 3 12 0, S_0x56eb054cfb00;
 .timescale 0 0;
    .port_info 0 /INPUT 1 "A";
    .port_info 1 /INPUT 1 "B";
    .port_info 2 /OUTPUT 1 "Y";
L_0x56eb05605950 .functor NOT 1, L_0x56eb056315e0, C4<0>, C4<0>, C4<0>;
L_0x56eb056059e0 .functor AND 1, L_0x56eb05605a70, L_0x56eb05605950, C4<1>, C4<1>;
v0x56eb054a3bd0_0 .net "A", 0 0, L_0x56eb05605a70;  1 drivers
v0x56eb054bc1e0_0 .net "B", 0 0, L_0x56eb056315e0;  alias, 1 drivers
v0x56eb054bc2a0_0 .net "Y", 0 0, L_0x56eb056059e0;  alias, 1 drivers
v0x56eb054bb560_0 .net *"_ivl_0", 0 0, L_0x56eb05605950;  1 drivers
S_0x56eb054a25d0 .scope module, "_346_" "AND2_11_1" 5 989, 3 39 0, S_0x56eb054cfb00;
 .timescale 0 0;
    .port_info 0 /INPUT 1 "A";
    .port_info 1 /INPUT 1 "B";
    .port_info 2 /OUTPUT 1 "Y";
L_0x56eb05605b10 .functor OR 1, L_0x56eb05605810, L_0x56eb056059e0, C4<0>, C4<0>;
v0x56eb054bb180_0 .net "A", 0 0, L_0x56eb05605810;  alias, 1 drivers
v0x56eb054b9940_0 .net "B", 0 0, L_0x56eb056059e0;  alias, 1 drivers
v0x56eb054b9560_0 .net "Y", 0 0, L_0x56eb05605b10;  1 drivers
S_0x56eb054a0730 .scope module, "_347_" "AND2_00_0" 5 994, 3 3 0, S_0x56eb054cfb00;
 .timescale 0 0;
    .port_info 0 /INPUT 1 "A";
    .port_info 1 /INPUT 1 "B";
    .port_info 2 /OUTPUT 1 "Y";
L_0x56eb05605ca0 .functor AND 1, L_0x56eb05605d30, L_0x56eb05603490, C4<1>, C4<1>;
v0x56eb054a08c0_0 .net "A", 0 0, L_0x56eb05605d30;  1 drivers
v0x56eb054b88e0_0 .net "B", 0 0, L_0x56eb05603490;  alias, 1 drivers
v0x56eb054b89a0_0 .net "Y", 0 0, L_0x56eb05605ca0;  alias, 1 drivers
S_0x56eb0549f310 .scope module, "_348_" "AND2_00_0" 5 999, 3 3 0, S_0x56eb054cfb00;
 .timescale 0 0;
    .port_info 0 /INPUT 1 "A";
    .port_info 1 /INPUT 1 "B";
    .port_info 2 /OUTPUT 1 "Y";
L_0x56eb05606020 .functor AND 1, L_0x56eb056060b0, L_0x56eb05603490, C4<1>, C4<1>;
v0x56eb054b8500_0 .net "A", 0 0, L_0x56eb056060b0;  1 drivers
v0x56eb0544c370_0 .net "B", 0 0, L_0x56eb05603490;  alias, 1 drivers
v0x56eb0544c430_0 .net "Y", 0 0, L_0x56eb05606020;  alias, 1 drivers
S_0x56eb0549d470 .scope module, "_349_" "AND2_00_0" 5 1004, 3 3 0, S_0x56eb054cfb00;
 .timescale 0 0;
    .port_info 0 /INPUT 1 "A";
    .port_info 1 /INPUT 1 "B";
    .port_info 2 /OUTPUT 1 "Y";
L_0x56eb05606150 .functor AND 1, L_0x56eb056061e0, L_0x56eb05603490, C4<1>, C4<1>;
v0x56eb054b7080_0 .net "A", 0 0, L_0x56eb056061e0;  1 drivers
v0x56eb054b7140_0 .net "B", 0 0, L_0x56eb05603490;  alias, 1 drivers
v0x56eb054b6200_0 .net "Y", 0 0, L_0x56eb05606150;  alias, 1 drivers
S_0x56eb0549c050 .scope module, "_350_" "AND2_01_0" 5 1009, 3 12 0, S_0x56eb054cfb00;
 .timescale 0 0;
    .port_info 0 /INPUT 1 "A";
    .port_info 1 /INPUT 1 "B";
    .port_info 2 /OUTPUT 1 "Y";
L_0x56eb05557cc0 .functor NOT 1, L_0x56eb05630de0, C4<0>, C4<0>, C4<0>;
L_0x56eb05557d50 .functor AND 1, L_0x56eb05606790, L_0x56eb05557cc0, C4<1>, C4<1>;
v0x56eb0549c230_0 .net "A", 0 0, L_0x56eb05606790;  1 drivers
v0x56eb054b4e20_0 .net "B", 0 0, L_0x56eb05630de0;  alias, 1 drivers
v0x56eb054b4ec0_0 .net "Y", 0 0, L_0x56eb05557d50;  alias, 1 drivers
v0x56eb0544ba40_0 .net *"_ivl_0", 0 0, L_0x56eb05557cc0;  1 drivers
S_0x56eb0549a1b0 .scope module, "_351_" "AND2_00_0" 5 1014, 3 3 0, S_0x56eb054cfb00;
 .timescale 0 0;
    .port_info 0 /INPUT 1 "A";
    .port_info 1 /INPUT 1 "B";
    .port_info 2 /OUTPUT 1 "Y";
L_0x56eb05606880 .functor AND 1, L_0x56eb05630de0, L_0x56eb056068f0, C4<1>, C4<1>;
v0x56eb054ad9a0_0 .net "A", 0 0, L_0x56eb05630de0;  alias, 1 drivers
v0x56eb054ada40_0 .net "B", 0 0, L_0x56eb056068f0;  1 drivers
v0x56eb05492fb0_0 .net "Y", 0 0, L_0x56eb05606880;  alias, 1 drivers
S_0x56eb05498d90 .scope module, "_352_" "AND2_11_1" 5 1019, 3 39 0, S_0x56eb054cfb00;
 .timescale 0 0;
    .port_info 0 /INPUT 1 "A";
    .port_info 1 /INPUT 1 "B";
    .port_info 2 /OUTPUT 1 "Y";
L_0x56eb05606c50 .functor OR 1, L_0x56eb05557d50, L_0x56eb05606880, C4<0>, C4<0>;
v0x56eb05447e50_0 .net "A", 0 0, L_0x56eb05557d50;  alias, 1 drivers
v0x56eb0548b890_0 .net "B", 0 0, L_0x56eb05606880;  alias, 1 drivers
v0x56eb05484a40_0 .net "Y", 0 0, L_0x56eb05606c50;  alias, 1 drivers
S_0x56eb05496ef0 .scope module, "_353_" "AND2_00_0" 5 1024, 3 3 0, S_0x56eb054cfb00;
 .timescale 0 0;
    .port_info 0 /INPUT 1 "A";
    .port_info 1 /INPUT 1 "B";
    .port_info 2 /OUTPUT 1 "Y";
L_0x56eb05606e20 .functor AND 1, L_0x56eb056315e0, L_0x56eb05606c50, C4<1>, C4<1>;
v0x56eb054970d0_0 .net "A", 0 0, L_0x56eb056315e0;  alias, 1 drivers
v0x56eb0547fd10_0 .net "B", 0 0, L_0x56eb05606c50;  alias, 1 drivers
v0x56eb0547b8b0_0 .net "Y", 0 0, L_0x56eb05606e20;  alias, 1 drivers
S_0x56eb05495ad0 .scope module, "_354_" "AND2_01_0" 5 1029, 3 12 0, S_0x56eb054cfb00;
 .timescale 0 0;
    .port_info 0 /INPUT 1 "A";
    .port_info 1 /INPUT 1 "B";
    .port_info 2 /OUTPUT 1 "Y";
L_0x56eb05606f60 .functor NOT 1, L_0x56eb056315e0, C4<0>, C4<0>, C4<0>;
L_0x56eb05606ff0 .functor AND 1, L_0x56eb05607080, L_0x56eb05606f60, C4<1>, C4<1>;
v0x56eb05495cb0_0 .net "A", 0 0, L_0x56eb05607080;  1 drivers
v0x56eb054408f0_0 .net "B", 0 0, L_0x56eb056315e0;  alias, 1 drivers
v0x56eb054409b0_0 .net "Y", 0 0, L_0x56eb05606ff0;  alias, 1 drivers
v0x56eb0544c500_0 .net *"_ivl_0", 0 0, L_0x56eb05606f60;  1 drivers
S_0x56eb05493c30 .scope module, "_355_" "AND2_11_1" 5 1034, 3 39 0, S_0x56eb054cfb00;
 .timescale 0 0;
    .port_info 0 /INPUT 1 "A";
    .port_info 1 /INPUT 1 "B";
    .port_info 2 /OUTPUT 1 "Y";
L_0x56eb05607120 .functor OR 1, L_0x56eb05606e20, L_0x56eb05606ff0, C4<0>, C4<0>;
v0x56eb05440a80_0 .net "A", 0 0, L_0x56eb05606e20;  alias, 1 drivers
v0x56eb054758f0_0 .net "B", 0 0, L_0x56eb05606ff0;  alias, 1 drivers
v0x56eb054759c0_0 .net "Y", 0 0, L_0x56eb05607120;  1 drivers
S_0x56eb05491670 .scope module, "_356_" "AND2_01_0" 5 1039, 3 12 0, S_0x56eb054cfb00;
 .timescale 0 0;
    .port_info 0 /INPUT 1 "A";
    .port_info 1 /INPUT 1 "B";
    .port_info 2 /OUTPUT 1 "Y";
L_0x56eb056072b0 .functor NOT 1, L_0x56eb05630de0, C4<0>, C4<0>, C4<0>;
L_0x56eb05607340 .functor AND 1, L_0x56eb05607400, L_0x56eb056072b0, C4<1>, C4<1>;
v0x56eb054f64a0_0 .net "A", 0 0, L_0x56eb05607400;  1 drivers
v0x56eb054f6580_0 .net "B", 0 0, L_0x56eb05630de0;  alias, 1 drivers
v0x56eb05440f70_0 .net "Y", 0 0, L_0x56eb05607340;  alias, 1 drivers
v0x56eb05441040_0 .net *"_ivl_0", 0 0, L_0x56eb056072b0;  1 drivers
S_0x56eb0548f7d0 .scope module, "_357_" "AND2_00_0" 5 1044, 3 3 0, S_0x56eb054cfb00;
 .timescale 0 0;
    .port_info 0 /INPUT 1 "A";
    .port_info 1 /INPUT 1 "B";
    .port_info 2 /OUTPUT 1 "Y";
L_0x56eb05607720 .functor AND 1, L_0x56eb05630de0, L_0x56eb05607790, C4<1>, C4<1>;
v0x56eb05478bb0_0 .net "A", 0 0, L_0x56eb05630de0;  alias, 1 drivers
v0x56eb05478c50_0 .net "B", 0 0, L_0x56eb05607790;  1 drivers
v0x56eb054d9550_0 .net "Y", 0 0, L_0x56eb05607720;  alias, 1 drivers
S_0x56eb0548e3b0 .scope module, "_358_" "AND2_11_1" 5 1049, 3 39 0, S_0x56eb054cfb00;
 .timescale 0 0;
    .port_info 0 /INPUT 1 "A";
    .port_info 1 /INPUT 1 "B";
    .port_info 2 /OUTPUT 1 "Y";
L_0x56eb05607830 .functor OR 1, L_0x56eb05607340, L_0x56eb05607720, C4<0>, C4<0>;
v0x56eb054ca480_0 .net "A", 0 0, L_0x56eb05607340;  alias, 1 drivers
v0x56eb054c7800_0 .net "B", 0 0, L_0x56eb05607720;  alias, 1 drivers
v0x56eb054c78d0_0 .net "Y", 0 0, L_0x56eb05607830;  alias, 1 drivers
S_0x56eb0548cde0 .scope module, "_359_" "AND2_00_0" 5 1054, 3 3 0, S_0x56eb054cfb00;
 .timescale 0 0;
    .port_info 0 /INPUT 1 "A";
    .port_info 1 /INPUT 1 "B";
    .port_info 2 /OUTPUT 1 "Y";
L_0x56eb05607a00 .functor AND 1, L_0x56eb056315e0, L_0x56eb05607830, C4<1>, C4<1>;
v0x56eb054c0c40_0 .net "A", 0 0, L_0x56eb056315e0;  alias, 1 drivers
v0x56eb054c0d00_0 .net "B", 0 0, L_0x56eb05607830;  alias, 1 drivers
v0x56eb054bfbe0_0 .net "Y", 0 0, L_0x56eb05607a00;  alias, 1 drivers
S_0x56eb0548a7f0 .scope module, "_360_" "AND2_01_0" 5 1059, 3 12 0, S_0x56eb054cfb00;
 .timescale 0 0;
    .port_info 0 /INPUT 1 "A";
    .port_info 1 /INPUT 1 "B";
    .port_info 2 /OUTPUT 1 "Y";
L_0x56eb05607b40 .functor NOT 1, L_0x56eb056315e0, C4<0>, C4<0>, C4<0>;
L_0x56eb05607bd0 .functor AND 1, L_0x56eb05607c60, L_0x56eb05607b40, C4<1>, C4<1>;
v0x56eb0548a9d0_0 .net "A", 0 0, L_0x56eb05607c60;  1 drivers
v0x56eb054beb80_0 .net "B", 0 0, L_0x56eb056315e0;  alias, 1 drivers
v0x56eb054bec40_0 .net "Y", 0 0, L_0x56eb05607bd0;  alias, 1 drivers
v0x56eb054bba40_0 .net *"_ivl_0", 0 0, L_0x56eb05607b40;  1 drivers
S_0x56eb05488950 .scope module, "_361_" "AND2_11_1" 5 1064, 3 39 0, S_0x56eb054cfb00;
 .timescale 0 0;
    .port_info 0 /INPUT 1 "A";
    .port_info 1 /INPUT 1 "B";
    .port_info 2 /OUTPUT 1 "Y";
L_0x56eb05607f90 .functor OR 1, L_0x56eb05607a00, L_0x56eb05607bd0, C4<0>, C4<0>;
v0x56eb054b8dc0_0 .net "A", 0 0, L_0x56eb05607a00;  alias, 1 drivers
v0x56eb054b6a20_0 .net "B", 0 0, L_0x56eb05607bd0;  alias, 1 drivers
v0x56eb054b6af0_0 .net "Y", 0 0, L_0x56eb05607f90;  1 drivers
S_0x56eb05487530 .scope module, "_362_" "AND2_00_0" 5 1069, 3 3 0, S_0x56eb054cfb00;
 .timescale 0 0;
    .port_info 0 /INPUT 1 "A";
    .port_info 1 /INPUT 1 "B";
    .port_info 2 /OUTPUT 1 "Y";
L_0x56eb05608120 .functor AND 1, L_0x56eb056081b0, L_0x56eb055f9720, C4<1>, C4<1>;
v0x56eb054ade50_0 .net "A", 0 0, L_0x56eb056081b0;  1 drivers
v0x56eb054adf10_0 .net "B", 0 0, L_0x56eb055f9720;  alias, 1 drivers
v0x56eb0548bd40_0 .net "Y", 0 0, L_0x56eb05608120;  alias, 1 drivers
S_0x56eb05485690 .scope module, "_363_" "AND2_01_0" 5 1074, 3 12 0, S_0x56eb054cfb00;
 .timescale 0 0;
    .port_info 0 /INPUT 1 "A";
    .port_info 1 /INPUT 1 "B";
    .port_info 2 /OUTPUT 1 "Y";
L_0x56eb05608250 .functor NOT 1, L_0x56eb05630b20, C4<0>, C4<0>, C4<0>;
L_0x56eb056082e0 .functor AND 1, L_0x56eb056083a0, L_0x56eb05608250, C4<1>, C4<1>;
v0x56eb05485870_0 .net "A", 0 0, L_0x56eb056083a0;  1 drivers
v0x56eb05484ef0_0 .net "B", 0 0, L_0x56eb05630b20;  alias, 1 drivers
v0x56eb05484fb0_0 .net "Y", 0 0, L_0x56eb056082e0;  alias, 1 drivers
v0x56eb054801c0_0 .net *"_ivl_0", 0 0, L_0x56eb05608250;  1 drivers
S_0x56eb05484170 .scope module, "_364_" "AND2_00_0" 5 1079, 3 3 0, S_0x56eb054cfb00;
 .timescale 0 0;
    .port_info 0 /INPUT 1 "A";
    .port_info 1 /INPUT 1 "B";
    .port_info 2 /OUTPUT 1 "Y";
L_0x56eb056086e0 .functor AND 1, L_0x56eb05608750, L_0x56eb05630b20, C4<1>, C4<1>;
v0x56eb0547bd60_0 .net "A", 0 0, L_0x56eb05608750;  1 drivers
v0x56eb0547be40_0 .net "B", 0 0, L_0x56eb05630b20;  alias, 1 drivers
v0x56eb054595a0_0 .net "Y", 0 0, L_0x56eb056086e0;  alias, 1 drivers
S_0x56eb054838a0 .scope module, "_365_" "AND2_11_1" 5 1084, 3 39 0, S_0x56eb054cfb00;
 .timescale 0 0;
    .port_info 0 /INPUT 1 "A";
    .port_info 1 /INPUT 1 "B";
    .port_info 2 /OUTPUT 1 "Y";
L_0x56eb05608840 .functor OR 1, L_0x56eb056082e0, L_0x56eb056086e0, C4<0>, C4<0>;
v0x56eb05452750_0 .net "A", 0 0, L_0x56eb056082e0;  alias, 1 drivers
v0x56eb0544eb90_0 .net "B", 0 0, L_0x56eb056086e0;  alias, 1 drivers
v0x56eb0544ec60_0 .net "Y", 0 0, L_0x56eb05608840;  alias, 1 drivers
S_0x56eb05482800 .scope module, "_366_" "AND2_00_0" 5 1089, 3 3 0, S_0x56eb054cfb00;
 .timescale 0 0;
    .port_info 0 /INPUT 1 "A";
    .port_info 1 /INPUT 1 "B";
    .port_info 2 /OUTPUT 1 "Y";
L_0x56eb05608a10 .functor AND 1, L_0x56eb056315e0, L_0x56eb05608840, C4<1>, C4<1>;
v0x56eb05448360_0 .net "A", 0 0, L_0x56eb056315e0;  alias, 1 drivers
v0x56eb05448420_0 .net "B", 0 0, L_0x56eb05608840;  alias, 1 drivers
v0x56eb05480960_0 .net "Y", 0 0, L_0x56eb05608a10;  alias, 1 drivers
S_0x56eb05480a70 .scope module, "_367_" "AND2_01_0" 5 1094, 3 12 0, S_0x56eb054cfb00;
 .timescale 0 0;
    .port_info 0 /INPUT 1 "A";
    .port_info 1 /INPUT 1 "B";
    .port_info 2 /OUTPUT 1 "Y";
L_0x56eb05608b50 .functor NOT 1, L_0x56eb056315e0, C4<0>, C4<0>, C4<0>;
L_0x56eb05608be0 .functor AND 1, L_0x56eb05608c70, L_0x56eb05608b50, C4<1>, C4<1>;
v0x56eb0547f440_0 .net "A", 0 0, L_0x56eb05608c70;  1 drivers
v0x56eb0547f500_0 .net "B", 0 0, L_0x56eb056315e0;  alias, 1 drivers
v0x56eb0547f5c0_0 .net "Y", 0 0, L_0x56eb05608be0;  alias, 1 drivers
v0x56eb0547f660_0 .net *"_ivl_0", 0 0, L_0x56eb05608b50;  1 drivers
S_0x56eb0547e3a0 .scope module, "_368_" "AND2_11_1" 5 1099, 3 39 0, S_0x56eb054cfb00;
 .timescale 0 0;
    .port_info 0 /INPUT 1 "A";
    .port_info 1 /INPUT 1 "B";
    .port_info 2 /OUTPUT 1 "Y";
L_0x56eb05608fc0 .functor OR 1, L_0x56eb05608a10, L_0x56eb05608be0, C4<0>, C4<0>;
v0x56eb0547c500_0 .net "A", 0 0, L_0x56eb05608a10;  alias, 1 drivers
v0x56eb0547c5f0_0 .net "B", 0 0, L_0x56eb05608be0;  alias, 1 drivers
v0x56eb0547c6c0_0 .net "Y", 0 0, L_0x56eb05608fc0;  1 drivers
S_0x56eb0547afe0 .scope module, "_369_" "AND2_01_0" 5 1104, 3 12 0, S_0x56eb054cfb00;
 .timescale 0 0;
    .port_info 0 /INPUT 1 "A";
    .port_info 1 /INPUT 1 "B";
    .port_info 2 /OUTPUT 1 "Y";
L_0x56eb05609150 .functor NOT 1, L_0x56eb05630b20, C4<0>, C4<0>, C4<0>;
L_0x56eb056091e0 .functor AND 1, L_0x56eb056092a0, L_0x56eb05609150, C4<1>, C4<1>;
v0x56eb0547a710_0 .net "A", 0 0, L_0x56eb056092a0;  1 drivers
v0x56eb0547a7f0_0 .net "B", 0 0, L_0x56eb05630b20;  alias, 1 drivers
v0x56eb0547a900_0 .net "Y", 0 0, L_0x56eb056091e0;  alias, 1 drivers
v0x56eb05479570_0 .net *"_ivl_0", 0 0, L_0x56eb05609150;  1 drivers
S_0x56eb054784d0 .scope module, "_370_" "AND2_00_0" 5 1109, 3 3 0, S_0x56eb054cfb00;
 .timescale 0 0;
    .port_info 0 /INPUT 1 "A";
    .port_info 1 /INPUT 1 "B";
    .port_info 2 /OUTPUT 1 "Y";
L_0x56eb05609340 .functor AND 1, L_0x56eb05630b20, L_0x56eb056093b0, C4<1>, C4<1>;
v0x56eb054796b0_0 .net "A", 0 0, L_0x56eb05630b20;  alias, 1 drivers
v0x56eb05479770_0 .net "B", 0 0, L_0x56eb056093b0;  1 drivers
v0x56eb05476630_0 .net "Y", 0 0, L_0x56eb05609340;  alias, 1 drivers
S_0x56eb05475210 .scope module, "_371_" "AND2_11_1" 5 1114, 3 39 0, S_0x56eb054cfb00;
 .timescale 0 0;
    .port_info 0 /INPUT 1 "A";
    .port_info 1 /INPUT 1 "B";
    .port_info 2 /OUTPUT 1 "Y";
L_0x56eb05609710 .functor OR 1, L_0x56eb056091e0, L_0x56eb05609340, C4<0>, C4<0>;
v0x56eb05476780_0 .net "A", 0 0, L_0x56eb056091e0;  alias, 1 drivers
v0x56eb05473370_0 .net "B", 0 0, L_0x56eb05609340;  alias, 1 drivers
v0x56eb05473440_0 .net "Y", 0 0, L_0x56eb05609710;  alias, 1 drivers
S_0x56eb05471f50 .scope module, "_372_" "AND2_00_0" 5 1119, 3 3 0, S_0x56eb054cfb00;
 .timescale 0 0;
    .port_info 0 /INPUT 1 "A";
    .port_info 1 /INPUT 1 "B";
    .port_info 2 /OUTPUT 1 "Y";
L_0x56eb056098e0 .functor AND 1, L_0x56eb056315e0, L_0x56eb05609710, C4<1>, C4<1>;
v0x56eb05473550_0 .net "A", 0 0, L_0x56eb056315e0;  alias, 1 drivers
v0x56eb054700b0_0 .net "B", 0 0, L_0x56eb05609710;  alias, 1 drivers
v0x56eb05470180_0 .net "Y", 0 0, L_0x56eb056098e0;  alias, 1 drivers
S_0x56eb0546ec90 .scope module, "_373_" "AND2_01_0" 5 1124, 3 12 0, S_0x56eb054cfb00;
 .timescale 0 0;
    .port_info 0 /INPUT 1 "A";
    .port_info 1 /INPUT 1 "B";
    .port_info 2 /OUTPUT 1 "Y";
L_0x56eb05609a20 .functor NOT 1, L_0x56eb056315e0, C4<0>, C4<0>, C4<0>;
L_0x56eb05609ab0 .functor AND 1, L_0x56eb05609b40, L_0x56eb05609a20, C4<1>, C4<1>;
v0x56eb05470290_0 .net "A", 0 0, L_0x56eb05609b40;  1 drivers
v0x56eb0546d6c0_0 .net "B", 0 0, L_0x56eb056315e0;  alias, 1 drivers
v0x56eb0546d780_0 .net "Y", 0 0, L_0x56eb05609ab0;  alias, 1 drivers
v0x56eb0546d850_0 .net *"_ivl_0", 0 0, L_0x56eb05609a20;  1 drivers
S_0x56eb0546b9a0 .scope module, "_374_" "AND2_11_1" 5 1129, 3 39 0, S_0x56eb054cfb00;
 .timescale 0 0;
    .port_info 0 /INPUT 1 "A";
    .port_info 1 /INPUT 1 "B";
    .port_info 2 /OUTPUT 1 "Y";
L_0x56eb05609be0 .functor OR 1, L_0x56eb056098e0, L_0x56eb05609ab0, C4<0>, C4<0>;
v0x56eb05469b00_0 .net "A", 0 0, L_0x56eb056098e0;  alias, 1 drivers
v0x56eb05469bd0_0 .net "B", 0 0, L_0x56eb05609ab0;  alias, 1 drivers
v0x56eb05469ca0_0 .net "Y", 0 0, L_0x56eb05609be0;  1 drivers
S_0x56eb054686e0 .scope module, "_375_" "AND2_00_0" 5 1134, 3 3 0, S_0x56eb054cfb00;
 .timescale 0 0;
    .port_info 0 /INPUT 1 "A";
    .port_info 1 /INPUT 1 "B";
    .port_info 2 /OUTPUT 1 "Y";
L_0x56eb05609d70 .functor AND 1, v0x56eb055f6bb0_0, L_0x56eb05609e00, C4<1>, C4<1>;
v0x56eb05466840_0 .net "A", 0 0, v0x56eb055f6bb0_0;  alias, 1 drivers
v0x56eb05466950_0 .net "B", 0 0, L_0x56eb05609e00;  1 drivers
v0x56eb05466a10_0 .net "Y", 0 0, L_0x56eb05609d70;  alias, 1 drivers
S_0x56eb05465420 .scope module, "_376_" "AND2_00_0" 5 1139, 3 3 0, S_0x56eb054cfb00;
 .timescale 0 0;
    .port_info 0 /INPUT 1 "A";
    .port_info 1 /INPUT 1 "B";
    .port_info 2 /OUTPUT 1 "Y";
L_0x56eb0560a170 .functor AND 1, v0x56eb055f6bb0_0, L_0x56eb0560a200, C4<1>, C4<1>;
v0x56eb05463580_0 .net "A", 0 0, v0x56eb055f6bb0_0;  alias, 1 drivers
v0x56eb05463640_0 .net "B", 0 0, L_0x56eb0560a200;  1 drivers
v0x56eb05463700_0 .net "Y", 0 0, L_0x56eb0560a170;  alias, 1 drivers
S_0x56eb05462160 .scope module, "_377_" "AND2_01_0" 5 1144, 3 12 0, S_0x56eb054cfb00;
 .timescale 0 0;
    .port_info 0 /INPUT 1 "A";
    .port_info 1 /INPUT 1 "B";
    .port_info 2 /OUTPUT 1 "Y";
L_0x56eb0560a2a0 .functor NOT 1, L_0x56eb05630b20, C4<0>, C4<0>, C4<0>;
L_0x56eb0560a330 .functor AND 1, L_0x56eb0560a3f0, L_0x56eb0560a2a0, C4<1>, C4<1>;
v0x56eb054602c0_0 .net "A", 0 0, L_0x56eb0560a3f0;  1 drivers
v0x56eb05460380_0 .net "B", 0 0, L_0x56eb05630b20;  alias, 1 drivers
v0x56eb05460440_0 .net "Y", 0 0, L_0x56eb0560a330;  alias, 1 drivers
v0x56eb0545eea0_0 .net *"_ivl_0", 0 0, L_0x56eb0560a2a0;  1 drivers
S_0x56eb0545d000 .scope module, "_378_" "AND2_00_0" 5 1149, 3 3 0, S_0x56eb054cfb00;
 .timescale 0 0;
    .port_info 0 /INPUT 1 "A";
    .port_info 1 /INPUT 1 "B";
    .port_info 2 /OUTPUT 1 "Y";
L_0x56eb0560a770 .functor AND 1, L_0x56eb05630b20, L_0x56eb0560a7e0, C4<1>, C4<1>;
v0x56eb0545d1e0_0 .net "A", 0 0, L_0x56eb05630b20;  alias, 1 drivers
v0x56eb0545efe0_0 .net "B", 0 0, L_0x56eb0560a7e0;  1 drivers
v0x56eb0545f080_0 .net "Y", 0 0, L_0x56eb0560a770;  alias, 1 drivers
S_0x56eb0545bbe0 .scope module, "_379_" "AND2_11_1" 5 1154, 3 39 0, S_0x56eb054cfb00;
 .timescale 0 0;
    .port_info 0 /INPUT 1 "A";
    .port_info 1 /INPUT 1 "B";
    .port_info 2 /OUTPUT 1 "Y";
L_0x56eb0560a8d0 .functor OR 1, L_0x56eb0560a330, L_0x56eb0560a770, C4<0>, C4<0>;
v0x56eb05459d40_0 .net "A", 0 0, L_0x56eb0560a330;  alias, 1 drivers
v0x56eb05459e30_0 .net "B", 0 0, L_0x56eb0560a770;  alias, 1 drivers
v0x56eb05459f00_0 .net "Y", 0 0, L_0x56eb0560a8d0;  alias, 1 drivers
S_0x56eb05458050 .scope module, "_380_" "AND2_00_0" 5 1159, 3 3 0, S_0x56eb054cfb00;
 .timescale 0 0;
    .port_info 0 /INPUT 1 "A";
    .port_info 1 /INPUT 1 "B";
    .port_info 2 /OUTPUT 1 "Y";
L_0x56eb0560aaa0 .functor AND 1, L_0x56eb056315e0, L_0x56eb0560a8d0, C4<1>, C4<1>;
v0x56eb054561b0_0 .net "A", 0 0, L_0x56eb056315e0;  alias, 1 drivers
v0x56eb05456270_0 .net "B", 0 0, L_0x56eb0560a8d0;  alias, 1 drivers
v0x56eb05456360_0 .net "Y", 0 0, L_0x56eb0560aaa0;  alias, 1 drivers
S_0x56eb05454d90 .scope module, "_381_" "AND2_01_0" 5 1164, 3 12 0, S_0x56eb054cfb00;
 .timescale 0 0;
    .port_info 0 /INPUT 1 "A";
    .port_info 1 /INPUT 1 "B";
    .port_info 2 /OUTPUT 1 "Y";
L_0x56eb0560abe0 .functor NOT 1, L_0x56eb056315e0, C4<0>, C4<0>, C4<0>;
L_0x56eb0560ac70 .functor AND 1, L_0x56eb0560ad00, L_0x56eb0560abe0, C4<1>, C4<1>;
v0x56eb05452ef0_0 .net "A", 0 0, L_0x56eb0560ad00;  1 drivers
v0x56eb05452fd0_0 .net "B", 0 0, L_0x56eb056315e0;  alias, 1 drivers
v0x56eb05453090_0 .net "Y", 0 0, L_0x56eb0560ac70;  alias, 1 drivers
v0x56eb05451200_0 .net *"_ivl_0", 0 0, L_0x56eb0560abe0;  1 drivers
S_0x56eb0544fc30 .scope module, "_382_" "AND2_11_1" 5 1169, 3 39 0, S_0x56eb054cfb00;
 .timescale 0 0;
    .port_info 0 /INPUT 1 "A";
    .port_info 1 /INPUT 1 "B";
    .port_info 2 /OUTPUT 1 "Y";
L_0x56eb0560b090 .functor OR 1, L_0x56eb0560aaa0, L_0x56eb0560ac70, C4<0>, C4<0>;
v0x56eb0544fe10_0 .net "A", 0 0, L_0x56eb0560aaa0;  alias, 1 drivers
v0x56eb05451340_0 .net "B", 0 0, L_0x56eb0560ac70;  alias, 1 drivers
v0x56eb05451410_0 .net "Y", 0 0, L_0x56eb0560b090;  1 drivers
S_0x56eb0544de10 .scope module, "_383_" "AND2_01_0" 5 1174, 3 12 0, S_0x56eb054cfb00;
 .timescale 0 0;
    .port_info 0 /INPUT 1 "A";
    .port_info 1 /INPUT 1 "B";
    .port_info 2 /OUTPUT 1 "Y";
L_0x56eb0560b220 .functor NOT 1, L_0x56eb05630b20, C4<0>, C4<0>, C4<0>;
L_0x56eb0560b2b0 .functor AND 1, L_0x56eb0560b370, L_0x56eb0560b220, C4<1>, C4<1>;
v0x56eb0544d540_0 .net "A", 0 0, L_0x56eb0560b370;  1 drivers
v0x56eb0544d620_0 .net "B", 0 0, L_0x56eb05630b20;  alias, 1 drivers
v0x56eb0544d6e0_0 .net "Y", 0 0, L_0x56eb0560b2b0;  alias, 1 drivers
v0x56eb0544cc70_0 .net *"_ivl_0", 0 0, L_0x56eb0560b220;  1 drivers
S_0x56eb0544a9a0 .scope module, "_384_" "AND2_00_0" 5 1179, 3 3 0, S_0x56eb054cfb00;
 .timescale 0 0;
    .port_info 0 /INPUT 1 "A";
    .port_info 1 /INPUT 1 "B";
    .port_info 2 /OUTPUT 1 "Y";
L_0x56eb0560b410 .functor AND 1, L_0x56eb05630b20, L_0x56eb0560b480, C4<1>, C4<1>;
v0x56eb0544cdb0_0 .net "A", 0 0, L_0x56eb05630b20;  alias, 1 drivers
v0x56eb0544ce70_0 .net "B", 0 0, L_0x56eb0560b480;  1 drivers
v0x56eb05448b00_0 .net "Y", 0 0, L_0x56eb0560b410;  alias, 1 drivers
S_0x56eb05446db0 .scope module, "_385_" "AND2_11_1" 5 1184, 3 39 0, S_0x56eb054cfb00;
 .timescale 0 0;
    .port_info 0 /INPUT 1 "A";
    .port_info 1 /INPUT 1 "B";
    .port_info 2 /OUTPUT 1 "Y";
L_0x56eb0560b820 .functor OR 1, L_0x56eb0560b2b0, L_0x56eb0560b410, C4<0>, C4<0>;
v0x56eb05448c50_0 .net "A", 0 0, L_0x56eb0560b2b0;  alias, 1 drivers
v0x56eb05444f10_0 .net "B", 0 0, L_0x56eb0560b410;  alias, 1 drivers
v0x56eb05444fe0_0 .net "Y", 0 0, L_0x56eb0560b820;  alias, 1 drivers
S_0x56eb05443af0 .scope module, "_386_" "AND2_00_0" 5 1189, 3 3 0, S_0x56eb054cfb00;
 .timescale 0 0;
    .port_info 0 /INPUT 1 "A";
    .port_info 1 /INPUT 1 "B";
    .port_info 2 /OUTPUT 1 "Y";
L_0x56eb0560b9f0 .functor AND 1, L_0x56eb056315e0, L_0x56eb0560b820, C4<1>, C4<1>;
v0x56eb054450f0_0 .net "A", 0 0, L_0x56eb056315e0;  alias, 1 drivers
v0x56eb054b4590_0 .net "B", 0 0, L_0x56eb0560b820;  alias, 1 drivers
v0x56eb054b4660_0 .net "Y", 0 0, L_0x56eb0560b9f0;  alias, 1 drivers
S_0x56eb051c4510 .scope module, "_387_" "AND2_01_0" 5 1194, 3 12 0, S_0x56eb054cfb00;
 .timescale 0 0;
    .port_info 0 /INPUT 1 "A";
    .port_info 1 /INPUT 1 "B";
    .port_info 2 /OUTPUT 1 "Y";
L_0x56eb0560bb30 .functor NOT 1, L_0x56eb056315e0, C4<0>, C4<0>, C4<0>;
L_0x56eb0560bbc0 .functor AND 1, L_0x56eb0560bc50, L_0x56eb0560bb30, C4<1>, C4<1>;
v0x56eb051c4740_0 .net "A", 0 0, L_0x56eb0560bc50;  1 drivers
v0x56eb051c4820_0 .net "B", 0 0, L_0x56eb056315e0;  alias, 1 drivers
v0x56eb054b4770_0 .net "Y", 0 0, L_0x56eb0560bbc0;  alias, 1 drivers
v0x56eb054b4810_0 .net *"_ivl_0", 0 0, L_0x56eb0560bb30;  1 drivers
S_0x56eb051ff630 .scope module, "_388_" "AND2_11_1" 5 1199, 3 39 0, S_0x56eb054cfb00;
 .timescale 0 0;
    .port_info 0 /INPUT 1 "A";
    .port_info 1 /INPUT 1 "B";
    .port_info 2 /OUTPUT 1 "Y";
L_0x56eb0560bcf0 .functor OR 1, L_0x56eb0560b9f0, L_0x56eb0560bbc0, C4<0>, C4<0>;
v0x56eb051ff860_0 .net "A", 0 0, L_0x56eb0560b9f0;  alias, 1 drivers
v0x56eb051ff930_0 .net "B", 0 0, L_0x56eb0560bbc0;  alias, 1 drivers
v0x56eb051ffa00_0 .net "Y", 0 0, L_0x56eb0560bcf0;  1 drivers
S_0x56eb052005f0 .scope module, "_389_" "AND2_01_0" 5 1204, 3 12 0, S_0x56eb054cfb00;
 .timescale 0 0;
    .port_info 0 /INPUT 1 "A";
    .port_info 1 /INPUT 1 "B";
    .port_info 2 /OUTPUT 1 "Y";
L_0x56eb0560be80 .functor NOT 1, L_0x56eb05630b20, C4<0>, C4<0>, C4<0>;
L_0x56eb0560bf10 .functor AND 1, L_0x56eb0560bfd0, L_0x56eb0560be80, C4<1>, C4<1>;
v0x56eb05200820_0 .net "A", 0 0, L_0x56eb0560bfd0;  1 drivers
v0x56eb05200900_0 .net "B", 0 0, L_0x56eb05630b20;  alias, 1 drivers
v0x56eb05202310_0 .net "Y", 0 0, L_0x56eb0560bf10;  alias, 1 drivers
v0x56eb052023e0_0 .net *"_ivl_0", 0 0, L_0x56eb0560be80;  1 drivers
S_0x56eb05209680 .scope module, "_390_" "AND2_00_0" 5 1209, 3 3 0, S_0x56eb054cfb00;
 .timescale 0 0;
    .port_info 0 /INPUT 1 "A";
    .port_info 1 /INPUT 1 "B";
    .port_info 2 /OUTPUT 1 "Y";
L_0x56eb0560c380 .functor AND 1, L_0x56eb05630b20, L_0x56eb0560c3f0, C4<1>, C4<1>;
v0x56eb052098b0_0 .net "A", 0 0, L_0x56eb05630b20;  alias, 1 drivers
v0x56eb05209970_0 .net "B", 0 0, L_0x56eb0560c3f0;  1 drivers
v0x56eb05209a30_0 .net "Y", 0 0, L_0x56eb0560c380;  alias, 1 drivers
S_0x56eb05204a40 .scope module, "_391_" "AND2_11_1" 5 1214, 3 39 0, S_0x56eb054cfb00;
 .timescale 0 0;
    .port_info 0 /INPUT 1 "A";
    .port_info 1 /INPUT 1 "B";
    .port_info 2 /OUTPUT 1 "Y";
L_0x56eb0560c490 .functor OR 1, L_0x56eb0560bf10, L_0x56eb0560c380, C4<0>, C4<0>;
v0x56eb05204c70_0 .net "A", 0 0, L_0x56eb0560bf10;  alias, 1 drivers
v0x56eb05204d60_0 .net "B", 0 0, L_0x56eb0560c380;  alias, 1 drivers
v0x56eb052009c0_0 .net "Y", 0 0, L_0x56eb0560c490;  alias, 1 drivers
S_0x56eb05205f10 .scope module, "_392_" "AND2_00_0" 5 1219, 3 3 0, S_0x56eb054cfb00;
 .timescale 0 0;
    .port_info 0 /INPUT 1 "A";
    .port_info 1 /INPUT 1 "B";
    .port_info 2 /OUTPUT 1 "Y";
L_0x56eb0560c660 .functor AND 1, L_0x56eb056315e0, L_0x56eb0560c490, C4<1>, C4<1>;
v0x56eb05206140_0 .net "A", 0 0, L_0x56eb056315e0;  alias, 1 drivers
v0x56eb05206200_0 .net "B", 0 0, L_0x56eb0560c490;  alias, 1 drivers
v0x56eb052062f0_0 .net "Y", 0 0, L_0x56eb0560c660;  alias, 1 drivers
S_0x56eb05201530 .scope module, "_393_" "AND2_01_0" 5 1224, 3 12 0, S_0x56eb054cfb00;
 .timescale 0 0;
    .port_info 0 /INPUT 1 "A";
    .port_info 1 /INPUT 1 "B";
    .port_info 2 /OUTPUT 1 "Y";
L_0x56eb0560c7a0 .functor NOT 1, L_0x56eb056315e0, C4<0>, C4<0>, C4<0>;
L_0x56eb0560c830 .functor AND 1, L_0x56eb0560c8c0, L_0x56eb0560c7a0, C4<1>, C4<1>;
v0x56eb05201760_0 .net "A", 0 0, L_0x56eb0560c8c0;  1 drivers
v0x56eb05201840_0 .net "B", 0 0, L_0x56eb056315e0;  alias, 1 drivers
v0x56eb05201900_0 .net "Y", 0 0, L_0x56eb0560c830;  alias, 1 drivers
v0x56eb05202520_0 .net *"_ivl_0", 0 0, L_0x56eb0560c7a0;  1 drivers
S_0x56eb052b83c0 .scope module, "_394_" "AND2_11_1" 5 1229, 3 39 0, S_0x56eb054cfb00;
 .timescale 0 0;
    .port_info 0 /INPUT 1 "A";
    .port_info 1 /INPUT 1 "B";
    .port_info 2 /OUTPUT 1 "Y";
L_0x56eb0560cc80 .functor OR 1, L_0x56eb0560c660, L_0x56eb0560c830, C4<0>, C4<0>;
v0x56eb052b85a0_0 .net "A", 0 0, L_0x56eb0560c660;  alias, 1 drivers
v0x56eb052b8670_0 .net "B", 0 0, L_0x56eb0560c830;  alias, 1 drivers
v0x56eb052b8740_0 .net "Y", 0 0, L_0x56eb0560cc80;  1 drivers
S_0x56eb0520e6c0 .scope module, "_395_" "AND2_01_0" 5 1234, 3 12 0, S_0x56eb054cfb00;
 .timescale 0 0;
    .port_info 0 /INPUT 1 "A";
    .port_info 1 /INPUT 1 "B";
    .port_info 2 /OUTPUT 1 "Y";
L_0x56eb0560ce10 .functor NOT 1, L_0x56eb05630b20, C4<0>, C4<0>, C4<0>;
L_0x56eb0560cea0 .functor AND 1, L_0x56eb0560cf60, L_0x56eb0560ce10, C4<1>, C4<1>;
v0x56eb0520e8f0_0 .net "A", 0 0, L_0x56eb0560cf60;  1 drivers
v0x56eb0520e9d0_0 .net "B", 0 0, L_0x56eb05630b20;  alias, 1 drivers
v0x56eb0520ea90_0 .net "Y", 0 0, L_0x56eb0560cea0;  alias, 1 drivers
v0x56eb0520adc0_0 .net *"_ivl_0", 0 0, L_0x56eb0560ce10;  1 drivers
S_0x56eb0520af00 .scope module, "_396_" "AND2_00_0" 5 1239, 3 3 0, S_0x56eb054cfb00;
 .timescale 0 0;
    .port_info 0 /INPUT 1 "A";
    .port_info 1 /INPUT 1 "B";
    .port_info 2 /OUTPUT 1 "Y";
L_0x56eb0560d000 .functor AND 1, L_0x56eb05630b20, L_0x56eb0560d070, C4<1>, C4<1>;
v0x56eb0520b130_0 .net "A", 0 0, L_0x56eb05630b20;  alias, 1 drivers
v0x56eb0557d850_0 .net "B", 0 0, L_0x56eb0560d070;  1 drivers
v0x56eb0557d8f0_0 .net "Y", 0 0, L_0x56eb0560d000;  alias, 1 drivers
S_0x56eb0557d990 .scope module, "_397_" "AND2_11_1" 5 1244, 3 39 0, S_0x56eb054cfb00;
 .timescale 0 0;
    .port_info 0 /INPUT 1 "A";
    .port_info 1 /INPUT 1 "B";
    .port_info 2 /OUTPUT 1 "Y";
L_0x56eb0560d440 .functor OR 1, L_0x56eb0560cea0, L_0x56eb0560d000, C4<0>, C4<0>;
v0x56eb0557db20_0 .net "A", 0 0, L_0x56eb0560cea0;  alias, 1 drivers
v0x56eb0557dbc0_0 .net "B", 0 0, L_0x56eb0560d000;  alias, 1 drivers
v0x56eb0557dc60_0 .net "Y", 0 0, L_0x56eb0560d440;  alias, 1 drivers
S_0x56eb0557dd00 .scope module, "_398_" "AND2_00_0" 5 1249, 3 3 0, S_0x56eb054cfb00;
 .timescale 0 0;
    .port_info 0 /INPUT 1 "A";
    .port_info 1 /INPUT 1 "B";
    .port_info 2 /OUTPUT 1 "Y";
L_0x56eb0560d610 .functor AND 1, L_0x56eb056315e0, L_0x56eb0560d440, C4<1>, C4<1>;
v0x56eb0557de90_0 .net "A", 0 0, L_0x56eb056315e0;  alias, 1 drivers
v0x56eb0557df30_0 .net "B", 0 0, L_0x56eb0560d440;  alias, 1 drivers
v0x56eb0557dfd0_0 .net "Y", 0 0, L_0x56eb0560d610;  alias, 1 drivers
S_0x56eb0557e070 .scope module, "_399_" "AND2_01_0" 5 1254, 3 12 0, S_0x56eb054cfb00;
 .timescale 0 0;
    .port_info 0 /INPUT 1 "A";
    .port_info 1 /INPUT 1 "B";
    .port_info 2 /OUTPUT 1 "Y";
L_0x56eb0560d750 .functor NOT 1, L_0x56eb056315e0, C4<0>, C4<0>, C4<0>;
L_0x56eb0560d7e0 .functor AND 1, L_0x56eb0560d870, L_0x56eb0560d750, C4<1>, C4<1>;
v0x56eb0557e200_0 .net "A", 0 0, L_0x56eb0560d870;  1 drivers
v0x56eb0557e2a0_0 .net "B", 0 0, L_0x56eb056315e0;  alias, 1 drivers
v0x56eb0557e340_0 .net "Y", 0 0, L_0x56eb0560d7e0;  alias, 1 drivers
v0x56eb0557e3e0_0 .net *"_ivl_0", 0 0, L_0x56eb0560d750;  1 drivers
S_0x56eb0557e480 .scope module, "_400_" "AND2_11_1" 5 1259, 3 39 0, S_0x56eb054cfb00;
 .timescale 0 0;
    .port_info 0 /INPUT 1 "A";
    .port_info 1 /INPUT 1 "B";
    .port_info 2 /OUTPUT 1 "Y";
L_0x56eb0560d910 .functor OR 1, L_0x56eb0560d610, L_0x56eb0560d7e0, C4<0>, C4<0>;
v0x56eb0557e610_0 .net "A", 0 0, L_0x56eb0560d610;  alias, 1 drivers
v0x56eb0557e6b0_0 .net "B", 0 0, L_0x56eb0560d7e0;  alias, 1 drivers
v0x56eb0557e750_0 .net "Y", 0 0, L_0x56eb0560d910;  1 drivers
S_0x56eb0557e7f0 .scope module, "_401_" "AND2_01_0" 5 1264, 3 12 0, S_0x56eb054cfb00;
 .timescale 0 0;
    .port_info 0 /INPUT 1 "A";
    .port_info 1 /INPUT 1 "B";
    .port_info 2 /OUTPUT 1 "Y";
L_0x56eb0560daa0 .functor NOT 1, L_0x56eb05630b20, C4<0>, C4<0>, C4<0>;
L_0x56eb0560db50 .functor AND 1, L_0x56eb0560dbe0, L_0x56eb0560daa0, C4<1>, C4<1>;
v0x56eb0557e980_0 .net "A", 0 0, L_0x56eb0560dbe0;  1 drivers
v0x56eb0557ea20_0 .net "B", 0 0, L_0x56eb05630b20;  alias, 1 drivers
v0x56eb0557eac0_0 .net "Y", 0 0, L_0x56eb0560db50;  alias, 1 drivers
v0x56eb0557eb60_0 .net *"_ivl_0", 0 0, L_0x56eb0560daa0;  1 drivers
S_0x56eb0557ec00 .scope module, "_402_" "AND2_00_0" 5 1269, 3 3 0, S_0x56eb054cfb00;
 .timescale 0 0;
    .port_info 0 /INPUT 1 "A";
    .port_info 1 /INPUT 1 "B";
    .port_info 2 /OUTPUT 1 "Y";
L_0x56eb0560dfc0 .functor AND 1, L_0x56eb05630b20, L_0x56eb0560e050, C4<1>, C4<1>;
v0x56eb0557ed90_0 .net "A", 0 0, L_0x56eb05630b20;  alias, 1 drivers
v0x56eb0557ee30_0 .net "B", 0 0, L_0x56eb0560e050;  1 drivers
v0x56eb0557eed0_0 .net "Y", 0 0, L_0x56eb0560dfc0;  alias, 1 drivers
S_0x56eb0557ef70 .scope module, "_403_" "AND2_11_1" 5 1274, 3 39 0, S_0x56eb054cfb00;
 .timescale 0 0;
    .port_info 0 /INPUT 1 "A";
    .port_info 1 /INPUT 1 "B";
    .port_info 2 /OUTPUT 1 "Y";
L_0x56eb0560e0f0 .functor OR 1, L_0x56eb0560db50, L_0x56eb0560dfc0, C4<0>, C4<0>;
v0x56eb0557f100_0 .net "A", 0 0, L_0x56eb0560db50;  alias, 1 drivers
v0x56eb0557f1a0_0 .net "B", 0 0, L_0x56eb0560dfc0;  alias, 1 drivers
v0x56eb0557f240_0 .net "Y", 0 0, L_0x56eb0560e0f0;  alias, 1 drivers
S_0x56eb0557f2e0 .scope module, "_404_" "AND2_00_0" 5 1279, 3 3 0, S_0x56eb054cfb00;
 .timescale 0 0;
    .port_info 0 /INPUT 1 "A";
    .port_info 1 /INPUT 1 "B";
    .port_info 2 /OUTPUT 1 "Y";
L_0x56eb0560e2c0 .functor AND 1, L_0x56eb056315e0, L_0x56eb0560e0f0, C4<1>, C4<1>;
v0x56eb0557f470_0 .net "A", 0 0, L_0x56eb056315e0;  alias, 1 drivers
v0x56eb0557f510_0 .net "B", 0 0, L_0x56eb0560e0f0;  alias, 1 drivers
v0x56eb0557f5b0_0 .net "Y", 0 0, L_0x56eb0560e2c0;  alias, 1 drivers
S_0x56eb0557f650 .scope module, "_405_" "AND2_01_0" 5 1284, 3 12 0, S_0x56eb054cfb00;
 .timescale 0 0;
    .port_info 0 /INPUT 1 "A";
    .port_info 1 /INPUT 1 "B";
    .port_info 2 /OUTPUT 1 "Y";
L_0x56eb0560e400 .functor NOT 1, L_0x56eb056315e0, C4<0>, C4<0>, C4<0>;
L_0x56eb0560e490 .functor AND 1, L_0x56eb0560e520, L_0x56eb0560e400, C4<1>, C4<1>;
v0x56eb0557f7e0_0 .net "A", 0 0, L_0x56eb0560e520;  1 drivers
v0x56eb0557f880_0 .net "B", 0 0, L_0x56eb056315e0;  alias, 1 drivers
v0x56eb0557f920_0 .net "Y", 0 0, L_0x56eb0560e490;  alias, 1 drivers
v0x56eb0557f9c0_0 .net *"_ivl_0", 0 0, L_0x56eb0560e400;  1 drivers
S_0x56eb0557fa60 .scope module, "_406_" "AND2_11_1" 5 1289, 3 39 0, S_0x56eb054cfb00;
 .timescale 0 0;
    .port_info 0 /INPUT 1 "A";
    .port_info 1 /INPUT 1 "B";
    .port_info 2 /OUTPUT 1 "Y";
L_0x56eb0560e910 .functor OR 1, L_0x56eb0560e2c0, L_0x56eb0560e490, C4<0>, C4<0>;
v0x56eb0557fbf0_0 .net "A", 0 0, L_0x56eb0560e2c0;  alias, 1 drivers
v0x56eb0557fc90_0 .net "B", 0 0, L_0x56eb0560e490;  alias, 1 drivers
v0x56eb0557fd30_0 .net "Y", 0 0, L_0x56eb0560e910;  1 drivers
S_0x56eb0557fdd0 .scope module, "_407_" "AND2_01_0" 5 1294, 3 12 0, S_0x56eb054cfb00;
 .timescale 0 0;
    .port_info 0 /INPUT 1 "A";
    .port_info 1 /INPUT 1 "B";
    .port_info 2 /OUTPUT 1 "Y";
L_0x56eb0560eaa0 .functor NOT 1, L_0x56eb05630b20, C4<0>, C4<0>, C4<0>;
L_0x56eb0560ef40 .functor AND 1, L_0x56eb0560efd0, L_0x56eb0560eaa0, C4<1>, C4<1>;
v0x56eb0557ff60_0 .net "A", 0 0, L_0x56eb0560efd0;  1 drivers
v0x56eb05580000_0 .net "B", 0 0, L_0x56eb05630b20;  alias, 1 drivers
v0x56eb055800a0_0 .net "Y", 0 0, L_0x56eb0560ef40;  alias, 1 drivers
v0x56eb05580140_0 .net *"_ivl_0", 0 0, L_0x56eb0560eaa0;  1 drivers
S_0x56eb055801e0 .scope module, "_408_" "AND2_00_0" 5 1299, 3 3 0, S_0x56eb054cfb00;
 .timescale 0 0;
    .port_info 0 /INPUT 1 "A";
    .port_info 1 /INPUT 1 "B";
    .port_info 2 /OUTPUT 1 "Y";
L_0x56eb0560f070 .functor AND 1, L_0x56eb05630b20, L_0x56eb0560f0e0, C4<1>, C4<1>;
v0x56eb05580370_0 .net "A", 0 0, L_0x56eb05630b20;  alias, 1 drivers
v0x56eb05580410_0 .net "B", 0 0, L_0x56eb0560f0e0;  1 drivers
v0x56eb055804b0_0 .net "Y", 0 0, L_0x56eb0560f070;  alias, 1 drivers
S_0x56eb05580550 .scope module, "_409_" "AND2_11_1" 5 1304, 3 39 0, S_0x56eb054cfb00;
 .timescale 0 0;
    .port_info 0 /INPUT 1 "A";
    .port_info 1 /INPUT 1 "B";
    .port_info 2 /OUTPUT 1 "Y";
L_0x56eb0560f4e0 .functor OR 1, L_0x56eb0560ef40, L_0x56eb0560f070, C4<0>, C4<0>;
v0x56eb055806e0_0 .net "A", 0 0, L_0x56eb0560ef40;  alias, 1 drivers
v0x56eb05580780_0 .net "B", 0 0, L_0x56eb0560f070;  alias, 1 drivers
v0x56eb05580820_0 .net "Y", 0 0, L_0x56eb0560f4e0;  alias, 1 drivers
S_0x56eb055808c0 .scope module, "_410_" "AND2_00_0" 5 1309, 3 3 0, S_0x56eb054cfb00;
 .timescale 0 0;
    .port_info 0 /INPUT 1 "A";
    .port_info 1 /INPUT 1 "B";
    .port_info 2 /OUTPUT 1 "Y";
L_0x56eb0560f6b0 .functor AND 1, L_0x56eb056315e0, L_0x56eb0560f4e0, C4<1>, C4<1>;
v0x56eb05580a50_0 .net "A", 0 0, L_0x56eb056315e0;  alias, 1 drivers
v0x56eb05580af0_0 .net "B", 0 0, L_0x56eb0560f4e0;  alias, 1 drivers
v0x56eb05580b90_0 .net "Y", 0 0, L_0x56eb0560f6b0;  alias, 1 drivers
S_0x56eb05580c30 .scope module, "_411_" "AND2_01_0" 5 1314, 3 12 0, S_0x56eb054cfb00;
 .timescale 0 0;
    .port_info 0 /INPUT 1 "A";
    .port_info 1 /INPUT 1 "B";
    .port_info 2 /OUTPUT 1 "Y";
L_0x56eb0560f7f0 .functor NOT 1, L_0x56eb056315e0, C4<0>, C4<0>, C4<0>;
L_0x56eb0560f880 .functor AND 1, L_0x56eb0560f910, L_0x56eb0560f7f0, C4<1>, C4<1>;
v0x56eb05580dc0_0 .net "A", 0 0, L_0x56eb0560f910;  1 drivers
v0x56eb05580e60_0 .net "B", 0 0, L_0x56eb056315e0;  alias, 1 drivers
v0x56eb05580f00_0 .net "Y", 0 0, L_0x56eb0560f880;  alias, 1 drivers
v0x56eb05580fa0_0 .net *"_ivl_0", 0 0, L_0x56eb0560f7f0;  1 drivers
S_0x56eb05581040 .scope module, "_412_" "AND2_11_1" 5 1319, 3 39 0, S_0x56eb054cfb00;
 .timescale 0 0;
    .port_info 0 /INPUT 1 "A";
    .port_info 1 /INPUT 1 "B";
    .port_info 2 /OUTPUT 1 "Y";
L_0x56eb0560f9b0 .functor OR 1, L_0x56eb0560f6b0, L_0x56eb0560f880, C4<0>, C4<0>;
v0x56eb055811d0_0 .net "A", 0 0, L_0x56eb0560f6b0;  alias, 1 drivers
v0x56eb05581270_0 .net "B", 0 0, L_0x56eb0560f880;  alias, 1 drivers
v0x56eb05581310_0 .net "Y", 0 0, L_0x56eb0560f9b0;  1 drivers
S_0x56eb055813b0 .scope module, "_413_" "AND2_01_0" 5 1324, 3 12 0, S_0x56eb054cfb00;
 .timescale 0 0;
    .port_info 0 /INPUT 1 "A";
    .port_info 1 /INPUT 1 "B";
    .port_info 2 /OUTPUT 1 "Y";
L_0x56eb0560fb40 .functor NOT 1, L_0x56eb05631360, C4<0>, C4<0>, C4<0>;
L_0x56eb0560fbd0 .functor AND 1, L_0x56eb0560fc90, L_0x56eb0560fb40, C4<1>, C4<1>;
v0x56eb05581540_0 .net "A", 0 0, L_0x56eb0560fc90;  1 drivers
v0x56eb055815e0_0 .net "B", 0 0, L_0x56eb05631360;  alias, 1 drivers
v0x56eb05581790_0 .net "Y", 0 0, L_0x56eb0560fbd0;  alias, 1 drivers
v0x56eb05581830_0 .net *"_ivl_0", 0 0, L_0x56eb0560fb40;  1 drivers
S_0x56eb055818d0 .scope module, "_414_" "AND2_00_0" 5 1329, 3 3 0, S_0x56eb054cfb00;
 .timescale 0 0;
    .port_info 0 /INPUT 1 "A";
    .port_info 1 /INPUT 1 "B";
    .port_info 2 /OUTPUT 1 "Y";
L_0x56eb056100a0 .functor AND 1, L_0x56eb05631360, L_0x56eb05610110, C4<1>, C4<1>;
v0x56eb05581a60_0 .net "A", 0 0, L_0x56eb05631360;  alias, 1 drivers
v0x56eb05581b00_0 .net "B", 0 0, L_0x56eb05610110;  1 drivers
v0x56eb05581ba0_0 .net "Y", 0 0, L_0x56eb056100a0;  alias, 1 drivers
S_0x56eb05581c40 .scope module, "_415_" "AND2_11_1" 5 1334, 3 39 0, S_0x56eb054cfb00;
 .timescale 0 0;
    .port_info 0 /INPUT 1 "A";
    .port_info 1 /INPUT 1 "B";
    .port_info 2 /OUTPUT 1 "Y";
L_0x56eb056101b0 .functor OR 1, L_0x56eb0560fbd0, L_0x56eb056100a0, C4<0>, C4<0>;
v0x56eb05581dd0_0 .net "A", 0 0, L_0x56eb0560fbd0;  alias, 1 drivers
v0x56eb05581e70_0 .net "B", 0 0, L_0x56eb056100a0;  alias, 1 drivers
v0x56eb05581f10_0 .net "Y", 0 0, L_0x56eb056101b0;  alias, 1 drivers
S_0x56eb05581fb0 .scope module, "_416_" "AND2_00_0" 5 1339, 3 3 0, S_0x56eb054cfb00;
 .timescale 0 0;
    .port_info 0 /INPUT 1 "A";
    .port_info 1 /INPUT 1 "B";
    .port_info 2 /OUTPUT 1 "Y";
L_0x56eb05610380 .functor AND 1, L_0x56eb056315e0, L_0x56eb056101b0, C4<1>, C4<1>;
v0x56eb05582140_0 .net "A", 0 0, L_0x56eb056315e0;  alias, 1 drivers
v0x56eb055821e0_0 .net "B", 0 0, L_0x56eb056101b0;  alias, 1 drivers
v0x56eb05582280_0 .net "Y", 0 0, L_0x56eb05610380;  alias, 1 drivers
S_0x56eb05582320 .scope module, "_417_" "AND2_01_0" 5 1344, 3 12 0, S_0x56eb054cfb00;
 .timescale 0 0;
    .port_info 0 /INPUT 1 "A";
    .port_info 1 /INPUT 1 "B";
    .port_info 2 /OUTPUT 1 "Y";
L_0x56eb056104c0 .functor NOT 1, L_0x56eb056315e0, C4<0>, C4<0>, C4<0>;
L_0x56eb05610550 .functor AND 1, L_0x56eb056105e0, L_0x56eb056104c0, C4<1>, C4<1>;
v0x56eb055824b0_0 .net "A", 0 0, L_0x56eb056105e0;  1 drivers
v0x56eb05582550_0 .net "B", 0 0, L_0x56eb056315e0;  alias, 1 drivers
v0x56eb055825f0_0 .net "Y", 0 0, L_0x56eb05610550;  alias, 1 drivers
v0x56eb05582690_0 .net *"_ivl_0", 0 0, L_0x56eb056104c0;  1 drivers
S_0x56eb05582730 .scope module, "_418_" "AND2_11_1" 5 1349, 3 39 0, S_0x56eb054cfb00;
 .timescale 0 0;
    .port_info 0 /INPUT 1 "A";
    .port_info 1 /INPUT 1 "B";
    .port_info 2 /OUTPUT 1 "Y";
L_0x56eb05610a00 .functor OR 1, L_0x56eb05610380, L_0x56eb05610550, C4<0>, C4<0>;
v0x56eb055828c0_0 .net "A", 0 0, L_0x56eb05610380;  alias, 1 drivers
v0x56eb05582960_0 .net "B", 0 0, L_0x56eb05610550;  alias, 1 drivers
v0x56eb05582a00_0 .net "Y", 0 0, L_0x56eb05610a00;  1 drivers
S_0x56eb05582aa0 .scope module, "_419_" "AND2_00_0" 5 1354, 3 3 0, S_0x56eb054cfb00;
 .timescale 0 0;
    .port_info 0 /INPUT 1 "A";
    .port_info 1 /INPUT 1 "B";
    .port_info 2 /OUTPUT 1 "Y";
L_0x56eb05610b90 .functor AND 1, L_0x56eb05610c20, L_0x56eb05609d70, C4<1>, C4<1>;
v0x56eb05582c30_0 .net "A", 0 0, L_0x56eb05610c20;  1 drivers
v0x56eb05582cd0_0 .net "B", 0 0, L_0x56eb05609d70;  alias, 1 drivers
v0x56eb05582d70_0 .net "Y", 0 0, L_0x56eb05610b90;  alias, 1 drivers
S_0x56eb05582e10 .scope module, "_420_" "AND2_00_0" 5 1359, 3 3 0, S_0x56eb054cfb00;
 .timescale 0 0;
    .port_info 0 /INPUT 1 "A";
    .port_info 1 /INPUT 1 "B";
    .port_info 2 /OUTPUT 1 "Y";
L_0x56eb05610cc0 .functor AND 1, L_0x56eb05610d50, L_0x56eb05609d70, C4<1>, C4<1>;
v0x56eb05582fa0_0 .net "A", 0 0, L_0x56eb05610d50;  1 drivers
v0x56eb05583040_0 .net "B", 0 0, L_0x56eb05609d70;  alias, 1 drivers
v0x56eb055830e0_0 .net "Y", 0 0, L_0x56eb05610cc0;  alias, 1 drivers
S_0x56eb05583180 .scope module, "_421_" "AND2_00_0" 5 1364, 3 3 0, S_0x56eb054cfb00;
 .timescale 0 0;
    .port_info 0 /INPUT 1 "A";
    .port_info 1 /INPUT 1 "B";
    .port_info 2 /OUTPUT 1 "Y";
L_0x56eb05611180 .functor AND 1, L_0x56eb05611210, L_0x56eb05609d70, C4<1>, C4<1>;
v0x56eb05583310_0 .net "A", 0 0, L_0x56eb05611210;  1 drivers
v0x56eb055833b0_0 .net "B", 0 0, L_0x56eb05609d70;  alias, 1 drivers
v0x56eb05583450_0 .net "Y", 0 0, L_0x56eb05611180;  alias, 1 drivers
S_0x56eb055834f0 .scope module, "_422_" "AND2_00_0" 5 1369, 3 3 0, S_0x56eb054cfb00;
 .timescale 0 0;
    .port_info 0 /INPUT 1 "A";
    .port_info 1 /INPUT 1 "B";
    .port_info 2 /OUTPUT 1 "Y";
L_0x56eb056112b0 .functor AND 1, L_0x56eb05611340, L_0x56eb05609d70, C4<1>, C4<1>;
v0x56eb05583680_0 .net "A", 0 0, L_0x56eb05611340;  1 drivers
v0x56eb05583720_0 .net "B", 0 0, L_0x56eb05609d70;  alias, 1 drivers
v0x56eb055837c0_0 .net "Y", 0 0, L_0x56eb056112b0;  alias, 1 drivers
S_0x56eb05583860 .scope module, "_423_" "AND2_00_0" 5 1374, 3 3 0, S_0x56eb054cfb00;
 .timescale 0 0;
    .port_info 0 /INPUT 1 "A";
    .port_info 1 /INPUT 1 "B";
    .port_info 2 /OUTPUT 1 "Y";
L_0x56eb056117d0 .functor AND 1, L_0x56eb05611860, L_0x56eb05609d70, C4<1>, C4<1>;
v0x56eb055839f0_0 .net "A", 0 0, L_0x56eb05611860;  1 drivers
v0x56eb05583a90_0 .net "B", 0 0, L_0x56eb05609d70;  alias, 1 drivers
v0x56eb05583b30_0 .net "Y", 0 0, L_0x56eb056117d0;  alias, 1 drivers
S_0x56eb05583bd0 .scope module, "_424_" "AND2_00_0" 5 1379, 3 3 0, S_0x56eb054cfb00;
 .timescale 0 0;
    .port_info 0 /INPUT 1 "A";
    .port_info 1 /INPUT 1 "B";
    .port_info 2 /OUTPUT 1 "Y";
L_0x56eb05611950 .functor AND 1, L_0x56eb056119e0, L_0x56eb05609d70, C4<1>, C4<1>;
v0x56eb05583e00_0 .net "A", 0 0, L_0x56eb056119e0;  1 drivers
v0x56eb05583ee0_0 .net "B", 0 0, L_0x56eb05609d70;  alias, 1 drivers
v0x56eb05583fa0_0 .net "Y", 0 0, L_0x56eb05611950;  alias, 1 drivers
S_0x56eb055840d0 .scope module, "_425_" "AND2_00_0" 5 1384, 3 3 0, S_0x56eb054cfb00;
 .timescale 0 0;
    .port_info 0 /INPUT 1 "A";
    .port_info 1 /INPUT 1 "B";
    .port_info 2 /OUTPUT 1 "Y";
L_0x56eb05611e80 .functor AND 1, L_0x56eb05611f10, L_0x56eb05609d70, C4<1>, C4<1>;
v0x56eb05584300_0 .net "A", 0 0, L_0x56eb05611f10;  1 drivers
v0x56eb055843e0_0 .net "B", 0 0, L_0x56eb05609d70;  alias, 1 drivers
v0x56eb055844a0_0 .net "Y", 0 0, L_0x56eb05611e80;  alias, 1 drivers
S_0x56eb055845d0 .scope module, "_426_" "AND2_00_0" 5 1389, 3 3 0, S_0x56eb054cfb00;
 .timescale 0 0;
    .port_info 0 /INPUT 1 "A";
    .port_info 1 /INPUT 1 "B";
    .port_info 2 /OUTPUT 1 "Y";
L_0x56eb05612000 .functor AND 1, L_0x56eb05612090, L_0x56eb05609d70, C4<1>, C4<1>;
v0x56eb05584800_0 .net "A", 0 0, L_0x56eb05612090;  1 drivers
v0x56eb055848e0_0 .net "B", 0 0, L_0x56eb05609d70;  alias, 1 drivers
v0x56eb05584ab0_0 .net "Y", 0 0, L_0x56eb05612000;  alias, 1 drivers
S_0x56eb05584be0 .scope module, "_427_" "AND2_01_0" 5 1394, 3 12 0, S_0x56eb054cfb00;
 .timescale 0 0;
    .port_info 0 /INPUT 1 "A";
    .port_info 1 /INPUT 1 "B";
    .port_info 2 /OUTPUT 1 "Y";
L_0x56eb05612540 .functor NOT 1, L_0x56eb05631360, C4<0>, C4<0>, C4<0>;
L_0x56eb056125d0 .functor AND 1, L_0x56eb056126e0, L_0x56eb05612540, C4<1>, C4<1>;
v0x56eb05584e10_0 .net "A", 0 0, L_0x56eb056126e0;  1 drivers
v0x56eb05584ef0_0 .net "B", 0 0, L_0x56eb05631360;  alias, 1 drivers
v0x56eb05584fb0_0 .net "Y", 0 0, L_0x56eb056125d0;  alias, 1 drivers
v0x56eb05585080_0 .net *"_ivl_0", 0 0, L_0x56eb05612540;  1 drivers
S_0x56eb055851c0 .scope module, "_428_" "AND2_00_0" 5 1399, 3 3 0, S_0x56eb054cfb00;
 .timescale 0 0;
    .port_info 0 /INPUT 1 "A";
    .port_info 1 /INPUT 1 "B";
    .port_info 2 /OUTPUT 1 "Y";
L_0x56eb056127d0 .functor AND 1, L_0x56eb05631360, L_0x56eb05612840, C4<1>, C4<1>;
v0x56eb055853f0_0 .net "A", 0 0, L_0x56eb05631360;  alias, 1 drivers
v0x56eb055854b0_0 .net "B", 0 0, L_0x56eb05612840;  1 drivers
v0x56eb05585570_0 .net "Y", 0 0, L_0x56eb056127d0;  alias, 1 drivers
S_0x56eb055856c0 .scope module, "_429_" "AND2_11_1" 5 1404, 3 39 0, S_0x56eb054cfb00;
 .timescale 0 0;
    .port_info 0 /INPUT 1 "A";
    .port_info 1 /INPUT 1 "B";
    .port_info 2 /OUTPUT 1 "Y";
L_0x56eb05612d00 .functor OR 1, L_0x56eb056125d0, L_0x56eb056127d0, C4<0>, C4<0>;
v0x56eb055858f0_0 .net "A", 0 0, L_0x56eb056125d0;  alias, 1 drivers
v0x56eb055859e0_0 .net "B", 0 0, L_0x56eb056127d0;  alias, 1 drivers
v0x56eb05585ab0_0 .net "Y", 0 0, L_0x56eb05612d00;  alias, 1 drivers
S_0x56eb05585bc0 .scope module, "_430_" "AND2_00_0" 5 1409, 3 3 0, S_0x56eb054cfb00;
 .timescale 0 0;
    .port_info 0 /INPUT 1 "A";
    .port_info 1 /INPUT 1 "B";
    .port_info 2 /OUTPUT 1 "Y";
L_0x56eb05612ed0 .functor AND 1, L_0x56eb056315e0, L_0x56eb05612d00, C4<1>, C4<1>;
v0x56eb05585df0_0 .net "A", 0 0, L_0x56eb056315e0;  alias, 1 drivers
v0x56eb05585eb0_0 .net "B", 0 0, L_0x56eb05612d00;  alias, 1 drivers
v0x56eb05585fa0_0 .net "Y", 0 0, L_0x56eb05612ed0;  alias, 1 drivers
S_0x56eb055860b0 .scope module, "_431_" "AND2_01_0" 5 1414, 3 12 0, S_0x56eb054cfb00;
 .timescale 0 0;
    .port_info 0 /INPUT 1 "A";
    .port_info 1 /INPUT 1 "B";
    .port_info 2 /OUTPUT 1 "Y";
L_0x56eb05613010 .functor NOT 1, L_0x56eb056315e0, C4<0>, C4<0>, C4<0>;
L_0x56eb056130a0 .functor AND 1, L_0x56eb05613130, L_0x56eb05613010, C4<1>, C4<1>;
v0x56eb055862e0_0 .net "A", 0 0, L_0x56eb05613130;  1 drivers
v0x56eb055863c0_0 .net "B", 0 0, L_0x56eb056315e0;  alias, 1 drivers
v0x56eb05586480_0 .net "Y", 0 0, L_0x56eb056130a0;  alias, 1 drivers
v0x56eb05586550_0 .net *"_ivl_0", 0 0, L_0x56eb05613010;  1 drivers
S_0x56eb05586690 .scope module, "_432_" "AND2_11_1" 5 1419, 3 39 0, S_0x56eb054cfb00;
 .timescale 0 0;
    .port_info 0 /INPUT 1 "A";
    .port_info 1 /INPUT 1 "B";
    .port_info 2 /OUTPUT 1 "Y";
L_0x56eb056131d0 .functor OR 1, L_0x56eb05612ed0, L_0x56eb056130a0, C4<0>, C4<0>;
v0x56eb055868c0_0 .net "A", 0 0, L_0x56eb05612ed0;  alias, 1 drivers
v0x56eb055869b0_0 .net "B", 0 0, L_0x56eb056130a0;  alias, 1 drivers
v0x56eb05586a80_0 .net "Y", 0 0, L_0x56eb056131d0;  1 drivers
S_0x56eb05586b90 .scope module, "_433_" "AND2_01_0" 5 1424, 3 12 0, S_0x56eb054cfb00;
 .timescale 0 0;
    .port_info 0 /INPUT 1 "A";
    .port_info 1 /INPUT 1 "B";
    .port_info 2 /OUTPUT 1 "Y";
L_0x56eb05613360 .functor NOT 1, L_0x56eb05631360, C4<0>, C4<0>, C4<0>;
L_0x56eb056133f0 .functor AND 1, L_0x56eb056134b0, L_0x56eb05613360, C4<1>, C4<1>;
v0x56eb05586dc0_0 .net "A", 0 0, L_0x56eb056134b0;  1 drivers
v0x56eb05586ea0_0 .net "B", 0 0, L_0x56eb05631360;  alias, 1 drivers
v0x56eb05586f60_0 .net "Y", 0 0, L_0x56eb056133f0;  alias, 1 drivers
v0x56eb05587030_0 .net *"_ivl_0", 0 0, L_0x56eb05613360;  1 drivers
S_0x56eb05587170 .scope module, "_434_" "AND2_00_0" 5 1429, 3 3 0, S_0x56eb054cfb00;
 .timescale 0 0;
    .port_info 0 /INPUT 1 "A";
    .port_info 1 /INPUT 1 "B";
    .port_info 2 /OUTPUT 1 "Y";
L_0x56eb05613d40 .functor AND 1, L_0x56eb05613db0, L_0x56eb05631360, C4<1>, C4<1>;
v0x56eb055873a0_0 .net "A", 0 0, L_0x56eb05613db0;  1 drivers
v0x56eb05587480_0 .net "B", 0 0, L_0x56eb05631360;  alias, 1 drivers
v0x56eb05587540_0 .net "Y", 0 0, L_0x56eb05613d40;  alias, 1 drivers
S_0x56eb05587670 .scope module, "_435_" "AND2_11_1" 5 1434, 3 39 0, S_0x56eb054cfb00;
 .timescale 0 0;
    .port_info 0 /INPUT 1 "A";
    .port_info 1 /INPUT 1 "B";
    .port_info 2 /OUTPUT 1 "Y";
L_0x56eb05613e50 .functor OR 1, L_0x56eb056133f0, L_0x56eb05613d40, C4<0>, C4<0>;
v0x56eb055878a0_0 .net "A", 0 0, L_0x56eb056133f0;  alias, 1 drivers
v0x56eb05587990_0 .net "B", 0 0, L_0x56eb05613d40;  alias, 1 drivers
v0x56eb05587a60_0 .net "Y", 0 0, L_0x56eb05613e50;  alias, 1 drivers
S_0x56eb05587b70 .scope module, "_436_" "AND2_00_0" 5 1439, 3 3 0, S_0x56eb054cfb00;
 .timescale 0 0;
    .port_info 0 /INPUT 1 "A";
    .port_info 1 /INPUT 1 "B";
    .port_info 2 /OUTPUT 1 "Y";
L_0x56eb05614020 .functor AND 1, L_0x56eb056315e0, L_0x56eb05613e50, C4<1>, C4<1>;
v0x56eb05587da0_0 .net "A", 0 0, L_0x56eb056315e0;  alias, 1 drivers
v0x56eb05587e60_0 .net "B", 0 0, L_0x56eb05613e50;  alias, 1 drivers
v0x56eb05587f50_0 .net "Y", 0 0, L_0x56eb05614020;  alias, 1 drivers
S_0x56eb05588060 .scope module, "_437_" "AND2_01_0" 5 1444, 3 12 0, S_0x56eb054cfb00;
 .timescale 0 0;
    .port_info 0 /INPUT 1 "A";
    .port_info 1 /INPUT 1 "B";
    .port_info 2 /OUTPUT 1 "Y";
L_0x56eb055c5a50 .functor NOT 1, L_0x56eb056315e0, C4<0>, C4<0>, C4<0>;
L_0x56eb055c5ae0 .functor AND 1, L_0x56eb055c5b70, L_0x56eb055c5a50, C4<1>, C4<1>;
v0x56eb05588290_0 .net "A", 0 0, L_0x56eb055c5b70;  1 drivers
v0x56eb05588370_0 .net "B", 0 0, L_0x56eb056315e0;  alias, 1 drivers
v0x56eb05588430_0 .net "Y", 0 0, L_0x56eb055c5ae0;  alias, 1 drivers
v0x56eb05588500_0 .net *"_ivl_0", 0 0, L_0x56eb055c5a50;  1 drivers
S_0x56eb05588640 .scope module, "_438_" "AND2_11_1" 5 1449, 3 39 0, S_0x56eb054cfb00;
 .timescale 0 0;
    .port_info 0 /INPUT 1 "A";
    .port_info 1 /INPUT 1 "B";
    .port_info 2 /OUTPUT 1 "Y";
L_0x56eb055c6020 .functor OR 1, L_0x56eb05614020, L_0x56eb055c5ae0, C4<0>, C4<0>;
v0x56eb05588870_0 .net "A", 0 0, L_0x56eb05614020;  alias, 1 drivers
v0x56eb05588960_0 .net "B", 0 0, L_0x56eb055c5ae0;  alias, 1 drivers
v0x56eb05588a30_0 .net "Y", 0 0, L_0x56eb055c6020;  1 drivers
S_0x56eb05588b40 .scope module, "_439_" "AND2_01_0" 5 1454, 3 12 0, S_0x56eb054cfb00;
 .timescale 0 0;
    .port_info 0 /INPUT 1 "A";
    .port_info 1 /INPUT 1 "B";
    .port_info 2 /OUTPUT 1 "Y";
L_0x56eb05615eb0 .functor NOT 1, L_0x56eb056164f0, C4<0>, C4<0>, C4<0>;
L_0x56eb05615f40 .functor AND 1, L_0x56eb05616000, L_0x56eb05615eb0, C4<1>, C4<1>;
v0x56eb05588d70_0 .net "A", 0 0, L_0x56eb05616000;  1 drivers
v0x56eb05588e50_0 .net "B", 0 0, L_0x56eb056164f0;  1 drivers
v0x56eb05588f10_0 .net "Y", 0 0, L_0x56eb05615f40;  alias, 1 drivers
v0x56eb05588fe0_0 .net *"_ivl_0", 0 0, L_0x56eb05615eb0;  1 drivers
S_0x56eb05589140 .scope module, "_440_" "AND2_01_0" 5 1459, 3 12 0, S_0x56eb054cfb00;
 .timescale 0 0;
    .port_info 0 /INPUT 1 "A";
    .port_info 1 /INPUT 1 "B";
    .port_info 2 /OUTPUT 1 "Y";
L_0x56eb05616630 .functor NOT 1, L_0x56eb05616c60, C4<0>, C4<0>, C4<0>;
L_0x56eb056166a0 .functor AND 1, L_0x56eb05616760, L_0x56eb05616630, C4<1>, C4<1>;
v0x56eb05589370_0 .net "A", 0 0, L_0x56eb05616760;  1 drivers
v0x56eb05589450_0 .net "B", 0 0, L_0x56eb05616c60;  1 drivers
v0x56eb05589510_0 .net "Y", 0 0, L_0x56eb056166a0;  alias, 1 drivers
v0x56eb055895e0_0 .net *"_ivl_0", 0 0, L_0x56eb05616630;  1 drivers
S_0x56eb05589740 .scope module, "_441_" "AND2_11_0" 5 1464, 3 30 0, S_0x56eb054cfb00;
 .timescale 0 0;
    .port_info 0 /INPUT 1 "A";
    .port_info 1 /INPUT 1 "B";
    .port_info 2 /OUTPUT 1 "Y";
L_0x56eb05616de0 .functor NOT 1, L_0x56eb05615f40, C4<0>, C4<0>, C4<0>;
L_0x56eb05616ee0 .functor NOT 1, L_0x56eb056166a0, C4<0>, C4<0>, C4<0>;
L_0x56eb05616fe0 .functor AND 1, L_0x56eb05616de0, L_0x56eb05616ee0, C4<1>, C4<1>;
v0x56eb05589970_0 .net "A", 0 0, L_0x56eb05615f40;  alias, 1 drivers
v0x56eb05589a60_0 .net "B", 0 0, L_0x56eb056166a0;  alias, 1 drivers
v0x56eb05589b30_0 .net "Y", 0 0, L_0x56eb05616fe0;  alias, 1 drivers
v0x56eb05589c00_0 .net *"_ivl_0", 0 0, L_0x56eb05616de0;  1 drivers
v0x56eb05589ca0_0 .net *"_ivl_2", 0 0, L_0x56eb05616ee0;  1 drivers
S_0x56eb05589e50 .scope module, "_442_" "AND2_01_0" 5 1469, 3 12 0, S_0x56eb054cfb00;
 .timescale 0 0;
    .port_info 0 /INPUT 1 "A";
    .port_info 1 /INPUT 1 "B";
    .port_info 2 /OUTPUT 1 "Y";
L_0x56eb05617050 .functor NOT 1, L_0x56eb05617640, C4<0>, C4<0>, C4<0>;
L_0x56eb056170c0 .functor AND 1, L_0x56eb05617130, L_0x56eb05617050, C4<1>, C4<1>;
v0x56eb0558a080_0 .net "A", 0 0, L_0x56eb05617130;  1 drivers
v0x56eb0558a160_0 .net "B", 0 0, L_0x56eb05617640;  1 drivers
v0x56eb0558a220_0 .net "Y", 0 0, L_0x56eb056170c0;  alias, 1 drivers
v0x56eb0558a2c0_0 .net *"_ivl_0", 0 0, L_0x56eb05617050;  1 drivers
S_0x56eb0558a420 .scope module, "_443_" "AND2_01_0" 5 1474, 3 12 0, S_0x56eb054cfb00;
 .timescale 0 0;
    .port_info 0 /INPUT 1 "A";
    .port_info 1 /INPUT 1 "B";
    .port_info 2 /OUTPUT 1 "Y";
L_0x56eb056177c0 .functor NOT 1, L_0x56eb05617220, C4<0>, C4<0>, C4<0>;
L_0x56eb05617830 .functor AND 1, L_0x56eb056178a0, L_0x56eb056177c0, C4<1>, C4<1>;
v0x56eb0558a650_0 .net "A", 0 0, L_0x56eb056178a0;  1 drivers
v0x56eb0558a730_0 .net "B", 0 0, L_0x56eb05617220;  1 drivers
v0x56eb0558a7f0_0 .net "Y", 0 0, L_0x56eb05617830;  alias, 1 drivers
v0x56eb0558a8c0_0 .net *"_ivl_0", 0 0, L_0x56eb056177c0;  1 drivers
S_0x56eb0558aa20 .scope module, "_444_" "AND2_11_1" 5 1479, 3 39 0, S_0x56eb054cfb00;
 .timescale 0 0;
    .port_info 0 /INPUT 1 "A";
    .port_info 1 /INPUT 1 "B";
    .port_info 2 /OUTPUT 1 "Y";
L_0x56eb05617310 .functor OR 1, L_0x56eb056170c0, L_0x56eb05617830, C4<0>, C4<0>;
v0x56eb0558ac50_0 .net "A", 0 0, L_0x56eb056170c0;  alias, 1 drivers
v0x56eb0558ad40_0 .net "B", 0 0, L_0x56eb05617830;  alias, 1 drivers
v0x56eb0558ae10_0 .net "Y", 0 0, L_0x56eb05617310;  alias, 1 drivers
S_0x56eb0558af20 .scope module, "_445_" "AND2_01_0" 5 1484, 3 12 0, S_0x56eb054cfb00;
 .timescale 0 0;
    .port_info 0 /INPUT 1 "A";
    .port_info 1 /INPUT 1 "B";
    .port_info 2 /OUTPUT 1 "Y";
L_0x56eb056174c0 .functor NOT 1, L_0x56eb05617990, C4<0>, C4<0>, C4<0>;
L_0x56eb05617550 .functor AND 1, L_0x56eb05617dc0, L_0x56eb056174c0, C4<1>, C4<1>;
v0x56eb0558b150_0 .net "A", 0 0, L_0x56eb05617dc0;  1 drivers
v0x56eb0558b230_0 .net "B", 0 0, L_0x56eb05617990;  1 drivers
v0x56eb0558b2f0_0 .net "Y", 0 0, L_0x56eb05617550;  alias, 1 drivers
v0x56eb0558b3c0_0 .net *"_ivl_0", 0 0, L_0x56eb056174c0;  1 drivers
S_0x56eb0558b520 .scope module, "_446_" "AND2_01_0" 5 1489, 3 12 0, S_0x56eb054cfb00;
 .timescale 0 0;
    .port_info 0 /INPUT 1 "A";
    .port_info 1 /INPUT 1 "B";
    .port_info 2 /OUTPUT 1 "Y";
L_0x56eb05617a80 .functor NOT 1, L_0x56eb05617ca0, C4<0>, C4<0>, C4<0>;
L_0x56eb05617af0 .functor AND 1, L_0x56eb05617bb0, L_0x56eb05617a80, C4<1>, C4<1>;
v0x56eb0558b750_0 .net "A", 0 0, L_0x56eb05617bb0;  1 drivers
v0x56eb0558b830_0 .net "B", 0 0, L_0x56eb05617ca0;  1 drivers
v0x56eb0558b8f0_0 .net "Y", 0 0, L_0x56eb05617af0;  alias, 1 drivers
v0x56eb0558b9c0_0 .net *"_ivl_0", 0 0, L_0x56eb05617a80;  1 drivers
S_0x56eb0558bb20 .scope module, "_447_" "AND2_11_0" 5 1494, 3 30 0, S_0x56eb054cfb00;
 .timescale 0 0;
    .port_info 0 /INPUT 1 "A";
    .port_info 1 /INPUT 1 "B";
    .port_info 2 /OUTPUT 1 "Y";
L_0x56eb056175c0 .functor NOT 1, L_0x56eb05617550, C4<0>, C4<0>, C4<0>;
L_0x56eb056182b0 .functor NOT 1, L_0x56eb05617af0, C4<0>, C4<0>, C4<0>;
L_0x56eb056183b0 .functor AND 1, L_0x56eb056175c0, L_0x56eb056182b0, C4<1>, C4<1>;
v0x56eb0558bd50_0 .net "A", 0 0, L_0x56eb05617550;  alias, 1 drivers
v0x56eb0558be40_0 .net "B", 0 0, L_0x56eb05617af0;  alias, 1 drivers
v0x56eb0558bf10_0 .net "Y", 0 0, L_0x56eb056183b0;  alias, 1 drivers
v0x56eb0558bfe0_0 .net *"_ivl_0", 0 0, L_0x56eb056175c0;  1 drivers
v0x56eb0558c080_0 .net *"_ivl_2", 0 0, L_0x56eb056182b0;  1 drivers
S_0x56eb0558c230 .scope module, "_448_" "AND2_01_0" 5 1499, 3 12 0, S_0x56eb054cfb00;
 .timescale 0 0;
    .port_info 0 /INPUT 1 "A";
    .port_info 1 /INPUT 1 "B";
    .port_info 2 /OUTPUT 1 "Y";
L_0x56eb05618420 .functor NOT 1, L_0x56eb05617e60, C4<0>, C4<0>, C4<0>;
L_0x56eb05618490 .functor AND 1, L_0x56eb05618550, L_0x56eb05618420, C4<1>, C4<1>;
v0x56eb0558c460_0 .net "A", 0 0, L_0x56eb05618550;  1 drivers
v0x56eb0558c540_0 .net "B", 0 0, L_0x56eb05617e60;  1 drivers
v0x56eb0558c600_0 .net "Y", 0 0, L_0x56eb05618490;  alias, 1 drivers
v0x56eb0558c6a0_0 .net *"_ivl_0", 0 0, L_0x56eb05618420;  1 drivers
S_0x56eb0558c800 .scope module, "_449_" "AND2_01_0" 5 1504, 3 12 0, S_0x56eb054cfb00;
 .timescale 0 0;
    .port_info 0 /INPUT 1 "A";
    .port_info 1 /INPUT 1 "B";
    .port_info 2 /OUTPUT 1 "Y";
L_0x56eb05617f50 .functor NOT 1, L_0x56eb05618170, C4<0>, C4<0>, C4<0>;
L_0x56eb05617fc0 .functor AND 1, L_0x56eb05618080, L_0x56eb05617f50, C4<1>, C4<1>;
v0x56eb0558ca30_0 .net "A", 0 0, L_0x56eb05618080;  1 drivers
v0x56eb0558cb10_0 .net "B", 0 0, L_0x56eb05618170;  1 drivers
v0x56eb0558cbd0_0 .net "Y", 0 0, L_0x56eb05617fc0;  alias, 1 drivers
v0x56eb0558cca0_0 .net *"_ivl_0", 0 0, L_0x56eb05617f50;  1 drivers
S_0x56eb0558ce00 .scope module, "_450_" "AND2_11_0" 5 1509, 3 30 0, S_0x56eb054cfb00;
 .timescale 0 0;
    .port_info 0 /INPUT 1 "A";
    .port_info 1 /INPUT 1 "B";
    .port_info 2 /OUTPUT 1 "Y";
L_0x56eb05618ab0 .functor NOT 1, L_0x56eb05618490, C4<0>, C4<0>, C4<0>;
L_0x56eb05618b20 .functor NOT 1, L_0x56eb05617fc0, C4<0>, C4<0>, C4<0>;
L_0x56eb05618c20 .functor AND 1, L_0x56eb05618ab0, L_0x56eb05618b20, C4<1>, C4<1>;
v0x56eb0558d030_0 .net "A", 0 0, L_0x56eb05618490;  alias, 1 drivers
v0x56eb0558d120_0 .net "B", 0 0, L_0x56eb05617fc0;  alias, 1 drivers
v0x56eb0558d1f0_0 .net "Y", 0 0, L_0x56eb05618c20;  alias, 1 drivers
v0x56eb0558d2c0_0 .net *"_ivl_0", 0 0, L_0x56eb05618ab0;  1 drivers
v0x56eb0558d360_0 .net *"_ivl_2", 0 0, L_0x56eb05618b20;  1 drivers
S_0x56eb0558d510 .scope module, "_451_" "AND2_00_0" 5 1514, 3 3 0, S_0x56eb054cfb00;
 .timescale 0 0;
    .port_info 0 /INPUT 1 "A";
    .port_info 1 /INPUT 1 "B";
    .port_info 2 /OUTPUT 1 "Y";
L_0x56eb05618c90 .functor AND 1, L_0x56eb056183b0, L_0x56eb05618c20, C4<1>, C4<1>;
v0x56eb0558d740_0 .net "A", 0 0, L_0x56eb056183b0;  alias, 1 drivers
v0x56eb0558d800_0 .net "B", 0 0, L_0x56eb05618c20;  alias, 1 drivers
v0x56eb0558d8d0_0 .net "Y", 0 0, L_0x56eb05618c90;  alias, 1 drivers
S_0x56eb0558d9e0 .scope module, "_452_" "AND2_01_0" 5 1519, 3 12 0, S_0x56eb054cfb00;
 .timescale 0 0;
    .port_info 0 /INPUT 1 "A";
    .port_info 1 /INPUT 1 "B";
    .port_info 2 /OUTPUT 1 "Y";
L_0x56eb05618e20 .functor NOT 1, L_0x56eb05618640, C4<0>, C4<0>, C4<0>;
L_0x56eb05618e90 .functor AND 1, L_0x56eb05618f00, L_0x56eb05618e20, C4<1>, C4<1>;
v0x56eb0558dc10_0 .net "A", 0 0, L_0x56eb05618f00;  1 drivers
v0x56eb0558dcf0_0 .net "B", 0 0, L_0x56eb05618640;  1 drivers
v0x56eb0558ddb0_0 .net "Y", 0 0, L_0x56eb05618e90;  alias, 1 drivers
v0x56eb0558de80_0 .net *"_ivl_0", 0 0, L_0x56eb05618e20;  1 drivers
S_0x56eb0558dfe0 .scope module, "_453_" "AND2_01_0" 5 1524, 3 12 0, S_0x56eb054cfb00;
 .timescale 0 0;
    .port_info 0 /INPUT 1 "A";
    .port_info 1 /INPUT 1 "B";
    .port_info 2 /OUTPUT 1 "Y";
L_0x56eb056186e0 .functor NOT 1, L_0x56eb05618900, C4<0>, C4<0>, C4<0>;
L_0x56eb05618750 .functor AND 1, L_0x56eb05618810, L_0x56eb056186e0, C4<1>, C4<1>;
v0x56eb0558e210_0 .net "A", 0 0, L_0x56eb05618810;  1 drivers
v0x56eb0558e2f0_0 .net "B", 0 0, L_0x56eb05618900;  1 drivers
v0x56eb0558e3b0_0 .net "Y", 0 0, L_0x56eb05618750;  alias, 1 drivers
v0x56eb0558e480_0 .net *"_ivl_0", 0 0, L_0x56eb056186e0;  1 drivers
S_0x56eb0558e5e0 .scope module, "_454_" "AND2_01_0" 5 1529, 3 12 0, S_0x56eb054cfb00;
 .timescale 0 0;
    .port_info 0 /INPUT 1 "A";
    .port_info 1 /INPUT 1 "B";
    .port_info 2 /OUTPUT 1 "Y";
L_0x56eb056189f0 .functor NOT 1, L_0x56eb05618fa0, C4<0>, C4<0>, C4<0>;
L_0x56eb05619430 .functor AND 1, L_0x56eb056194a0, L_0x56eb056189f0, C4<1>, C4<1>;
v0x56eb0558e810_0 .net "A", 0 0, L_0x56eb056194a0;  1 drivers
v0x56eb0558e8f0_0 .net "B", 0 0, L_0x56eb05618fa0;  1 drivers
v0x56eb0558e9b0_0 .net "Y", 0 0, L_0x56eb05619430;  alias, 1 drivers
v0x56eb0558ea80_0 .net *"_ivl_0", 0 0, L_0x56eb056189f0;  1 drivers
S_0x56eb0558ebe0 .scope module, "_455_" "AND2_01_0" 5 1534, 3 12 0, S_0x56eb054cfb00;
 .timescale 0 0;
    .port_info 0 /INPUT 1 "A";
    .port_info 1 /INPUT 1 "B";
    .port_info 2 /OUTPUT 1 "Y";
L_0x56eb05619090 .functor NOT 1, L_0x56eb056192b0, C4<0>, C4<0>, C4<0>;
L_0x56eb05619100 .functor AND 1, L_0x56eb056191c0, L_0x56eb05619090, C4<1>, C4<1>;
v0x56eb0558ee10_0 .net "A", 0 0, L_0x56eb056191c0;  1 drivers
v0x56eb0558eef0_0 .net "B", 0 0, L_0x56eb056192b0;  1 drivers
v0x56eb0558efb0_0 .net "Y", 0 0, L_0x56eb05619100;  alias, 1 drivers
v0x56eb0558f080_0 .net *"_ivl_0", 0 0, L_0x56eb05619090;  1 drivers
S_0x56eb0558f1e0 .scope module, "_456_" "AND2_11_0" 5 1539, 3 30 0, S_0x56eb054cfb00;
 .timescale 0 0;
    .port_info 0 /INPUT 1 "A";
    .port_info 1 /INPUT 1 "B";
    .port_info 2 /OUTPUT 1 "Y";
L_0x56eb056193a0 .functor NOT 1, L_0x56eb05619bc0, C4<0>, C4<0>, C4<0>;
L_0x56eb05619a40 .functor NOT 1, L_0x56eb05619590, C4<0>, C4<0>, C4<0>;
L_0x56eb05619ab0 .functor AND 1, L_0x56eb056193a0, L_0x56eb05619a40, C4<1>, C4<1>;
v0x56eb0558f410_0 .net "A", 0 0, L_0x56eb05619bc0;  1 drivers
v0x56eb0558f4f0_0 .net "B", 0 0, L_0x56eb05619590;  1 drivers
v0x56eb0558f5b0_0 .net "Y", 0 0, L_0x56eb05619ab0;  alias, 1 drivers
v0x56eb0558f680_0 .net *"_ivl_0", 0 0, L_0x56eb056193a0;  1 drivers
v0x56eb0558f760_0 .net *"_ivl_2", 0 0, L_0x56eb05619a40;  1 drivers
S_0x56eb0558f910 .scope module, "_457_" "AND2_00_0" 5 1544, 3 3 0, S_0x56eb054cfb00;
 .timescale 0 0;
    .port_info 0 /INPUT 1 "A";
    .port_info 1 /INPUT 1 "B";
    .port_info 2 /OUTPUT 1 "Y";
L_0x56eb05619680 .functor AND 1, L_0x56eb056196f0, L_0x56eb056197e0, C4<1>, C4<1>;
v0x56eb0558fb40_0 .net "A", 0 0, L_0x56eb056196f0;  1 drivers
v0x56eb0558fc20_0 .net "B", 0 0, L_0x56eb056197e0;  1 drivers
v0x56eb0558fce0_0 .net "Y", 0 0, L_0x56eb05619680;  alias, 1 drivers
S_0x56eb0558fe00 .scope module, "_458_" "AND2_11_1" 5 1549, 3 39 0, S_0x56eb054cfb00;
 .timescale 0 0;
    .port_info 0 /INPUT 1 "A";
    .port_info 1 /INPUT 1 "B";
    .port_info 2 /OUTPUT 1 "Y";
L_0x56eb056198d0 .functor OR 1, L_0x56eb05619ab0, L_0x56eb05619680, C4<0>, C4<0>;
v0x56eb05590030_0 .net "A", 0 0, L_0x56eb05619ab0;  alias, 1 drivers
v0x56eb05590120_0 .net "B", 0 0, L_0x56eb05619680;  alias, 1 drivers
v0x56eb055901f0_0 .net "Y", 0 0, L_0x56eb056198d0;  alias, 1 drivers
S_0x56eb05590300 .scope module, "_459_" "AND2_11_0" 5 1554, 3 30 0, S_0x56eb054cfb00;
 .timescale 0 0;
    .port_info 0 /INPUT 1 "A";
    .port_info 1 /INPUT 1 "B";
    .port_info 2 /OUTPUT 1 "Y";
L_0x56eb056199d0 .functor NOT 1, L_0x56eb0561a2f0, C4<0>, C4<0>, C4<0>;
L_0x56eb0561a210 .functor NOT 1, L_0x56eb05619cb0, C4<0>, C4<0>, C4<0>;
L_0x56eb0561a280 .functor AND 1, L_0x56eb056199d0, L_0x56eb0561a210, C4<1>, C4<1>;
v0x56eb05590530_0 .net "A", 0 0, L_0x56eb0561a2f0;  1 drivers
v0x56eb05590610_0 .net "B", 0 0, L_0x56eb05619cb0;  1 drivers
v0x56eb055906d0_0 .net "Y", 0 0, L_0x56eb0561a280;  alias, 1 drivers
v0x56eb055907a0_0 .net *"_ivl_0", 0 0, L_0x56eb056199d0;  1 drivers
v0x56eb05590880_0 .net *"_ivl_2", 0 0, L_0x56eb0561a210;  1 drivers
S_0x56eb05590a30 .scope module, "_460_" "AND2_00_0" 5 1559, 3 3 0, S_0x56eb054cfb00;
 .timescale 0 0;
    .port_info 0 /INPUT 1 "A";
    .port_info 1 /INPUT 1 "B";
    .port_info 2 /OUTPUT 1 "Y";
L_0x56eb05619da0 .functor AND 1, L_0x56eb05619e10, L_0x56eb05619f00, C4<1>, C4<1>;
v0x56eb05590c60_0 .net "A", 0 0, L_0x56eb05619e10;  1 drivers
v0x56eb05590d40_0 .net "B", 0 0, L_0x56eb05619f00;  1 drivers
v0x56eb05590e00_0 .net "Y", 0 0, L_0x56eb05619da0;  alias, 1 drivers
S_0x56eb05590f20 .scope module, "_461_" "AND2_11_1" 5 1564, 3 39 0, S_0x56eb054cfb00;
 .timescale 0 0;
    .port_info 0 /INPUT 1 "A";
    .port_info 1 /INPUT 1 "B";
    .port_info 2 /OUTPUT 1 "Y";
L_0x56eb05619ff0 .functor OR 1, L_0x56eb0561a280, L_0x56eb05619da0, C4<0>, C4<0>;
v0x56eb05591150_0 .net "A", 0 0, L_0x56eb0561a280;  alias, 1 drivers
v0x56eb05591240_0 .net "B", 0 0, L_0x56eb05619da0;  alias, 1 drivers
v0x56eb05591310_0 .net "Y", 0 0, L_0x56eb05619ff0;  alias, 1 drivers
S_0x56eb05591420 .scope module, "_462_" "AND2_01_0" 5 1569, 3 12 0, S_0x56eb054cfb00;
 .timescale 0 0;
    .port_info 0 /INPUT 1 "A";
    .port_info 1 /INPUT 1 "B";
    .port_info 2 /OUTPUT 1 "Y";
L_0x56eb0561a8d0 .functor NOT 1, L_0x56eb0561a3e0, C4<0>, C4<0>, C4<0>;
L_0x56eb0561a940 .functor AND 1, L_0x56eb0561a9b0, L_0x56eb0561a8d0, C4<1>, C4<1>;
v0x56eb05591650_0 .net "A", 0 0, L_0x56eb0561a9b0;  1 drivers
v0x56eb05591730_0 .net "B", 0 0, L_0x56eb0561a3e0;  1 drivers
v0x56eb055917f0_0 .net "Y", 0 0, L_0x56eb0561a940;  alias, 1 drivers
v0x56eb055918c0_0 .net *"_ivl_0", 0 0, L_0x56eb0561a8d0;  1 drivers
S_0x56eb05591a20 .scope module, "_463_" "AND2_01_0" 5 1574, 3 12 0, S_0x56eb054cfb00;
 .timescale 0 0;
    .port_info 0 /INPUT 1 "A";
    .port_info 1 /INPUT 1 "B";
    .port_info 2 /OUTPUT 1 "Y";
L_0x56eb0561a4d0 .functor NOT 1, L_0x56eb0561a6f0, C4<0>, C4<0>, C4<0>;
L_0x56eb0561a540 .functor AND 1, L_0x56eb0561a600, L_0x56eb0561a4d0, C4<1>, C4<1>;
v0x56eb05591c50_0 .net "A", 0 0, L_0x56eb0561a600;  1 drivers
v0x56eb05591d30_0 .net "B", 0 0, L_0x56eb0561a6f0;  1 drivers
v0x56eb05591df0_0 .net "Y", 0 0, L_0x56eb0561a540;  alias, 1 drivers
v0x56eb05591ec0_0 .net *"_ivl_0", 0 0, L_0x56eb0561a4d0;  1 drivers
S_0x56eb05592020 .scope module, "_464_" "AND2_11_0" 5 1579, 3 30 0, S_0x56eb054cfb00;
 .timescale 0 0;
    .port_info 0 /INPUT 1 "A";
    .port_info 1 /INPUT 1 "B";
    .port_info 2 /OUTPUT 1 "Y";
L_0x56eb0561a7e0 .functor NOT 1, L_0x56eb0561a940, C4<0>, C4<0>, C4<0>;
L_0x56eb0561a850 .functor NOT 1, L_0x56eb0561a540, C4<0>, C4<0>, C4<0>;
L_0x56eb0561b080 .functor AND 1, L_0x56eb0561a7e0, L_0x56eb0561a850, C4<1>, C4<1>;
v0x56eb05592250_0 .net "A", 0 0, L_0x56eb0561a940;  alias, 1 drivers
v0x56eb05592340_0 .net "B", 0 0, L_0x56eb0561a540;  alias, 1 drivers
v0x56eb05592410_0 .net "Y", 0 0, L_0x56eb0561b080;  alias, 1 drivers
v0x56eb055924e0_0 .net *"_ivl_0", 0 0, L_0x56eb0561a7e0;  1 drivers
v0x56eb05592580_0 .net *"_ivl_2", 0 0, L_0x56eb0561a850;  1 drivers
S_0x56eb05592730 .scope module, "_465_" "AND2_01_0" 5 1584, 3 12 0, S_0x56eb054cfb00;
 .timescale 0 0;
    .port_info 0 /INPUT 1 "A";
    .port_info 1 /INPUT 1 "B";
    .port_info 2 /OUTPUT 1 "Y";
L_0x56eb0561b0f0 .functor NOT 1, L_0x56eb0561aa50, C4<0>, C4<0>, C4<0>;
L_0x56eb0561b160 .functor AND 1, L_0x56eb0561b220, L_0x56eb0561b0f0, C4<1>, C4<1>;
v0x56eb05592960_0 .net "A", 0 0, L_0x56eb0561b220;  1 drivers
v0x56eb05592a40_0 .net "B", 0 0, L_0x56eb0561aa50;  1 drivers
v0x56eb05592b00_0 .net "Y", 0 0, L_0x56eb0561b160;  alias, 1 drivers
v0x56eb05592ba0_0 .net *"_ivl_0", 0 0, L_0x56eb0561b0f0;  1 drivers
S_0x56eb05592d00 .scope module, "_466_" "AND2_01_0" 5 1589, 3 12 0, S_0x56eb054cfb00;
 .timescale 0 0;
    .port_info 0 /INPUT 1 "A";
    .port_info 1 /INPUT 1 "B";
    .port_info 2 /OUTPUT 1 "Y";
L_0x56eb0561ab40 .functor NOT 1, L_0x56eb0561ad60, C4<0>, C4<0>, C4<0>;
L_0x56eb0561abb0 .functor AND 1, L_0x56eb0561ac70, L_0x56eb0561ab40, C4<1>, C4<1>;
v0x56eb05592f30_0 .net "A", 0 0, L_0x56eb0561ac70;  1 drivers
v0x56eb05593010_0 .net "B", 0 0, L_0x56eb0561ad60;  1 drivers
v0x56eb055930d0_0 .net "Y", 0 0, L_0x56eb0561abb0;  alias, 1 drivers
v0x56eb055931a0_0 .net *"_ivl_0", 0 0, L_0x56eb0561ab40;  1 drivers
S_0x56eb05593300 .scope module, "_467_" "AND2_11_1" 5 1594, 3 39 0, S_0x56eb054cfb00;
 .timescale 0 0;
    .port_info 0 /INPUT 1 "A";
    .port_info 1 /INPUT 1 "B";
    .port_info 2 /OUTPUT 1 "Y";
L_0x56eb0561ae50 .functor OR 1, L_0x56eb0561b160, L_0x56eb0561abb0, C4<0>, C4<0>;
v0x56eb05593530_0 .net "A", 0 0, L_0x56eb0561b160;  alias, 1 drivers
v0x56eb05593620_0 .net "B", 0 0, L_0x56eb0561abb0;  alias, 1 drivers
v0x56eb055936f0_0 .net "Y", 0 0, L_0x56eb0561ae50;  alias, 1 drivers
S_0x56eb05593800 .scope module, "_468_" "AND2_11_0" 5 1599, 3 30 0, S_0x56eb054cfb00;
 .timescale 0 0;
    .port_info 0 /INPUT 1 "A";
    .port_info 1 /INPUT 1 "B";
    .port_info 2 /OUTPUT 1 "Y";
L_0x56eb0561b8d0 .functor NOT 1, L_0x56eb0561ba20, C4<0>, C4<0>, C4<0>;
L_0x56eb0561b940 .functor NOT 1, L_0x56eb0561b310, C4<0>, C4<0>, C4<0>;
L_0x56eb0561b9b0 .functor AND 1, L_0x56eb0561b8d0, L_0x56eb0561b940, C4<1>, C4<1>;
v0x56eb05593a30_0 .net "A", 0 0, L_0x56eb0561ba20;  1 drivers
v0x56eb05593b10_0 .net "B", 0 0, L_0x56eb0561b310;  1 drivers
v0x56eb05593bd0_0 .net "Y", 0 0, L_0x56eb0561b9b0;  alias, 1 drivers
v0x56eb05593ca0_0 .net *"_ivl_0", 0 0, L_0x56eb0561b8d0;  1 drivers
v0x56eb05593d80_0 .net *"_ivl_2", 0 0, L_0x56eb0561b940;  1 drivers
S_0x56eb05593f30 .scope module, "_469_" "AND2_00_0" 5 1604, 3 3 0, S_0x56eb054cfb00;
 .timescale 0 0;
    .port_info 0 /INPUT 1 "A";
    .port_info 1 /INPUT 1 "B";
    .port_info 2 /OUTPUT 1 "Y";
L_0x56eb0561b400 .functor AND 1, L_0x56eb0561b470, L_0x56eb0561b560, C4<1>, C4<1>;
v0x56eb05594160_0 .net "A", 0 0, L_0x56eb0561b470;  1 drivers
v0x56eb05594240_0 .net "B", 0 0, L_0x56eb0561b560;  1 drivers
v0x56eb05594300_0 .net "Y", 0 0, L_0x56eb0561b400;  alias, 1 drivers
S_0x56eb05594420 .scope module, "_470_" "AND2_11_1" 5 1609, 3 39 0, S_0x56eb054cfb00;
 .timescale 0 0;
    .port_info 0 /INPUT 1 "A";
    .port_info 1 /INPUT 1 "B";
    .port_info 2 /OUTPUT 1 "Y";
L_0x56eb0561b650 .functor OR 1, L_0x56eb0561b9b0, L_0x56eb0561b400, C4<0>, C4<0>;
v0x56eb05594650_0 .net "A", 0 0, L_0x56eb0561b9b0;  alias, 1 drivers
v0x56eb05594740_0 .net "B", 0 0, L_0x56eb0561b400;  alias, 1 drivers
v0x56eb05594810_0 .net "Y", 0 0, L_0x56eb0561b650;  alias, 1 drivers
S_0x56eb05594920 .scope module, "_471_" "AND2_11_0" 5 1614, 3 30 0, S_0x56eb054cfb00;
 .timescale 0 0;
    .port_info 0 /INPUT 1 "A";
    .port_info 1 /INPUT 1 "B";
    .port_info 2 /OUTPUT 1 "Y";
L_0x56eb0561c060 .functor NOT 1, L_0x56eb0561c1b0, C4<0>, C4<0>, C4<0>;
L_0x56eb0561c0d0 .functor NOT 1, L_0x56eb0561bb10, C4<0>, C4<0>, C4<0>;
L_0x56eb0561c140 .functor AND 1, L_0x56eb0561c060, L_0x56eb0561c0d0, C4<1>, C4<1>;
v0x56eb05594b50_0 .net "A", 0 0, L_0x56eb0561c1b0;  1 drivers
v0x56eb05594c30_0 .net "B", 0 0, L_0x56eb0561bb10;  1 drivers
v0x56eb05594cf0_0 .net "Y", 0 0, L_0x56eb0561c140;  alias, 1 drivers
v0x56eb05594dc0_0 .net *"_ivl_0", 0 0, L_0x56eb0561c060;  1 drivers
v0x56eb05594ea0_0 .net *"_ivl_2", 0 0, L_0x56eb0561c0d0;  1 drivers
S_0x56eb05595050 .scope module, "_472_" "AND2_00_0" 5 1619, 3 3 0, S_0x56eb054cfb00;
 .timescale 0 0;
    .port_info 0 /INPUT 1 "A";
    .port_info 1 /INPUT 1 "B";
    .port_info 2 /OUTPUT 1 "Y";
L_0x56eb0561bc00 .functor AND 1, L_0x56eb0561bc70, L_0x56eb0561bd60, C4<1>, C4<1>;
v0x56eb05595280_0 .net "A", 0 0, L_0x56eb0561bc70;  1 drivers
v0x56eb05595360_0 .net "B", 0 0, L_0x56eb0561bd60;  1 drivers
v0x56eb05595420_0 .net "Y", 0 0, L_0x56eb0561bc00;  alias, 1 drivers
S_0x56eb05595540 .scope module, "_473_" "AND2_11_1" 5 1624, 3 39 0, S_0x56eb054cfb00;
 .timescale 0 0;
    .port_info 0 /INPUT 1 "A";
    .port_info 1 /INPUT 1 "B";
    .port_info 2 /OUTPUT 1 "Y";
L_0x56eb0561be50 .functor OR 1, L_0x56eb0561c140, L_0x56eb0561bc00, C4<0>, C4<0>;
v0x56eb05595770_0 .net "A", 0 0, L_0x56eb0561c140;  alias, 1 drivers
v0x56eb05595860_0 .net "B", 0 0, L_0x56eb0561bc00;  alias, 1 drivers
v0x56eb05595930_0 .net "Y", 0 0, L_0x56eb0561be50;  alias, 1 drivers
S_0x56eb05595a40 .scope module, "_474_" "AND2_00_0" 5 1629, 3 3 0, S_0x56eb054cfb00;
 .timescale 0 0;
    .port_info 0 /INPUT 1 "A";
    .port_info 1 /INPUT 1 "B";
    .port_info 2 /OUTPUT 1 "Y";
L_0x56eb0561c810 .functor AND 1, L_0x56eb05619ff0, L_0x56eb0561b650, C4<1>, C4<1>;
v0x56eb05595c70_0 .net "A", 0 0, L_0x56eb05619ff0;  alias, 1 drivers
v0x56eb05595d60_0 .net "B", 0 0, L_0x56eb0561b650;  alias, 1 drivers
v0x56eb05595e30_0 .net "Y", 0 0, L_0x56eb0561c810;  alias, 1 drivers
S_0x56eb05595f40 .scope module, "_475_" "AND2_00_0" 5 1634, 3 3 0, S_0x56eb054cfb00;
 .timescale 0 0;
    .port_info 0 /INPUT 1 "A";
    .port_info 1 /INPUT 1 "B";
    .port_info 2 /OUTPUT 1 "Y";
L_0x56eb0561c9a0 .functor AND 1, L_0x56eb05618c90, L_0x56eb0561c810, C4<1>, C4<1>;
v0x56eb0557d090_0 .net "A", 0 0, L_0x56eb05618c90;  alias, 1 drivers
v0x56eb0557d180_0 .net "B", 0 0, L_0x56eb0561c810;  alias, 1 drivers
v0x56eb0557d250_0 .net "Y", 0 0, L_0x56eb0561c9a0;  alias, 1 drivers
S_0x56eb0557d360 .scope module, "_476_" "AND2_01_0" 5 1639, 3 12 0, S_0x56eb054cfb00;
 .timescale 0 0;
    .port_info 0 /INPUT 1 "A";
    .port_info 1 /INPUT 1 "B";
    .port_info 2 /OUTPUT 1 "Y";
L_0x56eb0561cb30 .functor NOT 1, L_0x56eb0561c2a0, C4<0>, C4<0>, C4<0>;
L_0x56eb0561cba0 .functor AND 1, L_0x56eb0561cc10, L_0x56eb0561cb30, C4<1>, C4<1>;
v0x56eb0557d590_0 .net "A", 0 0, L_0x56eb0561cc10;  1 drivers
v0x56eb0557d670_0 .net "B", 0 0, L_0x56eb0561c2a0;  1 drivers
v0x56eb0557d730_0 .net "Y", 0 0, L_0x56eb0561cba0;  alias, 1 drivers
v0x56eb05597130_0 .net *"_ivl_0", 0 0, L_0x56eb0561cb30;  1 drivers
S_0x56eb05597250 .scope module, "_477_" "AND2_11_0" 5 1644, 3 30 0, S_0x56eb054cfb00;
 .timescale 0 0;
    .port_info 0 /INPUT 1 "A";
    .port_info 1 /INPUT 1 "B";
    .port_info 2 /OUTPUT 1 "Y";
L_0x56eb0561c340 .functor NOT 1, L_0x56eb05618750, C4<0>, C4<0>, C4<0>;
L_0x56eb0561c440 .functor NOT 1, L_0x56eb0561cba0, C4<0>, C4<0>, C4<0>;
L_0x56eb0561c560 .functor AND 1, L_0x56eb0561c340, L_0x56eb0561c440, C4<1>, C4<1>;
v0x56eb05597480_0 .net "A", 0 0, L_0x56eb05618750;  alias, 1 drivers
v0x56eb05597570_0 .net "B", 0 0, L_0x56eb0561cba0;  alias, 1 drivers
v0x56eb05597640_0 .net "Y", 0 0, L_0x56eb0561c560;  alias, 1 drivers
v0x56eb05597710_0 .net *"_ivl_0", 0 0, L_0x56eb0561c340;  1 drivers
v0x56eb055977b0_0 .net *"_ivl_2", 0 0, L_0x56eb0561c440;  1 drivers
S_0x56eb05597960 .scope module, "_478_" "AND2_00_0" 5 1649, 3 3 0, S_0x56eb054cfb00;
 .timescale 0 0;
    .port_info 0 /INPUT 1 "A";
    .port_info 1 /INPUT 1 "B";
    .port_info 2 /OUTPUT 1 "Y";
L_0x56eb0561c5d0 .functor AND 1, L_0x56eb0561be50, L_0x56eb0561c560, C4<1>, C4<1>;
v0x56eb05597b90_0 .net "A", 0 0, L_0x56eb0561be50;  alias, 1 drivers
v0x56eb05597c50_0 .net "B", 0 0, L_0x56eb0561c560;  alias, 1 drivers
v0x56eb05597d20_0 .net "Y", 0 0, L_0x56eb0561c5d0;  alias, 1 drivers
S_0x56eb05597e30 .scope module, "_479_" "AND2_01_0" 5 1654, 3 12 0, S_0x56eb054cfb00;
 .timescale 0 0;
    .port_info 0 /INPUT 1 "A";
    .port_info 1 /INPUT 1 "B";
    .port_info 2 /OUTPUT 1 "Y";
L_0x56eb0561c7a0 .functor NOT 1, L_0x56eb0561ccb0, C4<0>, C4<0>, C4<0>;
L_0x56eb0561d230 .functor AND 1, L_0x56eb0561d2a0, L_0x56eb0561c7a0, C4<1>, C4<1>;
v0x56eb05598060_0 .net "A", 0 0, L_0x56eb0561d2a0;  1 drivers
v0x56eb05598140_0 .net "B", 0 0, L_0x56eb0561ccb0;  1 drivers
v0x56eb05598200_0 .net "Y", 0 0, L_0x56eb0561d230;  alias, 1 drivers
v0x56eb055982d0_0 .net *"_ivl_0", 0 0, L_0x56eb0561c7a0;  1 drivers
S_0x56eb05598430 .scope module, "_480_" "AND2_11_0" 5 1659, 3 30 0, S_0x56eb054cfb00;
 .timescale 0 0;
    .port_info 0 /INPUT 1 "A";
    .port_info 1 /INPUT 1 "B";
    .port_info 2 /OUTPUT 1 "Y";
L_0x56eb0561cd50 .functor NOT 1, L_0x56eb05619100, C4<0>, C4<0>, C4<0>;
L_0x56eb0561ce50 .functor NOT 1, L_0x56eb0561d230, C4<0>, C4<0>, C4<0>;
L_0x56eb0561cf70 .functor AND 1, L_0x56eb0561cd50, L_0x56eb0561ce50, C4<1>, C4<1>;
v0x56eb05598660_0 .net "A", 0 0, L_0x56eb05619100;  alias, 1 drivers
v0x56eb05598750_0 .net "B", 0 0, L_0x56eb0561d230;  alias, 1 drivers
v0x56eb05598820_0 .net "Y", 0 0, L_0x56eb0561cf70;  alias, 1 drivers
v0x56eb055988f0_0 .net *"_ivl_0", 0 0, L_0x56eb0561cd50;  1 drivers
v0x56eb05598990_0 .net *"_ivl_2", 0 0, L_0x56eb0561ce50;  1 drivers
S_0x56eb05598b40 .scope module, "_481_" "AND2_00_0" 5 1664, 3 3 0, S_0x56eb054cfb00;
 .timescale 0 0;
    .port_info 0 /INPUT 1 "A";
    .port_info 1 /INPUT 1 "B";
    .port_info 2 /OUTPUT 1 "Y";
L_0x56eb0561cfe0 .functor AND 1, L_0x56eb056198d0, L_0x56eb0561cf70, C4<1>, C4<1>;
v0x56eb05598d70_0 .net "A", 0 0, L_0x56eb056198d0;  alias, 1 drivers
v0x56eb05598e30_0 .net "B", 0 0, L_0x56eb0561cf70;  alias, 1 drivers
v0x56eb05598f00_0 .net "Y", 0 0, L_0x56eb0561cfe0;  alias, 1 drivers
S_0x56eb05599010 .scope module, "_482_" "AND2_00_0" 5 1669, 3 3 0, S_0x56eb054cfb00;
 .timescale 0 0;
    .port_info 0 /INPUT 1 "A";
    .port_info 1 /INPUT 1 "B";
    .port_info 2 /OUTPUT 1 "Y";
L_0x56eb0561d1b0 .functor AND 1, L_0x56eb0561c5d0, L_0x56eb0561cfe0, C4<1>, C4<1>;
v0x56eb05599240_0 .net "A", 0 0, L_0x56eb0561c5d0;  alias, 1 drivers
v0x56eb05599330_0 .net "B", 0 0, L_0x56eb0561cfe0;  alias, 1 drivers
v0x56eb05599400_0 .net "Y", 0 0, L_0x56eb0561d1b0;  alias, 1 drivers
S_0x56eb05599510 .scope module, "_483_" "AND2_00_0" 5 1674, 3 3 0, S_0x56eb054cfb00;
 .timescale 0 0;
    .port_info 0 /INPUT 1 "A";
    .port_info 1 /INPUT 1 "B";
    .port_info 2 /OUTPUT 1 "Y";
L_0x56eb0561d9f0 .functor AND 1, L_0x56eb0561c9a0, L_0x56eb0561d1b0, C4<1>, C4<1>;
v0x56eb05599740_0 .net "A", 0 0, L_0x56eb0561c9a0;  alias, 1 drivers
v0x56eb05599830_0 .net "B", 0 0, L_0x56eb0561d1b0;  alias, 1 drivers
v0x56eb05599900_0 .net "Y", 0 0, L_0x56eb0561d9f0;  alias, 1 drivers
S_0x56eb05599a10 .scope module, "_484_" "AND2_11_0" 5 1679, 3 30 0, S_0x56eb054cfb00;
 .timescale 0 0;
    .port_info 0 /INPUT 1 "A";
    .port_info 1 /INPUT 1 "B";
    .port_info 2 /OUTPUT 1 "Y";
L_0x56eb0561db80 .functor NOT 1, L_0x56eb05617310, C4<0>, C4<0>, C4<0>;
L_0x56eb0561dc80 .functor NOT 1, L_0x56eb0561ae50, C4<0>, C4<0>, C4<0>;
L_0x56eb0561dd80 .functor AND 1, L_0x56eb0561db80, L_0x56eb0561dc80, C4<1>, C4<1>;
v0x56eb05599c40_0 .net "A", 0 0, L_0x56eb05617310;  alias, 1 drivers
v0x56eb05599d30_0 .net "B", 0 0, L_0x56eb0561ae50;  alias, 1 drivers
v0x56eb05599e00_0 .net "Y", 0 0, L_0x56eb0561dd80;  alias, 1 drivers
v0x56eb05599ed0_0 .net *"_ivl_0", 0 0, L_0x56eb0561db80;  1 drivers
v0x56eb05599f70_0 .net *"_ivl_2", 0 0, L_0x56eb0561dc80;  1 drivers
S_0x56eb0559a120 .scope module, "_485_" "AND2_11_0" 5 1684, 3 30 0, S_0x56eb054cfb00;
 .timescale 0 0;
    .port_info 0 /INPUT 1 "A";
    .port_info 1 /INPUT 1 "B";
    .port_info 2 /OUTPUT 1 "Y";
L_0x56eb0561ddf0 .functor NOT 1, L_0x56eb05618e90, C4<0>, C4<0>, C4<0>;
L_0x56eb0561def0 .functor NOT 1, L_0x56eb05619430, C4<0>, C4<0>, C4<0>;
L_0x56eb0561dff0 .functor AND 1, L_0x56eb0561ddf0, L_0x56eb0561def0, C4<1>, C4<1>;
v0x56eb0559a350_0 .net "A", 0 0, L_0x56eb05618e90;  alias, 1 drivers
v0x56eb0559a410_0 .net "B", 0 0, L_0x56eb05619430;  alias, 1 drivers
v0x56eb0559a4e0_0 .net "Y", 0 0, L_0x56eb0561dff0;  alias, 1 drivers
v0x56eb0559a5b0_0 .net *"_ivl_0", 0 0, L_0x56eb0561ddf0;  1 drivers
v0x56eb0559a650_0 .net *"_ivl_2", 0 0, L_0x56eb0561def0;  1 drivers
S_0x56eb0559a800 .scope module, "_486_" "AND2_00_0" 5 1689, 3 3 0, S_0x56eb054cfb00;
 .timescale 0 0;
    .port_info 0 /INPUT 1 "A";
    .port_info 1 /INPUT 1 "B";
    .port_info 2 /OUTPUT 1 "Y";
L_0x56eb0561e060 .functor AND 1, L_0x56eb05616fe0, L_0x56eb0561dff0, C4<1>, C4<1>;
v0x56eb0559aa30_0 .net "A", 0 0, L_0x56eb05616fe0;  alias, 1 drivers
v0x56eb0559aaf0_0 .net "B", 0 0, L_0x56eb0561dff0;  alias, 1 drivers
v0x56eb0559abc0_0 .net "Y", 0 0, L_0x56eb0561e060;  alias, 1 drivers
S_0x56eb0559acd0 .scope module, "_487_" "AND2_00_0" 5 1694, 3 3 0, S_0x56eb054cfb00;
 .timescale 0 0;
    .port_info 0 /INPUT 1 "A";
    .port_info 1 /INPUT 1 "B";
    .port_info 2 /OUTPUT 1 "Y";
L_0x56eb0561e1f0 .functor AND 1, L_0x56eb0561b080, L_0x56eb0561e060, C4<1>, C4<1>;
v0x56eb0559af00_0 .net "A", 0 0, L_0x56eb0561b080;  alias, 1 drivers
v0x56eb0559aff0_0 .net "B", 0 0, L_0x56eb0561e060;  alias, 1 drivers
v0x56eb0559b0c0_0 .net "Y", 0 0, L_0x56eb0561e1f0;  alias, 1 drivers
S_0x56eb0559b1d0 .scope module, "_488_" "AND2_00_0" 5 1699, 3 3 0, S_0x56eb054cfb00;
 .timescale 0 0;
    .port_info 0 /INPUT 1 "A";
    .port_info 1 /INPUT 1 "B";
    .port_info 2 /OUTPUT 1 "Y";
L_0x56eb0561e380 .functor AND 1, L_0x56eb0561dd80, L_0x56eb0561e1f0, C4<1>, C4<1>;
v0x56eb0559b400_0 .net "A", 0 0, L_0x56eb0561dd80;  alias, 1 drivers
v0x56eb0559b4f0_0 .net "B", 0 0, L_0x56eb0561e1f0;  alias, 1 drivers
v0x56eb0559b5c0_0 .net "Y", 0 0, L_0x56eb0561e380;  alias, 1 drivers
S_0x56eb0559b6d0 .scope module, "_489_" "AND2_00_0" 5 1704, 3 3 0, S_0x56eb054cfb00;
 .timescale 0 0;
    .port_info 0 /INPUT 1 "A";
    .port_info 1 /INPUT 1 "B";
    .port_info 2 /OUTPUT 1 "Y";
L_0x56eb0561e550 .functor AND 1, L_0x56eb0561d9f0, L_0x56eb0561e380, C4<1>, C4<1>;
v0x56eb0559b900_0 .net "A", 0 0, L_0x56eb0561d9f0;  alias, 1 drivers
v0x56eb0559b9f0_0 .net "B", 0 0, L_0x56eb0561e380;  alias, 1 drivers
v0x56eb0559bac0_0 .net "Y", 0 0, L_0x56eb0561e550;  alias, 1 drivers
S_0x56eb0559bc00 .scope module, "_490_" "AND2_00_0" 5 1709, 3 3 0, S_0x56eb054cfb00;
 .timescale 0 0;
    .port_info 0 /INPUT 1 "A";
    .port_info 1 /INPUT 1 "B";
    .port_info 2 /OUTPUT 1 "Y";
L_0x56eb0561e690 .functor AND 1, L_0x56eb0561e720, L_0x56eb0561e550, C4<1>, C4<1>;
v0x56eb0559be30_0 .net "A", 0 0, L_0x56eb0561e720;  1 drivers
v0x56eb0559bf10_0 .net "B", 0 0, L_0x56eb0561e550;  alias, 1 drivers
v0x56eb0559bfd0_0 .net "Y", 0 0, L_0x56eb0561e690;  alias, 1 drivers
S_0x56eb0559c0d0 .scope module, "_491_" "AND2_00_0" 5 1714, 3 3 0, S_0x56eb054cfb00;
 .timescale 0 0;
    .port_info 0 /INPUT 1 "A";
    .port_info 1 /INPUT 1 "B";
    .port_info 2 /OUTPUT 1 "Y";
L_0x56eb0561d340 .functor AND 1, L_0x56eb0561d3d0, L_0x56eb0561e550, C4<1>, C4<1>;
v0x56eb0559c300_0 .net "A", 0 0, L_0x56eb0561d3d0;  1 drivers
v0x56eb0559c3e0_0 .net "B", 0 0, L_0x56eb0561e550;  alias, 1 drivers
v0x56eb0559c4a0_0 .net "Y", 0 0, L_0x56eb0561d340;  alias, 1 drivers
S_0x56eb0559c5d0 .scope module, "_492_" "AND2_01_0" 5 1719, 3 12 0, S_0x56eb054cfb00;
 .timescale 0 0;
    .port_info 0 /INPUT 1 "A";
    .port_info 1 /INPUT 1 "B";
    .port_info 2 /OUTPUT 1 "Y";
L_0x56eb0561d500 .functor NOT 1, L_0x56eb05631360, C4<0>, C4<0>, C4<0>;
L_0x56eb0561d590 .functor AND 1, L_0x56eb0561d6b0, L_0x56eb0561d500, C4<1>, C4<1>;
v0x56eb0559c7b0_0 .net "A", 0 0, L_0x56eb0561d6b0;  1 drivers
v0x56eb0559c890_0 .net "B", 0 0, L_0x56eb05631360;  alias, 1 drivers
v0x56eb0559c950_0 .net "Y", 0 0, L_0x56eb0561d590;  alias, 1 drivers
v0x56eb0559ca50_0 .net *"_ivl_0", 0 0, L_0x56eb0561d500;  1 drivers
S_0x56eb0559cb50 .scope module, "_493_" "AND2_00_0" 5 1724, 3 3 0, S_0x56eb054cfb00;
 .timescale 0 0;
    .port_info 0 /INPUT 1 "A";
    .port_info 1 /INPUT 1 "B";
    .port_info 2 /OUTPUT 1 "Y";
L_0x56eb0561d750 .functor AND 1, L_0x56eb05631360, L_0x56eb0561ed70, C4<1>, C4<1>;
v0x56eb0559cd80_0 .net "A", 0 0, L_0x56eb05631360;  alias, 1 drivers
v0x56eb0559ce40_0 .net "B", 0 0, L_0x56eb0561ed70;  1 drivers
v0x56eb0559cf00_0 .net "Y", 0 0, L_0x56eb0561d750;  alias, 1 drivers
S_0x56eb0559d040 .scope module, "_494_" "DFF" 5 1730, 3 116 0, S_0x56eb054cfb00;
 .timescale 0 0;
    .port_info 0 /INPUT 1 "CLK";
    .port_info 1 /INPUT 1 "D";
    .port_info 2 /OUTPUT 1 "Q";
L_0x70c95da9d018 .functor BUFT 1, C4<0>, C4<0>, C4<0>, C4<0>;
L_0x70c95da9d060 .functor BUFT 1, C4<0>, C4<0>, C4<0>, C4<0>;
L_0x56eb0561d850 .udp UDP_udp_dff, L_0x56eb0561f300, v0x56eb055f64c0_0, L_0x70c95da9d018, L_0x70c95da9d060, v0x56eb0559d4d0_0;
L_0x56eb0561f220 .functor NOT 1, L_0x56eb0561d850, C4<0>, C4<0>, C4<0>;
L_0x56eb0561f290 .functor BUF 1, L_0x56eb0561d850, C4<0>, C4<0>, C4<0>;
v0x56eb0559d290_0 .net "CLK", 0 0, v0x56eb055f64c0_0;  alias, 1 drivers
v0x56eb0559d370_0 .net "D", 0 0, L_0x56eb0561f300;  1 drivers
v0x56eb0559d430_0 .net "DS0000", 0 0, L_0x56eb0561d850;  1 drivers
v0x56eb0559d4d0_0 .var "NOTIFIER", 0 0;
v0x56eb0559d590_0 .net "P0002", 0 0, L_0x56eb0561f220;  1 drivers
v0x56eb0559d6a0_0 .net "Q", 0 0, L_0x56eb0561f290;  1 drivers
v0x56eb0559d810_0 .net/2u *"_ivl_0", 0 0, L_0x70c95da9d018;  1 drivers
v0x56eb0559d8b0_0 .net/2u *"_ivl_2", 0 0, L_0x70c95da9d060;  1 drivers
S_0x56eb0559da10 .scope module, "_495_" "DFF" 5 1736, 3 116 0, S_0x56eb054cfb00;
 .timescale 0 0;
    .port_info 0 /INPUT 1 "CLK";
    .port_info 1 /INPUT 1 "D";
    .port_info 2 /OUTPUT 1 "Q";
L_0x70c95da9d0a8 .functor BUFT 1, C4<0>, C4<0>, C4<0>, C4<0>;
L_0x70c95da9d0f0 .functor BUFT 1, C4<0>, C4<0>, C4<0>, C4<0>;
L_0x56eb0561e7c0 .udp UDP_udp_dff, L_0x56eb0561e910, v0x56eb055f64c0_0, L_0x70c95da9d0a8, L_0x70c95da9d0f0, v0x56eb0559de60_0;
L_0x56eb0561e830 .functor NOT 1, L_0x56eb0561e7c0, C4<0>, C4<0>, C4<0>;
L_0x56eb0561e8a0 .functor BUF 1, L_0x56eb0561e7c0, C4<0>, C4<0>, C4<0>;
v0x56eb0559dc60_0 .net "CLK", 0 0, v0x56eb055f64c0_0;  alias, 1 drivers
v0x56eb0559dd20_0 .net "D", 0 0, L_0x56eb0561e910;  1 drivers
v0x56eb0559ddc0_0 .net "DS0000", 0 0, L_0x56eb0561e7c0;  1 drivers
v0x56eb0559de60_0 .var "NOTIFIER", 0 0;
v0x56eb0559df20_0 .net "P0002", 0 0, L_0x56eb0561e830;  1 drivers
v0x56eb0559e030_0 .net "Q", 0 0, L_0x56eb0561e8a0;  1 drivers
v0x56eb0559e0f0_0 .net/2u *"_ivl_0", 0 0, L_0x70c95da9d0a8;  1 drivers
v0x56eb0559e1d0_0 .net/2u *"_ivl_2", 0 0, L_0x70c95da9d0f0;  1 drivers
S_0x56eb0559e330 .scope module, "_496_" "DFF" 5 1742, 3 116 0, S_0x56eb054cfb00;
 .timescale 0 0;
    .port_info 0 /INPUT 1 "CLK";
    .port_info 1 /INPUT 1 "D";
    .port_info 2 /OUTPUT 1 "Q";
L_0x70c95da9d138 .functor BUFT 1, C4<0>, C4<0>, C4<0>, C4<0>;
L_0x70c95da9d180 .functor BUFT 1, C4<0>, C4<0>, C4<0>, C4<0>;
L_0x56eb0561e9b0 .udp UDP_udp_dff, L_0x56eb0561eb70, v0x56eb055f64c0_0, L_0x70c95da9d138, L_0x70c95da9d180, v0x56eb0559e7f0_0;
L_0x56eb0561ea90 .functor NOT 1, L_0x56eb0561e9b0, C4<0>, C4<0>, C4<0>;
L_0x56eb0561eb00 .functor BUF 1, L_0x56eb0561e9b0, C4<0>, C4<0>, C4<0>;
v0x56eb0559e580_0 .net "CLK", 0 0, v0x56eb055f64c0_0;  alias, 1 drivers
v0x56eb0559e690_0 .net "D", 0 0, L_0x56eb0561eb70;  1 drivers
v0x56eb0559e750_0 .net "DS0000", 0 0, L_0x56eb0561e9b0;  1 drivers
v0x56eb0559e7f0_0 .var "NOTIFIER", 0 0;
v0x56eb0559e8b0_0 .net "P0002", 0 0, L_0x56eb0561ea90;  1 drivers
v0x56eb0559e9c0_0 .net "Q", 0 0, L_0x56eb0561eb00;  1 drivers
v0x56eb0559ead0_0 .net/2u *"_ivl_0", 0 0, L_0x70c95da9d138;  1 drivers
v0x56eb0559eb90_0 .net/2u *"_ivl_2", 0 0, L_0x70c95da9d180;  1 drivers
S_0x56eb0559ecf0 .scope module, "_497_" "DFF" 5 1748, 3 116 0, S_0x56eb054cfb00;
 .timescale 0 0;
    .port_info 0 /INPUT 1 "CLK";
    .port_info 1 /INPUT 1 "D";
    .port_info 2 /OUTPUT 1 "Q";
L_0x70c95da9d1c8 .functor BUFT 1, C4<0>, C4<0>, C4<0>, C4<0>;
L_0x70c95da9d210 .functor BUFT 1, C4<0>, C4<0>, C4<0>, C4<0>;
L_0x56eb0561ec40 .udp UDP_udp_dff, L_0x56eb0561fb40, v0x56eb055f64c0_0, L_0x70c95da9d1c8, L_0x70c95da9d210, v0x56eb0559f160_0;
L_0x56eb0561fa10 .functor NOT 1, L_0x56eb0561ec40, C4<0>, C4<0>, C4<0>;
L_0x56eb0561fad0 .functor BUF 1, L_0x56eb0561ec40, C4<0>, C4<0>, C4<0>;
v0x56eb0559ef40_0 .net "CLK", 0 0, v0x56eb055f64c0_0;  alias, 1 drivers
v0x56eb0559f000_0 .net "D", 0 0, L_0x56eb0561fb40;  1 drivers
v0x56eb0559f0c0_0 .net "DS0000", 0 0, L_0x56eb0561ec40;  1 drivers
v0x56eb0559f160_0 .var "NOTIFIER", 0 0;
v0x56eb0559f220_0 .net "P0002", 0 0, L_0x56eb0561fa10;  1 drivers
v0x56eb0559f330_0 .net "Q", 0 0, L_0x56eb0561fad0;  1 drivers
v0x56eb0559f3f0_0 .net/2u *"_ivl_0", 0 0, L_0x70c95da9d1c8;  1 drivers
v0x56eb0559f4d0_0 .net/2u *"_ivl_2", 0 0, L_0x70c95da9d210;  1 drivers
S_0x56eb0559f630 .scope module, "_498_" "DFF" 5 1754, 3 116 0, S_0x56eb054cfb00;
 .timescale 0 0;
    .port_info 0 /INPUT 1 "CLK";
    .port_info 1 /INPUT 1 "D";
    .port_info 2 /OUTPUT 1 "Q";
L_0x70c95da9d258 .functor BUFT 1, C4<0>, C4<0>, C4<0>, C4<0>;
L_0x70c95da9d2a0 .functor BUFT 1, C4<0>, C4<0>, C4<0>, C4<0>;
L_0x56eb0561fcf0 .udp UDP_udp_dff, L_0x56eb0561ff80, v0x56eb055f64c0_0, L_0x70c95da9d258, L_0x70c95da9d2a0, v0x56eb0559faa0_0;
L_0x56eb0561fe50 .functor NOT 1, L_0x56eb0561fcf0, C4<0>, C4<0>, C4<0>;
L_0x56eb0561ff10 .functor BUF 1, L_0x56eb0561fcf0, C4<0>, C4<0>, C4<0>;
v0x56eb0559f880_0 .net "CLK", 0 0, v0x56eb055f64c0_0;  alias, 1 drivers
v0x56eb0559f940_0 .net "D", 0 0, L_0x56eb0561ff80;  1 drivers
v0x56eb0559fa00_0 .net "DS0000", 0 0, L_0x56eb0561fcf0;  1 drivers
v0x56eb0559faa0_0 .var "NOTIFIER", 0 0;
v0x56eb0559fb60_0 .net "P0002", 0 0, L_0x56eb0561fe50;  1 drivers
v0x56eb0559fc20_0 .net "Q", 0 0, L_0x56eb0561ff10;  1 drivers
v0x56eb0559fce0_0 .net/2u *"_ivl_0", 0 0, L_0x70c95da9d258;  1 drivers
v0x56eb0559fdc0_0 .net/2u *"_ivl_2", 0 0, L_0x70c95da9d2a0;  1 drivers
S_0x56eb0559ff20 .scope module, "_499_" "DFF" 5 1760, 3 116 0, S_0x56eb054cfb00;
 .timescale 0 0;
    .port_info 0 /INPUT 1 "CLK";
    .port_info 1 /INPUT 1 "D";
    .port_info 2 /OUTPUT 1 "Q";
L_0x70c95da9d2e8 .functor BUFT 1, C4<0>, C4<0>, C4<0>, C4<0>;
L_0x70c95da9d330 .functor BUFT 1, C4<0>, C4<0>, C4<0>, C4<0>;
L_0x56eb0561f3d0 .udp UDP_udp_dff, L_0x56eb0561f6b0, v0x56eb055f64c0_0, L_0x70c95da9d2e8, L_0x70c95da9d330, v0x56eb055a0390_0;
L_0x56eb0561f580 .functor NOT 1, L_0x56eb0561f3d0, C4<0>, C4<0>, C4<0>;
L_0x56eb0561f640 .functor BUF 1, L_0x56eb0561f3d0, C4<0>, C4<0>, C4<0>;
v0x56eb055a0170_0 .net "CLK", 0 0, v0x56eb055f64c0_0;  alias, 1 drivers
v0x56eb055a0230_0 .net "D", 0 0, L_0x56eb0561f6b0;  1 drivers
v0x56eb055a02f0_0 .net "DS0000", 0 0, L_0x56eb0561f3d0;  1 drivers
v0x56eb055a0390_0 .var "NOTIFIER", 0 0;
v0x56eb055a0450_0 .net "P0002", 0 0, L_0x56eb0561f580;  1 drivers
v0x56eb055a0560_0 .net "Q", 0 0, L_0x56eb0561f640;  1 drivers
v0x56eb055a0620_0 .net/2u *"_ivl_0", 0 0, L_0x70c95da9d2e8;  1 drivers
v0x56eb055a0700_0 .net/2u *"_ivl_2", 0 0, L_0x70c95da9d330;  1 drivers
S_0x56eb055a0860 .scope module, "_500_" "DFF" 5 1766, 3 116 0, S_0x56eb054cfb00;
 .timescale 0 0;
    .port_info 0 /INPUT 1 "CLK";
    .port_info 1 /INPUT 1 "D";
    .port_info 2 /OUTPUT 1 "Q";
L_0x70c95da9d378 .functor BUFT 1, C4<0>, C4<0>, C4<0>, C4<0>;
L_0x70c95da9d3c0 .functor BUFT 1, C4<0>, C4<0>, C4<0>, C4<0>;
L_0x56eb0561f7d0 .udp UDP_udp_dff, L_0x56eb055c2640, v0x56eb055f64c0_0, L_0x70c95da9d378, L_0x70c95da9d3c0, v0x56eb055a0cd0_0;
L_0x56eb055c2510 .functor NOT 1, L_0x56eb0561f7d0, C4<0>, C4<0>, C4<0>;
L_0x56eb055c25d0 .functor BUF 1, L_0x56eb0561f7d0, C4<0>, C4<0>, C4<0>;
v0x56eb055a0ab0_0 .net "CLK", 0 0, v0x56eb055f64c0_0;  alias, 1 drivers
v0x56eb055a0b70_0 .net "D", 0 0, L_0x56eb055c2640;  1 drivers
v0x56eb055a0c30_0 .net "DS0000", 0 0, L_0x56eb0561f7d0;  1 drivers
v0x56eb055a0cd0_0 .var "NOTIFIER", 0 0;
v0x56eb055a0d90_0 .net "P0002", 0 0, L_0x56eb055c2510;  1 drivers
v0x56eb055a0ea0_0 .net "Q", 0 0, L_0x56eb055c25d0;  1 drivers
v0x56eb055a0f60_0 .net/2u *"_ivl_0", 0 0, L_0x70c95da9d378;  1 drivers
v0x56eb055a1040_0 .net/2u *"_ivl_2", 0 0, L_0x70c95da9d3c0;  1 drivers
S_0x56eb055a11a0 .scope module, "_501_" "DFF" 5 1772, 3 116 0, S_0x56eb054cfb00;
 .timescale 0 0;
    .port_info 0 /INPUT 1 "CLK";
    .port_info 1 /INPUT 1 "D";
    .port_info 2 /OUTPUT 1 "Q";
L_0x70c95da9d408 .functor BUFT 1, C4<0>, C4<0>, C4<0>, C4<0>;
L_0x70c95da9d450 .functor BUFT 1, C4<0>, C4<0>, C4<0>, C4<0>;
L_0x56eb055c2b40 .udp UDP_udp_dff, L_0x56eb056201f0, v0x56eb055f64c0_0, L_0x70c95da9d408, L_0x70c95da9d450, v0x56eb055a1610_0;
L_0x56eb056200c0 .functor NOT 1, L_0x56eb055c2b40, C4<0>, C4<0>, C4<0>;
L_0x56eb05620180 .functor BUF 1, L_0x56eb055c2b40, C4<0>, C4<0>, C4<0>;
v0x56eb055a13f0_0 .net "CLK", 0 0, v0x56eb055f64c0_0;  alias, 1 drivers
v0x56eb055a14b0_0 .net "D", 0 0, L_0x56eb056201f0;  1 drivers
v0x56eb055a1570_0 .net "DS0000", 0 0, L_0x56eb055c2b40;  1 drivers
v0x56eb055a1610_0 .var "NOTIFIER", 0 0;
v0x56eb055a16d0_0 .net "P0002", 0 0, L_0x56eb056200c0;  1 drivers
v0x56eb055a17e0_0 .net "Q", 0 0, L_0x56eb05620180;  1 drivers
v0x56eb055a18a0_0 .net/2u *"_ivl_0", 0 0, L_0x70c95da9d408;  1 drivers
v0x56eb055a1980_0 .net/2u *"_ivl_2", 0 0, L_0x70c95da9d450;  1 drivers
S_0x56eb055a1ae0 .scope module, "_502_" "DFF" 5 1778, 3 116 0, S_0x56eb054cfb00;
 .timescale 0 0;
    .port_info 0 /INPUT 1 "CLK";
    .port_info 1 /INPUT 1 "D";
    .port_info 2 /OUTPUT 1 "Q";
L_0x70c95da9d498 .functor BUFT 1, C4<0>, C4<0>, C4<0>, C4<0>;
L_0x70c95da9d4e0 .functor BUFT 1, C4<0>, C4<0>, C4<0>, C4<0>;
L_0x56eb05620310 .udp UDP_udp_dff, L_0x56eb05603360, v0x56eb055f64c0_0, L_0x70c95da9d498, L_0x70c95da9d4e0, v0x56eb055a2060_0;
L_0x56eb05620400 .functor NOT 1, L_0x56eb05620310, C4<0>, C4<0>, C4<0>;
L_0x56eb056204c0 .functor BUF 1, L_0x56eb05620310, C4<0>, C4<0>, C4<0>;
v0x56eb055a1d30_0 .net "CLK", 0 0, v0x56eb055f64c0_0;  alias, 1 drivers
v0x56eb055a1f00_0 .net "D", 0 0, L_0x56eb05603360;  alias, 1 drivers
v0x56eb055a1fc0_0 .net "DS0000", 0 0, L_0x56eb05620310;  1 drivers
v0x56eb055a2060_0 .var "NOTIFIER", 0 0;
v0x56eb055a2100_0 .net "P0002", 0 0, L_0x56eb05620400;  1 drivers
v0x56eb055a21f0_0 .net "Q", 0 0, L_0x56eb056204c0;  1 drivers
v0x56eb055a22b0_0 .net/2u *"_ivl_0", 0 0, L_0x70c95da9d498;  1 drivers
v0x56eb055a2390_0 .net/2u *"_ivl_2", 0 0, L_0x70c95da9d4e0;  1 drivers
S_0x56eb055a24f0 .scope module, "_503_" "DFF" 5 1784, 3 116 0, S_0x56eb054cfb00;
 .timescale 0 0;
    .port_info 0 /INPUT 1 "CLK";
    .port_info 1 /INPUT 1 "D";
    .port_info 2 /OUTPUT 1 "Q";
L_0x70c95da9d528 .functor BUFT 1, C4<0>, C4<0>, C4<0>, C4<0>;
L_0x70c95da9d570 .functor BUFT 1, C4<0>, C4<0>, C4<0>, C4<0>;
L_0x56eb05620590 .udp UDP_udp_dff, L_0x56eb055f9cc0, v0x56eb055f64c0_0, L_0x70c95da9d528, L_0x70c95da9d570, v0x56eb055a2960_0;
L_0x56eb05621d60 .functor NOT 1, L_0x56eb05620590, C4<0>, C4<0>, C4<0>;
L_0x56eb05621e20 .functor BUF 1, L_0x56eb05620590, C4<0>, C4<0>, C4<0>;
v0x56eb055a2740_0 .net "CLK", 0 0, v0x56eb055f64c0_0;  alias, 1 drivers
v0x56eb055a2800_0 .net "D", 0 0, L_0x56eb055f9cc0;  alias, 1 drivers
v0x56eb055a28c0_0 .net "DS0000", 0 0, L_0x56eb05620590;  1 drivers
v0x56eb055a2960_0 .var "NOTIFIER", 0 0;
v0x56eb055a2a00_0 .net "P0002", 0 0, L_0x56eb05621d60;  1 drivers
v0x56eb055a2af0_0 .net "Q", 0 0, L_0x56eb05621e20;  1 drivers
v0x56eb055a2bb0_0 .net/2u *"_ivl_0", 0 0, L_0x70c95da9d528;  1 drivers
v0x56eb055a2c90_0 .net/2u *"_ivl_2", 0 0, L_0x70c95da9d570;  1 drivers
S_0x56eb055a2df0 .scope module, "_504_" "DFF" 5 1790, 3 116 0, S_0x56eb054cfb00;
 .timescale 0 0;
    .port_info 0 /INPUT 1 "CLK";
    .port_info 1 /INPUT 1 "D";
    .port_info 2 /OUTPUT 1 "Q";
L_0x70c95da9d5b8 .functor BUFT 1, C4<0>, C4<0>, C4<0>, C4<0>;
L_0x70c95da9d600 .functor BUFT 1, C4<0>, C4<0>, C4<0>, C4<0>;
L_0x56eb05621ef0 .udp UDP_udp_dff, L_0x56eb055fbdc0, v0x56eb055f64c0_0, L_0x70c95da9d5b8, L_0x70c95da9d600, v0x56eb055a3260_0;
L_0x56eb056220b0 .functor NOT 1, L_0x56eb05621ef0, C4<0>, C4<0>, C4<0>;
L_0x56eb05622170 .functor BUF 1, L_0x56eb05621ef0, C4<0>, C4<0>, C4<0>;
v0x56eb055a3040_0 .net "CLK", 0 0, v0x56eb055f64c0_0;  alias, 1 drivers
v0x56eb055a3100_0 .net "D", 0 0, L_0x56eb055fbdc0;  alias, 1 drivers
v0x56eb055a31c0_0 .net "DS0000", 0 0, L_0x56eb05621ef0;  1 drivers
v0x56eb055a3260_0 .var "NOTIFIER", 0 0;
v0x56eb055a3300_0 .net "P0002", 0 0, L_0x56eb056220b0;  1 drivers
v0x56eb055a33f0_0 .net "Q", 0 0, L_0x56eb05622170;  1 drivers
v0x56eb055a34b0_0 .net/2u *"_ivl_0", 0 0, L_0x70c95da9d5b8;  1 drivers
v0x56eb055a35d0_0 .net/2u *"_ivl_2", 0 0, L_0x70c95da9d600;  1 drivers
S_0x56eb055a3730 .scope module, "_505_" "DFF" 5 1796, 3 116 0, S_0x56eb054cfb00;
 .timescale 0 0;
    .port_info 0 /INPUT 1 "CLK";
    .port_info 1 /INPUT 1 "D";
    .port_info 2 /OUTPUT 1 "Q";
L_0x70c95da9d648 .functor BUFT 1, C4<0>, C4<0>, C4<0>, C4<0>;
L_0x70c95da9d690 .functor BUFT 1, C4<0>, C4<0>, C4<0>, C4<0>;
L_0x56eb05622240 .udp UDP_udp_dff, L_0x56eb055f9830, v0x56eb055f64c0_0, L_0x70c95da9d648, L_0x70c95da9d690, v0x56eb055a3ba0_0;
L_0x56eb05622400 .functor NOT 1, L_0x56eb05622240, C4<0>, C4<0>, C4<0>;
L_0x56eb056224c0 .functor BUF 1, L_0x56eb05622240, C4<0>, C4<0>, C4<0>;
v0x56eb055a3980_0 .net "CLK", 0 0, v0x56eb055f64c0_0;  alias, 1 drivers
v0x56eb055a3a40_0 .net "D", 0 0, L_0x56eb055f9830;  alias, 1 drivers
v0x56eb055a3b00_0 .net "DS0000", 0 0, L_0x56eb05622240;  1 drivers
v0x56eb055a3ba0_0 .var "NOTIFIER", 0 0;
v0x56eb055a3c40_0 .net "P0002", 0 0, L_0x56eb05622400;  1 drivers
v0x56eb055a3d30_0 .net "Q", 0 0, L_0x56eb056224c0;  1 drivers
v0x56eb055a3df0_0 .net/2u *"_ivl_0", 0 0, L_0x70c95da9d648;  1 drivers
v0x56eb055a3f10_0 .net/2u *"_ivl_2", 0 0, L_0x70c95da9d690;  1 drivers
S_0x56eb055a4070 .scope module, "_506_" "DFF" 5 1802, 3 116 0, S_0x56eb054cfb00;
 .timescale 0 0;
    .port_info 0 /INPUT 1 "CLK";
    .port_info 1 /INPUT 1 "D";
    .port_info 2 /OUTPUT 1 "Q";
L_0x70c95da9d6d8 .functor BUFT 1, C4<0>, C4<0>, C4<0>, C4<0>;
L_0x70c95da9d720 .functor BUFT 1, C4<0>, C4<0>, C4<0>, C4<0>;
L_0x56eb05622590 .udp UDP_udp_dff, L_0x56eb05608120, v0x56eb055f64c0_0, L_0x70c95da9d6d8, L_0x70c95da9d720, v0x56eb055a44e0_0;
L_0x56eb05622750 .functor NOT 1, L_0x56eb05622590, C4<0>, C4<0>, C4<0>;
L_0x56eb05622810 .functor BUF 1, L_0x56eb05622590, C4<0>, C4<0>, C4<0>;
v0x56eb055a42c0_0 .net "CLK", 0 0, v0x56eb055f64c0_0;  alias, 1 drivers
v0x56eb055a4380_0 .net "D", 0 0, L_0x56eb05608120;  alias, 1 drivers
v0x56eb055a4440_0 .net "DS0000", 0 0, L_0x56eb05622590;  1 drivers
v0x56eb055a44e0_0 .var "NOTIFIER", 0 0;
v0x56eb055a4580_0 .net "P0002", 0 0, L_0x56eb05622750;  1 drivers
v0x56eb055a4670_0 .net "Q", 0 0, L_0x56eb05622810;  1 drivers
v0x56eb055a4730_0 .net/2u *"_ivl_0", 0 0, L_0x70c95da9d6d8;  1 drivers
v0x56eb055a4850_0 .net/2u *"_ivl_2", 0 0, L_0x70c95da9d720;  1 drivers
S_0x56eb055a49b0 .scope module, "_507_" "DFF" 5 1808, 3 116 0, S_0x56eb054cfb00;
 .timescale 0 0;
    .port_info 0 /INPUT 1 "CLK";
    .port_info 1 /INPUT 1 "D";
    .port_info 2 /OUTPUT 1 "Q";
L_0x70c95da9d768 .functor BUFT 1, C4<0>, C4<0>, C4<0>, C4<0>;
L_0x70c95da9d7b0 .functor BUFT 1, C4<0>, C4<0>, C4<0>, C4<0>;
L_0x56eb056228e0 .udp UDP_udp_dff, L_0x56eb055f99b0, v0x56eb055f64c0_0, L_0x70c95da9d768, L_0x70c95da9d7b0, v0x56eb055a4e20_0;
L_0x56eb05622aa0 .functor NOT 1, L_0x56eb056228e0, C4<0>, C4<0>, C4<0>;
L_0x56eb05622b60 .functor BUF 1, L_0x56eb056228e0, C4<0>, C4<0>, C4<0>;
v0x56eb055a4c00_0 .net "CLK", 0 0, v0x56eb055f64c0_0;  alias, 1 drivers
v0x56eb055a4cc0_0 .net "D", 0 0, L_0x56eb055f99b0;  alias, 1 drivers
v0x56eb055a4d80_0 .net "DS0000", 0 0, L_0x56eb056228e0;  1 drivers
v0x56eb055a4e20_0 .var "NOTIFIER", 0 0;
v0x56eb055a4ec0_0 .net "P0002", 0 0, L_0x56eb05622aa0;  1 drivers
v0x56eb055a4fb0_0 .net "Q", 0 0, L_0x56eb05622b60;  1 drivers
v0x56eb055a5070_0 .net/2u *"_ivl_0", 0 0, L_0x70c95da9d768;  1 drivers
v0x56eb055a5190_0 .net/2u *"_ivl_2", 0 0, L_0x70c95da9d7b0;  1 drivers
S_0x56eb055a52f0 .scope module, "_508_" "DFF" 5 1814, 3 116 0, S_0x56eb054cfb00;
 .timescale 0 0;
    .port_info 0 /INPUT 1 "CLK";
    .port_info 1 /INPUT 1 "D";
    .port_info 2 /OUTPUT 1 "Q";
L_0x70c95da9d7f8 .functor BUFT 1, C4<0>, C4<0>, C4<0>, C4<0>;
L_0x70c95da9d840 .functor BUFT 1, C4<0>, C4<0>, C4<0>, C4<0>;
L_0x56eb05622c30 .udp UDP_udp_dff, L_0x56eb055faa80, v0x56eb055f64c0_0, L_0x70c95da9d7f8, L_0x70c95da9d840, v0x56eb055a5760_0;
L_0x56eb05622df0 .functor NOT 1, L_0x56eb05622c30, C4<0>, C4<0>, C4<0>;
L_0x56eb05622eb0 .functor BUF 1, L_0x56eb05622c30, C4<0>, C4<0>, C4<0>;
v0x56eb055a5540_0 .net "CLK", 0 0, v0x56eb055f64c0_0;  alias, 1 drivers
v0x56eb055a5600_0 .net "D", 0 0, L_0x56eb055faa80;  alias, 1 drivers
v0x56eb055a56c0_0 .net "DS0000", 0 0, L_0x56eb05622c30;  1 drivers
v0x56eb055a5760_0 .var "NOTIFIER", 0 0;
v0x56eb055a5800_0 .net "P0002", 0 0, L_0x56eb05622df0;  1 drivers
v0x56eb055a58f0_0 .net "Q", 0 0, L_0x56eb05622eb0;  1 drivers
v0x56eb055a59b0_0 .net/2u *"_ivl_0", 0 0, L_0x70c95da9d7f8;  1 drivers
v0x56eb055a5ad0_0 .net/2u *"_ivl_2", 0 0, L_0x70c95da9d840;  1 drivers
S_0x56eb055a5c30 .scope module, "_509_" "DFF" 5 1820, 3 116 0, S_0x56eb054cfb00;
 .timescale 0 0;
    .port_info 0 /INPUT 1 "CLK";
    .port_info 1 /INPUT 1 "D";
    .port_info 2 /OUTPUT 1 "Q";
L_0x70c95da9d888 .functor BUFT 1, C4<0>, C4<0>, C4<0>, C4<0>;
L_0x70c95da9d8d0 .functor BUFT 1, C4<0>, C4<0>, C4<0>, C4<0>;
L_0x56eb05622f80 .udp UDP_udp_dff, L_0x56eb055f98a0, v0x56eb055f64c0_0, L_0x70c95da9d888, L_0x70c95da9d8d0, v0x56eb055a60a0_0;
L_0x56eb05623140 .functor NOT 1, L_0x56eb05622f80, C4<0>, C4<0>, C4<0>;
L_0x56eb05623200 .functor BUF 1, L_0x56eb05622f80, C4<0>, C4<0>, C4<0>;
v0x56eb055a5e80_0 .net "CLK", 0 0, v0x56eb055f64c0_0;  alias, 1 drivers
v0x56eb055a5f40_0 .net "D", 0 0, L_0x56eb055f98a0;  alias, 1 drivers
v0x56eb055a6000_0 .net "DS0000", 0 0, L_0x56eb05622f80;  1 drivers
v0x56eb055a60a0_0 .var "NOTIFIER", 0 0;
v0x56eb055a6140_0 .net "P0002", 0 0, L_0x56eb05623140;  1 drivers
v0x56eb055a6230_0 .net "Q", 0 0, L_0x56eb05623200;  1 drivers
v0x56eb055a62f0_0 .net/2u *"_ivl_0", 0 0, L_0x70c95da9d888;  1 drivers
v0x56eb055a6410_0 .net/2u *"_ivl_2", 0 0, L_0x70c95da9d8d0;  1 drivers
S_0x56eb055a6570 .scope module, "_510_" "DFF" 5 1826, 3 116 0, S_0x56eb054cfb00;
 .timescale 0 0;
    .port_info 0 /INPUT 1 "CLK";
    .port_info 1 /INPUT 1 "D";
    .port_info 2 /OUTPUT 1 "Q";
L_0x70c95da9d918 .functor BUFT 1, C4<0>, C4<0>, C4<0>, C4<0>;
L_0x70c95da9d960 .functor BUFT 1, C4<0>, C4<0>, C4<0>, C4<0>;
L_0x56eb056232d0 .udp UDP_udp_dff, L_0x56eb056037b0, v0x56eb055f64c0_0, L_0x70c95da9d918, L_0x70c95da9d960, v0x56eb055a69e0_0;
L_0x56eb05623490 .functor NOT 1, L_0x56eb056232d0, C4<0>, C4<0>, C4<0>;
L_0x56eb05623550 .functor BUF 1, L_0x56eb056232d0, C4<0>, C4<0>, C4<0>;
v0x56eb055a67c0_0 .net "CLK", 0 0, v0x56eb055f64c0_0;  alias, 1 drivers
v0x56eb055a6880_0 .net "D", 0 0, L_0x56eb056037b0;  alias, 1 drivers
v0x56eb055a6940_0 .net "DS0000", 0 0, L_0x56eb056232d0;  1 drivers
v0x56eb055a69e0_0 .var "NOTIFIER", 0 0;
v0x56eb055a6a80_0 .net "P0002", 0 0, L_0x56eb05623490;  1 drivers
v0x56eb055a6b70_0 .net "Q", 0 0, L_0x56eb05623550;  1 drivers
v0x56eb055a6c30_0 .net/2u *"_ivl_0", 0 0, L_0x70c95da9d918;  1 drivers
v0x56eb055a6d50_0 .net/2u *"_ivl_2", 0 0, L_0x70c95da9d960;  1 drivers
S_0x56eb055a6eb0 .scope module, "_511_" "DFF" 5 1832, 3 116 0, S_0x56eb054cfb00;
 .timescale 0 0;
    .port_info 0 /INPUT 1 "CLK";
    .port_info 1 /INPUT 1 "D";
    .port_info 2 /OUTPUT 1 "Q";
L_0x70c95da9d9a8 .functor BUFT 1, C4<0>, C4<0>, C4<0>, C4<0>;
L_0x70c95da9d9f0 .functor BUFT 1, C4<0>, C4<0>, C4<0>, C4<0>;
L_0x56eb05623620 .udp UDP_udp_dff, L_0x56eb056038e0, v0x56eb055f64c0_0, L_0x70c95da9d9a8, L_0x70c95da9d9f0, v0x56eb055a7320_0;
L_0x56eb056237e0 .functor NOT 1, L_0x56eb05623620, C4<0>, C4<0>, C4<0>;
L_0x56eb056238a0 .functor BUF 1, L_0x56eb05623620, C4<0>, C4<0>, C4<0>;
v0x56eb055a7100_0 .net "CLK", 0 0, v0x56eb055f64c0_0;  alias, 1 drivers
v0x56eb055a71c0_0 .net "D", 0 0, L_0x56eb056038e0;  alias, 1 drivers
v0x56eb055a7280_0 .net "DS0000", 0 0, L_0x56eb05623620;  1 drivers
v0x56eb055a7320_0 .var "NOTIFIER", 0 0;
v0x56eb055a73c0_0 .net "P0002", 0 0, L_0x56eb056237e0;  1 drivers
v0x56eb055a74b0_0 .net "Q", 0 0, L_0x56eb056238a0;  1 drivers
v0x56eb055a7570_0 .net/2u *"_ivl_0", 0 0, L_0x70c95da9d9a8;  1 drivers
v0x56eb055a7690_0 .net/2u *"_ivl_2", 0 0, L_0x70c95da9d9f0;  1 drivers
S_0x56eb055a77f0 .scope module, "_512_" "DFF" 5 1838, 3 116 0, S_0x56eb054cfb00;
 .timescale 0 0;
    .port_info 0 /INPUT 1 "CLK";
    .port_info 1 /INPUT 1 "D";
    .port_info 2 /OUTPUT 1 "Q";
L_0x70c95da9da38 .functor BUFT 1, C4<0>, C4<0>, C4<0>, C4<0>;
L_0x70c95da9da80 .functor BUFT 1, C4<0>, C4<0>, C4<0>, C4<0>;
L_0x56eb05623970 .udp UDP_udp_dff, L_0x56eb05603c60, v0x56eb055f64c0_0, L_0x70c95da9da38, L_0x70c95da9da80, v0x56eb055a7c60_0;
L_0x56eb05623b30 .functor NOT 1, L_0x56eb05623970, C4<0>, C4<0>, C4<0>;
L_0x56eb05623bf0 .functor BUF 1, L_0x56eb05623970, C4<0>, C4<0>, C4<0>;
v0x56eb055a7a40_0 .net "CLK", 0 0, v0x56eb055f64c0_0;  alias, 1 drivers
v0x56eb055a7b00_0 .net "D", 0 0, L_0x56eb05603c60;  alias, 1 drivers
v0x56eb055a7bc0_0 .net "DS0000", 0 0, L_0x56eb05623970;  1 drivers
v0x56eb055a7c60_0 .var "NOTIFIER", 0 0;
v0x56eb055a7d00_0 .net "P0002", 0 0, L_0x56eb05623b30;  1 drivers
v0x56eb055a7df0_0 .net "Q", 0 0, L_0x56eb05623bf0;  1 drivers
v0x56eb055a7eb0_0 .net/2u *"_ivl_0", 0 0, L_0x70c95da9da38;  1 drivers
v0x56eb055a7fd0_0 .net/2u *"_ivl_2", 0 0, L_0x70c95da9da80;  1 drivers
S_0x56eb055a8130 .scope module, "_513_" "DFF" 5 1844, 3 116 0, S_0x56eb054cfb00;
 .timescale 0 0;
    .port_info 0 /INPUT 1 "CLK";
    .port_info 1 /INPUT 1 "D";
    .port_info 2 /OUTPUT 1 "Q";
L_0x70c95da9dac8 .functor BUFT 1, C4<0>, C4<0>, C4<0>, C4<0>;
L_0x70c95da9db10 .functor BUFT 1, C4<0>, C4<0>, C4<0>, C4<0>;
L_0x56eb05623cc0 .udp UDP_udp_dff, L_0x56eb05604bd0, v0x56eb055f64c0_0, L_0x70c95da9dac8, L_0x70c95da9db10, v0x56eb055a85a0_0;
L_0x56eb05623e80 .functor NOT 1, L_0x56eb05623cc0, C4<0>, C4<0>, C4<0>;
L_0x56eb05623f40 .functor BUF 1, L_0x56eb05623cc0, C4<0>, C4<0>, C4<0>;
v0x56eb055a8380_0 .net "CLK", 0 0, v0x56eb055f64c0_0;  alias, 1 drivers
v0x56eb055a8440_0 .net "D", 0 0, L_0x56eb05604bd0;  alias, 1 drivers
v0x56eb055a8500_0 .net "DS0000", 0 0, L_0x56eb05623cc0;  1 drivers
v0x56eb055a85a0_0 .var "NOTIFIER", 0 0;
v0x56eb055a8640_0 .net "P0002", 0 0, L_0x56eb05623e80;  1 drivers
v0x56eb055a8730_0 .net "Q", 0 0, L_0x56eb05623f40;  1 drivers
v0x56eb055a87f0_0 .net/2u *"_ivl_0", 0 0, L_0x70c95da9dac8;  1 drivers
v0x56eb055a8910_0 .net/2u *"_ivl_2", 0 0, L_0x70c95da9db10;  1 drivers
S_0x56eb055a8a70 .scope module, "_514_" "DFF" 5 1850, 3 116 0, S_0x56eb054cfb00;
 .timescale 0 0;
    .port_info 0 /INPUT 1 "CLK";
    .port_info 1 /INPUT 1 "D";
    .port_info 2 /OUTPUT 1 "Q";
L_0x70c95da9db58 .functor BUFT 1, C4<0>, C4<0>, C4<0>, C4<0>;
L_0x70c95da9dba0 .functor BUFT 1, C4<0>, C4<0>, C4<0>, C4<0>;
L_0x56eb05624010 .udp UDP_udp_dff, L_0x56eb05604d00, v0x56eb055f64c0_0, L_0x70c95da9db58, L_0x70c95da9dba0, v0x56eb055a8ee0_0;
L_0x56eb056241d0 .functor NOT 1, L_0x56eb05624010, C4<0>, C4<0>, C4<0>;
L_0x56eb05624290 .functor BUF 1, L_0x56eb05624010, C4<0>, C4<0>, C4<0>;
v0x56eb055a8cc0_0 .net "CLK", 0 0, v0x56eb055f64c0_0;  alias, 1 drivers
v0x56eb055a8d80_0 .net "D", 0 0, L_0x56eb05604d00;  alias, 1 drivers
v0x56eb055a8e40_0 .net "DS0000", 0 0, L_0x56eb05624010;  1 drivers
v0x56eb055a8ee0_0 .var "NOTIFIER", 0 0;
v0x56eb055a8f80_0 .net "P0002", 0 0, L_0x56eb056241d0;  1 drivers
v0x56eb055a9070_0 .net "Q", 0 0, L_0x56eb05624290;  1 drivers
v0x56eb055a9130_0 .net/2u *"_ivl_0", 0 0, L_0x70c95da9db58;  1 drivers
v0x56eb055a9250_0 .net/2u *"_ivl_2", 0 0, L_0x70c95da9dba0;  1 drivers
S_0x56eb055a93b0 .scope module, "_515_" "DFF" 5 1856, 3 116 0, S_0x56eb054cfb00;
 .timescale 0 0;
    .port_info 0 /INPUT 1 "CLK";
    .port_info 1 /INPUT 1 "D";
    .port_info 2 /OUTPUT 1 "Q";
L_0x70c95da9dbe8 .functor BUFT 1, C4<0>, C4<0>, C4<0>, C4<0>;
L_0x70c95da9dc30 .functor BUFT 1, C4<0>, C4<0>, C4<0>, C4<0>;
L_0x56eb05624360 .udp UDP_udp_dff, L_0x56eb05605ca0, v0x56eb055f64c0_0, L_0x70c95da9dbe8, L_0x70c95da9dc30, v0x56eb055a9820_0;
L_0x56eb05624520 .functor NOT 1, L_0x56eb05624360, C4<0>, C4<0>, C4<0>;
L_0x56eb056245e0 .functor BUF 1, L_0x56eb05624360, C4<0>, C4<0>, C4<0>;
v0x56eb055a9600_0 .net "CLK", 0 0, v0x56eb055f64c0_0;  alias, 1 drivers
v0x56eb055a96c0_0 .net "D", 0 0, L_0x56eb05605ca0;  alias, 1 drivers
v0x56eb055a9780_0 .net "DS0000", 0 0, L_0x56eb05624360;  1 drivers
v0x56eb055a9820_0 .var "NOTIFIER", 0 0;
v0x56eb055a98c0_0 .net "P0002", 0 0, L_0x56eb05624520;  1 drivers
v0x56eb055a99b0_0 .net "Q", 0 0, L_0x56eb056245e0;  1 drivers
v0x56eb055a9a70_0 .net/2u *"_ivl_0", 0 0, L_0x70c95da9dbe8;  1 drivers
v0x56eb055a9b90_0 .net/2u *"_ivl_2", 0 0, L_0x70c95da9dc30;  1 drivers
S_0x56eb055a9cf0 .scope module, "_516_" "DFF" 5 1862, 3 116 0, S_0x56eb054cfb00;
 .timescale 0 0;
    .port_info 0 /INPUT 1 "CLK";
    .port_info 1 /INPUT 1 "D";
    .port_info 2 /OUTPUT 1 "Q";
L_0x70c95da9dc78 .functor BUFT 1, C4<0>, C4<0>, C4<0>, C4<0>;
L_0x70c95da9dcc0 .functor BUFT 1, C4<0>, C4<0>, C4<0>, C4<0>;
L_0x56eb056246b0 .udp UDP_udp_dff, L_0x56eb05606020, v0x56eb055f64c0_0, L_0x70c95da9dc78, L_0x70c95da9dcc0, v0x56eb055aa160_0;
L_0x56eb05624870 .functor NOT 1, L_0x56eb056246b0, C4<0>, C4<0>, C4<0>;
L_0x56eb05624930 .functor BUF 1, L_0x56eb056246b0, C4<0>, C4<0>, C4<0>;
v0x56eb055a9f40_0 .net "CLK", 0 0, v0x56eb055f64c0_0;  alias, 1 drivers
v0x56eb055aa000_0 .net "D", 0 0, L_0x56eb05606020;  alias, 1 drivers
v0x56eb055aa0c0_0 .net "DS0000", 0 0, L_0x56eb056246b0;  1 drivers
v0x56eb055aa160_0 .var "NOTIFIER", 0 0;
v0x56eb055aa200_0 .net "P0002", 0 0, L_0x56eb05624870;  1 drivers
v0x56eb055aa2f0_0 .net "Q", 0 0, L_0x56eb05624930;  1 drivers
v0x56eb055aa3b0_0 .net/2u *"_ivl_0", 0 0, L_0x70c95da9dc78;  1 drivers
v0x56eb055aa4d0_0 .net/2u *"_ivl_2", 0 0, L_0x70c95da9dcc0;  1 drivers
S_0x56eb055aa630 .scope module, "_517_" "DFF" 5 1868, 3 116 0, S_0x56eb054cfb00;
 .timescale 0 0;
    .port_info 0 /INPUT 1 "CLK";
    .port_info 1 /INPUT 1 "D";
    .port_info 2 /OUTPUT 1 "Q";
L_0x70c95da9dd08 .functor BUFT 1, C4<0>, C4<0>, C4<0>, C4<0>;
L_0x70c95da9dd50 .functor BUFT 1, C4<0>, C4<0>, C4<0>, C4<0>;
L_0x56eb05624a00 .udp UDP_udp_dff, L_0x56eb05606150, v0x56eb055f64c0_0, L_0x70c95da9dd08, L_0x70c95da9dd50, v0x56eb055aaaa0_0;
L_0x56eb05624bc0 .functor NOT 1, L_0x56eb05624a00, C4<0>, C4<0>, C4<0>;
L_0x56eb05624c80 .functor BUF 1, L_0x56eb05624a00, C4<0>, C4<0>, C4<0>;
v0x56eb055aa880_0 .net "CLK", 0 0, v0x56eb055f64c0_0;  alias, 1 drivers
v0x56eb055aa940_0 .net "D", 0 0, L_0x56eb05606150;  alias, 1 drivers
v0x56eb055aaa00_0 .net "DS0000", 0 0, L_0x56eb05624a00;  1 drivers
v0x56eb055aaaa0_0 .var "NOTIFIER", 0 0;
v0x56eb055aab40_0 .net "P0002", 0 0, L_0x56eb05624bc0;  1 drivers
v0x56eb055aac30_0 .net "Q", 0 0, L_0x56eb05624c80;  1 drivers
v0x56eb055aacf0_0 .net/2u *"_ivl_0", 0 0, L_0x70c95da9dd08;  1 drivers
v0x56eb055aae10_0 .net/2u *"_ivl_2", 0 0, L_0x70c95da9dd50;  1 drivers
S_0x56eb055aaf70 .scope module, "_518_" "DFF" 5 1874, 3 116 0, S_0x56eb054cfb00;
 .timescale 0 0;
    .port_info 0 /INPUT 1 "CLK";
    .port_info 1 /INPUT 1 "D";
    .port_info 2 /OUTPUT 1 "Q";
L_0x70c95da9dd98 .functor BUFT 1, C4<0>, C4<0>, C4<0>, C4<0>;
L_0x70c95da9dde0 .functor BUFT 1, C4<0>, C4<0>, C4<0>, C4<0>;
L_0x56eb05624d50 .udp UDP_udp_dff, L_0x56eb05612000, v0x56eb055f64c0_0, L_0x70c95da9dd98, L_0x70c95da9dde0, v0x56eb055ab3e0_0;
L_0x56eb05624f10 .functor NOT 1, L_0x56eb05624d50, C4<0>, C4<0>, C4<0>;
L_0x56eb05624fd0 .functor BUF 1, L_0x56eb05624d50, C4<0>, C4<0>, C4<0>;
v0x56eb055ab1c0_0 .net "CLK", 0 0, v0x56eb055f64c0_0;  alias, 1 drivers
v0x56eb055ab280_0 .net "D", 0 0, L_0x56eb05612000;  alias, 1 drivers
v0x56eb055ab340_0 .net "DS0000", 0 0, L_0x56eb05624d50;  1 drivers
v0x56eb055ab3e0_0 .var "NOTIFIER", 0 0;
v0x56eb055ab480_0 .net "P0002", 0 0, L_0x56eb05624f10;  1 drivers
v0x56eb055ab570_0 .net "Q", 0 0, L_0x56eb05624fd0;  1 drivers
v0x56eb055ab630_0 .net/2u *"_ivl_0", 0 0, L_0x70c95da9dd98;  1 drivers
v0x56eb055ab750_0 .net/2u *"_ivl_2", 0 0, L_0x70c95da9dde0;  1 drivers
S_0x56eb055ab8b0 .scope module, "_519_" "DFF" 5 1880, 3 116 0, S_0x56eb054cfb00;
 .timescale 0 0;
    .port_info 0 /INPUT 1 "CLK";
    .port_info 1 /INPUT 1 "D";
    .port_info 2 /OUTPUT 1 "Q";
L_0x70c95da9de28 .functor BUFT 1, C4<0>, C4<0>, C4<0>, C4<0>;
L_0x70c95da9de70 .functor BUFT 1, C4<0>, C4<0>, C4<0>, C4<0>;
L_0x56eb056250a0 .udp UDP_udp_dff, L_0x56eb05611e80, v0x56eb055f64c0_0, L_0x70c95da9de28, L_0x70c95da9de70, v0x56eb055abd20_0;
L_0x56eb05625260 .functor NOT 1, L_0x56eb056250a0, C4<0>, C4<0>, C4<0>;
L_0x56eb05625320 .functor BUF 1, L_0x56eb056250a0, C4<0>, C4<0>, C4<0>;
v0x56eb055abb00_0 .net "CLK", 0 0, v0x56eb055f64c0_0;  alias, 1 drivers
v0x56eb055abbc0_0 .net "D", 0 0, L_0x56eb05611e80;  alias, 1 drivers
v0x56eb055abc80_0 .net "DS0000", 0 0, L_0x56eb056250a0;  1 drivers
v0x56eb055abd20_0 .var "NOTIFIER", 0 0;
v0x56eb055abdc0_0 .net "P0002", 0 0, L_0x56eb05625260;  1 drivers
v0x56eb055abeb0_0 .net "Q", 0 0, L_0x56eb05625320;  1 drivers
v0x56eb055abf70_0 .net/2u *"_ivl_0", 0 0, L_0x70c95da9de28;  1 drivers
v0x56eb055ac090_0 .net/2u *"_ivl_2", 0 0, L_0x70c95da9de70;  1 drivers
S_0x56eb055ac1f0 .scope module, "_520_" "DFF" 5 1886, 3 116 0, S_0x56eb054cfb00;
 .timescale 0 0;
    .port_info 0 /INPUT 1 "CLK";
    .port_info 1 /INPUT 1 "D";
    .port_info 2 /OUTPUT 1 "Q";
L_0x70c95da9deb8 .functor BUFT 1, C4<0>, C4<0>, C4<0>, C4<0>;
L_0x70c95da9df00 .functor BUFT 1, C4<0>, C4<0>, C4<0>, C4<0>;
L_0x56eb056253f0 .udp UDP_udp_dff, L_0x56eb05611950, v0x56eb055f64c0_0, L_0x70c95da9deb8, L_0x70c95da9df00, v0x56eb055ac660_0;
L_0x56eb056255b0 .functor NOT 1, L_0x56eb056253f0, C4<0>, C4<0>, C4<0>;
L_0x56eb05625670 .functor BUF 1, L_0x56eb056253f0, C4<0>, C4<0>, C4<0>;
v0x56eb055ac440_0 .net "CLK", 0 0, v0x56eb055f64c0_0;  alias, 1 drivers
v0x56eb055ac500_0 .net "D", 0 0, L_0x56eb05611950;  alias, 1 drivers
v0x56eb055ac5c0_0 .net "DS0000", 0 0, L_0x56eb056253f0;  1 drivers
v0x56eb055ac660_0 .var "NOTIFIER", 0 0;
v0x56eb055ac700_0 .net "P0002", 0 0, L_0x56eb056255b0;  1 drivers
v0x56eb055ac7f0_0 .net "Q", 0 0, L_0x56eb05625670;  1 drivers
v0x56eb055ac8b0_0 .net/2u *"_ivl_0", 0 0, L_0x70c95da9deb8;  1 drivers
v0x56eb055ac9d0_0 .net/2u *"_ivl_2", 0 0, L_0x70c95da9df00;  1 drivers
S_0x56eb055acb30 .scope module, "_521_" "DFF" 5 1892, 3 116 0, S_0x56eb054cfb00;
 .timescale 0 0;
    .port_info 0 /INPUT 1 "CLK";
    .port_info 1 /INPUT 1 "D";
    .port_info 2 /OUTPUT 1 "Q";
L_0x70c95da9df48 .functor BUFT 1, C4<0>, C4<0>, C4<0>, C4<0>;
L_0x70c95da9df90 .functor BUFT 1, C4<0>, C4<0>, C4<0>, C4<0>;
L_0x56eb05625740 .udp UDP_udp_dff, L_0x56eb056117d0, v0x56eb055f64c0_0, L_0x70c95da9df48, L_0x70c95da9df90, v0x56eb055acfa0_0;
L_0x56eb05625900 .functor NOT 1, L_0x56eb05625740, C4<0>, C4<0>, C4<0>;
L_0x56eb056259c0 .functor BUF 1, L_0x56eb05625740, C4<0>, C4<0>, C4<0>;
v0x56eb055acd80_0 .net "CLK", 0 0, v0x56eb055f64c0_0;  alias, 1 drivers
v0x56eb055ace40_0 .net "D", 0 0, L_0x56eb056117d0;  alias, 1 drivers
v0x56eb055acf00_0 .net "DS0000", 0 0, L_0x56eb05625740;  1 drivers
v0x56eb055acfa0_0 .var "NOTIFIER", 0 0;
v0x56eb055ad040_0 .net "P0002", 0 0, L_0x56eb05625900;  1 drivers
v0x56eb055ad130_0 .net "Q", 0 0, L_0x56eb056259c0;  1 drivers
v0x56eb055ad1f0_0 .net/2u *"_ivl_0", 0 0, L_0x70c95da9df48;  1 drivers
v0x56eb055ad310_0 .net/2u *"_ivl_2", 0 0, L_0x70c95da9df90;  1 drivers
S_0x56eb055ad470 .scope module, "_522_" "DFF" 5 1898, 3 116 0, S_0x56eb054cfb00;
 .timescale 0 0;
    .port_info 0 /INPUT 1 "CLK";
    .port_info 1 /INPUT 1 "D";
    .port_info 2 /OUTPUT 1 "Q";
L_0x70c95da9dfd8 .functor BUFT 1, C4<0>, C4<0>, C4<0>, C4<0>;
L_0x70c95da9e020 .functor BUFT 1, C4<0>, C4<0>, C4<0>, C4<0>;
L_0x56eb05625a90 .udp UDP_udp_dff, L_0x56eb056112b0, v0x56eb055f64c0_0, L_0x70c95da9dfd8, L_0x70c95da9e020, v0x56eb055ad8e0_0;
L_0x56eb05625c50 .functor NOT 1, L_0x56eb05625a90, C4<0>, C4<0>, C4<0>;
L_0x56eb05625d10 .functor BUF 1, L_0x56eb05625a90, C4<0>, C4<0>, C4<0>;
v0x56eb055ad6c0_0 .net "CLK", 0 0, v0x56eb055f64c0_0;  alias, 1 drivers
v0x56eb055ad780_0 .net "D", 0 0, L_0x56eb056112b0;  alias, 1 drivers
v0x56eb055ad840_0 .net "DS0000", 0 0, L_0x56eb05625a90;  1 drivers
v0x56eb055ad8e0_0 .var "NOTIFIER", 0 0;
v0x56eb055ad980_0 .net "P0002", 0 0, L_0x56eb05625c50;  1 drivers
v0x56eb055ada70_0 .net "Q", 0 0, L_0x56eb05625d10;  1 drivers
v0x56eb055adb30_0 .net/2u *"_ivl_0", 0 0, L_0x70c95da9dfd8;  1 drivers
v0x56eb055adc50_0 .net/2u *"_ivl_2", 0 0, L_0x70c95da9e020;  1 drivers
S_0x56eb055addb0 .scope module, "_523_" "DFF" 5 1904, 3 116 0, S_0x56eb054cfb00;
 .timescale 0 0;
    .port_info 0 /INPUT 1 "CLK";
    .port_info 1 /INPUT 1 "D";
    .port_info 2 /OUTPUT 1 "Q";
L_0x70c95da9e068 .functor BUFT 1, C4<0>, C4<0>, C4<0>, C4<0>;
L_0x70c95da9e0b0 .functor BUFT 1, C4<0>, C4<0>, C4<0>, C4<0>;
L_0x56eb05625de0 .udp UDP_udp_dff, L_0x56eb05611180, v0x56eb055f64c0_0, L_0x70c95da9e068, L_0x70c95da9e0b0, v0x56eb055ae220_0;
L_0x56eb05625fa0 .functor NOT 1, L_0x56eb05625de0, C4<0>, C4<0>, C4<0>;
L_0x56eb05626060 .functor BUF 1, L_0x56eb05625de0, C4<0>, C4<0>, C4<0>;
v0x56eb055ae000_0 .net "CLK", 0 0, v0x56eb055f64c0_0;  alias, 1 drivers
v0x56eb055ae0c0_0 .net "D", 0 0, L_0x56eb05611180;  alias, 1 drivers
v0x56eb055ae180_0 .net "DS0000", 0 0, L_0x56eb05625de0;  1 drivers
v0x56eb055ae220_0 .var "NOTIFIER", 0 0;
v0x56eb055ae2c0_0 .net "P0002", 0 0, L_0x56eb05625fa0;  1 drivers
v0x56eb055ae3b0_0 .net "Q", 0 0, L_0x56eb05626060;  1 drivers
v0x56eb055ae470_0 .net/2u *"_ivl_0", 0 0, L_0x70c95da9e068;  1 drivers
v0x56eb055ae590_0 .net/2u *"_ivl_2", 0 0, L_0x70c95da9e0b0;  1 drivers
S_0x56eb055ae6f0 .scope module, "_524_" "DFF" 5 1910, 3 116 0, S_0x56eb054cfb00;
 .timescale 0 0;
    .port_info 0 /INPUT 1 "CLK";
    .port_info 1 /INPUT 1 "D";
    .port_info 2 /OUTPUT 1 "Q";
L_0x70c95da9e0f8 .functor BUFT 1, C4<0>, C4<0>, C4<0>, C4<0>;
L_0x70c95da9e140 .functor BUFT 1, C4<0>, C4<0>, C4<0>, C4<0>;
L_0x56eb05626130 .udp UDP_udp_dff, L_0x56eb05610cc0, v0x56eb055f64c0_0, L_0x70c95da9e0f8, L_0x70c95da9e140, v0x56eb055aeb60_0;
L_0x56eb056262f0 .functor NOT 1, L_0x56eb05626130, C4<0>, C4<0>, C4<0>;
L_0x56eb056263b0 .functor BUF 1, L_0x56eb05626130, C4<0>, C4<0>, C4<0>;
v0x56eb055ae940_0 .net "CLK", 0 0, v0x56eb055f64c0_0;  alias, 1 drivers
v0x56eb055aea00_0 .net "D", 0 0, L_0x56eb05610cc0;  alias, 1 drivers
v0x56eb055aeac0_0 .net "DS0000", 0 0, L_0x56eb05626130;  1 drivers
v0x56eb055aeb60_0 .var "NOTIFIER", 0 0;
v0x56eb055aec00_0 .net "P0002", 0 0, L_0x56eb056262f0;  1 drivers
v0x56eb055aecf0_0 .net "Q", 0 0, L_0x56eb056263b0;  1 drivers
v0x56eb055aedb0_0 .net/2u *"_ivl_0", 0 0, L_0x70c95da9e0f8;  1 drivers
v0x56eb055aeed0_0 .net/2u *"_ivl_2", 0 0, L_0x70c95da9e140;  1 drivers
S_0x56eb055af030 .scope module, "_525_" "DFF" 5 1916, 3 116 0, S_0x56eb054cfb00;
 .timescale 0 0;
    .port_info 0 /INPUT 1 "CLK";
    .port_info 1 /INPUT 1 "D";
    .port_info 2 /OUTPUT 1 "Q";
L_0x70c95da9e188 .functor BUFT 1, C4<0>, C4<0>, C4<0>, C4<0>;
L_0x70c95da9e1d0 .functor BUFT 1, C4<0>, C4<0>, C4<0>, C4<0>;
L_0x56eb05626480 .udp UDP_udp_dff, L_0x56eb05610b90, v0x56eb055f64c0_0, L_0x70c95da9e188, L_0x70c95da9e1d0, v0x56eb055af4a0_0;
L_0x56eb05626640 .functor NOT 1, L_0x56eb05626480, C4<0>, C4<0>, C4<0>;
L_0x56eb05626700 .functor BUF 1, L_0x56eb05626480, C4<0>, C4<0>, C4<0>;
v0x56eb055af280_0 .net "CLK", 0 0, v0x56eb055f64c0_0;  alias, 1 drivers
v0x56eb055af340_0 .net "D", 0 0, L_0x56eb05610b90;  alias, 1 drivers
v0x56eb055af400_0 .net "DS0000", 0 0, L_0x56eb05626480;  1 drivers
v0x56eb055af4a0_0 .var "NOTIFIER", 0 0;
v0x56eb055af540_0 .net "P0002", 0 0, L_0x56eb05626640;  1 drivers
v0x56eb055af630_0 .net "Q", 0 0, L_0x56eb05626700;  1 drivers
v0x56eb055af6f0_0 .net/2u *"_ivl_0", 0 0, L_0x70c95da9e188;  1 drivers
v0x56eb055af810_0 .net/2u *"_ivl_2", 0 0, L_0x70c95da9e1d0;  1 drivers
S_0x56eb055af970 .scope module, "_526_" "DFF" 5 1922, 3 116 0, S_0x56eb054cfb00;
 .timescale 0 0;
    .port_info 0 /INPUT 1 "CLK";
    .port_info 1 /INPUT 1 "D";
    .port_info 2 /OUTPUT 1 "Q";
L_0x70c95da9e218 .functor BUFT 1, C4<0>, C4<0>, C4<0>, C4<0>;
L_0x70c95da9e260 .functor BUFT 1, C4<0>, C4<0>, C4<0>, C4<0>;
L_0x56eb05621a70 .udp UDP_udp_dff, L_0x56eb056278d0, v0x56eb055f64c0_0, L_0x70c95da9e218, L_0x70c95da9e260, v0x56eb055afde0_0;
L_0x56eb05621bc0 .functor NOT 1, L_0x56eb05621a70, C4<0>, C4<0>, C4<0>;
L_0x56eb05627860 .functor BUF 1, L_0x56eb05621a70, C4<0>, C4<0>, C4<0>;
v0x56eb055afbc0_0 .net "CLK", 0 0, v0x56eb055f64c0_0;  alias, 1 drivers
v0x56eb055afc80_0 .net "D", 0 0, L_0x56eb056278d0;  1 drivers
v0x56eb055afd40_0 .net "DS0000", 0 0, L_0x56eb05621a70;  1 drivers
v0x56eb055afde0_0 .var "NOTIFIER", 0 0;
v0x56eb055afea0_0 .net "P0002", 0 0, L_0x56eb05621bc0;  1 drivers
v0x56eb055affb0_0 .net "Q", 0 0, L_0x56eb05627860;  1 drivers
v0x56eb055b00f0_0 .net/2u *"_ivl_0", 0 0, L_0x70c95da9e218;  1 drivers
v0x56eb055b0190_0 .net/2u *"_ivl_2", 0 0, L_0x70c95da9e260;  1 drivers
S_0x56eb055b02f0 .scope module, "_527_" "DFF" 5 1928, 3 116 0, S_0x56eb054cfb00;
 .timescale 0 0;
    .port_info 0 /INPUT 1 "CLK";
    .port_info 1 /INPUT 1 "D";
    .port_info 2 /OUTPUT 1 "Q";
L_0x70c95da9e2a8 .functor BUFT 1, C4<0>, C4<0>, C4<0>, C4<0>;
L_0x70c95da9e2f0 .functor BUFT 1, C4<0>, C4<0>, C4<0>, C4<0>;
L_0x56eb056279c0 .udp UDP_udp_dff, L_0x56eb05627c40, v0x56eb055f64c0_0, L_0x70c95da9e2a8, L_0x70c95da9e2f0, v0x56eb055b0760_0;
L_0x56eb05627b10 .functor NOT 1, L_0x56eb056279c0, C4<0>, C4<0>, C4<0>;
L_0x56eb05627bd0 .functor BUF 1, L_0x56eb056279c0, C4<0>, C4<0>, C4<0>;
v0x56eb055b0540_0 .net "CLK", 0 0, v0x56eb055f64c0_0;  alias, 1 drivers
v0x56eb055b0600_0 .net "D", 0 0, L_0x56eb05627c40;  1 drivers
v0x56eb055b06c0_0 .net "DS0000", 0 0, L_0x56eb056279c0;  1 drivers
v0x56eb055b0760_0 .var "NOTIFIER", 0 0;
v0x56eb055b0820_0 .net "P0002", 0 0, L_0x56eb05627b10;  1 drivers
v0x56eb055b0930_0 .net "Q", 0 0, L_0x56eb05627bd0;  1 drivers
v0x56eb055b09f0_0 .net/2u *"_ivl_0", 0 0, L_0x70c95da9e2a8;  1 drivers
v0x56eb055b0ad0_0 .net/2u *"_ivl_2", 0 0, L_0x70c95da9e2f0;  1 drivers
S_0x56eb055b0c30 .scope module, "_528_" "DFF" 5 1934, 3 116 0, S_0x56eb054cfb00;
 .timescale 0 0;
    .port_info 0 /INPUT 1 "CLK";
    .port_info 1 /INPUT 1 "D";
    .port_info 2 /OUTPUT 1 "Q";
L_0x70c95da9e338 .functor BUFT 1, C4<0>, C4<0>, C4<0>, C4<0>;
L_0x70c95da9e380 .functor BUFT 1, C4<0>, C4<0>, C4<0>, C4<0>;
L_0x56eb05627260 .udp UDP_udp_dff, L_0x56eb05627490, v0x56eb055f64c0_0, L_0x70c95da9e338, L_0x70c95da9e380, v0x56eb055b10a0_0;
L_0x56eb05627360 .functor NOT 1, L_0x56eb05627260, C4<0>, C4<0>, C4<0>;
L_0x56eb05627420 .functor BUF 1, L_0x56eb05627260, C4<0>, C4<0>, C4<0>;
v0x56eb055b0e80_0 .net "CLK", 0 0, v0x56eb055f64c0_0;  alias, 1 drivers
v0x56eb055b0f40_0 .net "D", 0 0, L_0x56eb05627490;  1 drivers
v0x56eb055b1000_0 .net "DS0000", 0 0, L_0x56eb05627260;  1 drivers
v0x56eb055b10a0_0 .var "NOTIFIER", 0 0;
v0x56eb055b1160_0 .net "P0002", 0 0, L_0x56eb05627360;  1 drivers
v0x56eb055b1270_0 .net "Q", 0 0, L_0x56eb05627420;  1 drivers
v0x56eb055b1330_0 .net/2u *"_ivl_0", 0 0, L_0x70c95da9e338;  1 drivers
v0x56eb055b1410_0 .net/2u *"_ivl_2", 0 0, L_0x70c95da9e380;  1 drivers
S_0x56eb055b1570 .scope module, "_529_" "DFF" 5 1940, 3 116 0, S_0x56eb054cfb00;
 .timescale 0 0;
    .port_info 0 /INPUT 1 "CLK";
    .port_info 1 /INPUT 1 "D";
    .port_info 2 /OUTPUT 1 "Q";
L_0x70c95da9e3c8 .functor BUFT 1, C4<0>, C4<0>, C4<0>, C4<0>;
L_0x70c95da9e410 .functor BUFT 1, C4<0>, C4<0>, C4<0>, C4<0>;
L_0x56eb05627580 .udp UDP_udp_dff, L_0x56eb056283d0, v0x56eb055f64c0_0, L_0x70c95da9e3c8, L_0x70c95da9e410, v0x56eb055b19e0_0;
L_0x56eb056276d0 .functor NOT 1, L_0x56eb05627580, C4<0>, C4<0>, C4<0>;
L_0x56eb05627790 .functor BUF 1, L_0x56eb05627580, C4<0>, C4<0>, C4<0>;
v0x56eb055b17c0_0 .net "CLK", 0 0, v0x56eb055f64c0_0;  alias, 1 drivers
v0x56eb055b1880_0 .net "D", 0 0, L_0x56eb056283d0;  1 drivers
v0x56eb055b1940_0 .net "DS0000", 0 0, L_0x56eb05627580;  1 drivers
v0x56eb055b19e0_0 .var "NOTIFIER", 0 0;
v0x56eb055b1aa0_0 .net "P0002", 0 0, L_0x56eb056276d0;  1 drivers
v0x56eb055b1bb0_0 .net "Q", 0 0, L_0x56eb05627790;  1 drivers
v0x56eb055b1c70_0 .net/2u *"_ivl_0", 0 0, L_0x70c95da9e3c8;  1 drivers
v0x56eb055b1d50_0 .net/2u *"_ivl_2", 0 0, L_0x70c95da9e410;  1 drivers
S_0x56eb055b1eb0 .scope module, "_530_" "DFF" 5 1946, 3 116 0, S_0x56eb054cfb00;
 .timescale 0 0;
    .port_info 0 /INPUT 1 "CLK";
    .port_info 1 /INPUT 1 "D";
    .port_info 2 /OUTPUT 1 "Q";
L_0x70c95da9e458 .functor BUFT 1, C4<0>, C4<0>, C4<0>, C4<0>;
L_0x70c95da9e4a0 .functor BUFT 1, C4<0>, C4<0>, C4<0>, C4<0>;
L_0x56eb05627dc0 .udp UDP_udp_dff, L_0x56eb05628040, v0x56eb055f64c0_0, L_0x70c95da9e458, L_0x70c95da9e4a0, v0x56eb055b2320_0;
L_0x56eb05627f10 .functor NOT 1, L_0x56eb05627dc0, C4<0>, C4<0>, C4<0>;
L_0x56eb05627fd0 .functor BUF 1, L_0x56eb05627dc0, C4<0>, C4<0>, C4<0>;
v0x56eb055b2100_0 .net "CLK", 0 0, v0x56eb055f64c0_0;  alias, 1 drivers
v0x56eb055b21c0_0 .net "D", 0 0, L_0x56eb05628040;  1 drivers
v0x56eb055b2280_0 .net "DS0000", 0 0, L_0x56eb05627dc0;  1 drivers
v0x56eb055b2320_0 .var "NOTIFIER", 0 0;
v0x56eb055b23e0_0 .net "P0002", 0 0, L_0x56eb05627f10;  1 drivers
v0x56eb055b24f0_0 .net "Q", 0 0, L_0x56eb05627fd0;  1 drivers
v0x56eb055b25b0_0 .net/2u *"_ivl_0", 0 0, L_0x70c95da9e458;  1 drivers
v0x56eb055b2690_0 .net/2u *"_ivl_2", 0 0, L_0x70c95da9e4a0;  1 drivers
S_0x56eb055b27f0 .scope module, "_531_" "DFF" 5 1952, 3 116 0, S_0x56eb054cfb00;
 .timescale 0 0;
    .port_info 0 /INPUT 1 "CLK";
    .port_info 1 /INPUT 1 "D";
    .port_info 2 /OUTPUT 1 "Q";
L_0x70c95da9e4e8 .functor BUFT 1, C4<0>, C4<0>, C4<0>, C4<0>;
L_0x70c95da9e530 .functor BUFT 1, C4<0>, C4<0>, C4<0>, C4<0>;
L_0x56eb05628130 .udp UDP_udp_dff, L_0x56eb05628a90, v0x56eb055f64c0_0, L_0x70c95da9e4e8, L_0x70c95da9e530, v0x56eb055b2c60_0;
L_0x56eb05628280 .functor NOT 1, L_0x56eb05628130, C4<0>, C4<0>, C4<0>;
L_0x56eb05628340 .functor BUF 1, L_0x56eb05628130, C4<0>, C4<0>, C4<0>;
v0x56eb055b2a40_0 .net "CLK", 0 0, v0x56eb055f64c0_0;  alias, 1 drivers
v0x56eb055b2b00_0 .net "D", 0 0, L_0x56eb05628a90;  1 drivers
v0x56eb055b2bc0_0 .net "DS0000", 0 0, L_0x56eb05628130;  1 drivers
v0x56eb055b2c60_0 .var "NOTIFIER", 0 0;
v0x56eb055b2d20_0 .net "P0002", 0 0, L_0x56eb05628280;  1 drivers
v0x56eb055b2e30_0 .net "Q", 0 0, L_0x56eb05628340;  1 drivers
v0x56eb055b2ef0_0 .net/2u *"_ivl_0", 0 0, L_0x70c95da9e4e8;  1 drivers
v0x56eb055b2fd0_0 .net/2u *"_ivl_2", 0 0, L_0x70c95da9e530;  1 drivers
S_0x56eb055b3130 .scope module, "_532_" "DFF" 5 1958, 3 116 0, S_0x56eb054cfb00;
 .timescale 0 0;
    .port_info 0 /INPUT 1 "CLK";
    .port_info 1 /INPUT 1 "D";
    .port_info 2 /OUTPUT 1 "Q";
L_0x70c95da9e578 .functor BUFT 1, C4<0>, C4<0>, C4<0>, C4<0>;
L_0x70c95da9e5c0 .functor BUFT 1, C4<0>, C4<0>, C4<0>, C4<0>;
L_0x56eb05628470 .udp UDP_udp_dff, L_0x56eb056286f0, v0x56eb055f64c0_0, L_0x70c95da9e578, L_0x70c95da9e5c0, v0x56eb055b35a0_0;
L_0x56eb056285c0 .functor NOT 1, L_0x56eb05628470, C4<0>, C4<0>, C4<0>;
L_0x56eb05628680 .functor BUF 1, L_0x56eb05628470, C4<0>, C4<0>, C4<0>;
v0x56eb055b3380_0 .net "CLK", 0 0, v0x56eb055f64c0_0;  alias, 1 drivers
v0x56eb055b3440_0 .net "D", 0 0, L_0x56eb056286f0;  1 drivers
v0x56eb055b3500_0 .net "DS0000", 0 0, L_0x56eb05628470;  1 drivers
v0x56eb055b35a0_0 .var "NOTIFIER", 0 0;
v0x56eb055b3660_0 .net "P0002", 0 0, L_0x56eb056285c0;  1 drivers
v0x56eb055b3770_0 .net "Q", 0 0, L_0x56eb05628680;  1 drivers
v0x56eb055b3830_0 .net/2u *"_ivl_0", 0 0, L_0x70c95da9e578;  1 drivers
v0x56eb055b3910_0 .net/2u *"_ivl_2", 0 0, L_0x70c95da9e5c0;  1 drivers
S_0x56eb055b3a70 .scope module, "_533_" "DFF" 5 1964, 3 116 0, S_0x56eb054cfb00;
 .timescale 0 0;
    .port_info 0 /INPUT 1 "CLK";
    .port_info 1 /INPUT 1 "D";
    .port_info 2 /OUTPUT 1 "Q";
L_0x70c95da9e608 .functor BUFT 1, C4<0>, C4<0>, C4<0>, C4<0>;
L_0x70c95da9e650 .functor BUFT 1, C4<0>, C4<0>, C4<0>, C4<0>;
L_0x56eb056287e0 .udp UDP_udp_dff, L_0x56eb056291b0, v0x56eb055f64c0_0, L_0x70c95da9e608, L_0x70c95da9e650, v0x56eb055b3ee0_0;
L_0x56eb05628930 .functor NOT 1, L_0x56eb056287e0, C4<0>, C4<0>, C4<0>;
L_0x56eb056289f0 .functor BUF 1, L_0x56eb056287e0, C4<0>, C4<0>, C4<0>;
v0x56eb055b3cc0_0 .net "CLK", 0 0, v0x56eb055f64c0_0;  alias, 1 drivers
v0x56eb055b3d80_0 .net "D", 0 0, L_0x56eb056291b0;  1 drivers
v0x56eb055b3e40_0 .net "DS0000", 0 0, L_0x56eb056287e0;  1 drivers
v0x56eb055b3ee0_0 .var "NOTIFIER", 0 0;
v0x56eb055b3fa0_0 .net "P0002", 0 0, L_0x56eb05628930;  1 drivers
v0x56eb055b40b0_0 .net "Q", 0 0, L_0x56eb056289f0;  1 drivers
v0x56eb055b4170_0 .net/2u *"_ivl_0", 0 0, L_0x70c95da9e608;  1 drivers
v0x56eb055b4250_0 .net/2u *"_ivl_2", 0 0, L_0x70c95da9e650;  1 drivers
S_0x56eb055b43b0 .scope module, "_534_" "DFF" 5 1970, 3 116 0, S_0x56eb054cfb00;
 .timescale 0 0;
    .port_info 0 /INPUT 1 "CLK";
    .port_info 1 /INPUT 1 "D";
    .port_info 2 /OUTPUT 1 "Q";
L_0x70c95da9e698 .functor BUFT 1, C4<0>, C4<0>, C4<0>, C4<0>;
L_0x70c95da9e6e0 .functor BUFT 1, C4<0>, C4<0>, C4<0>, C4<0>;
L_0x56eb05628b80 .udp UDP_udp_dff, L_0x56eb05628e00, v0x56eb055f64c0_0, L_0x70c95da9e698, L_0x70c95da9e6e0, v0x56eb055b4820_0;
L_0x56eb05628cd0 .functor NOT 1, L_0x56eb05628b80, C4<0>, C4<0>, C4<0>;
L_0x56eb05628d90 .functor BUF 1, L_0x56eb05628b80, C4<0>, C4<0>, C4<0>;
v0x56eb055b4600_0 .net "CLK", 0 0, v0x56eb055f64c0_0;  alias, 1 drivers
v0x56eb055b46c0_0 .net "D", 0 0, L_0x56eb05628e00;  1 drivers
v0x56eb055b4780_0 .net "DS0000", 0 0, L_0x56eb05628b80;  1 drivers
v0x56eb055b4820_0 .var "NOTIFIER", 0 0;
v0x56eb055b48e0_0 .net "P0002", 0 0, L_0x56eb05628cd0;  1 drivers
v0x56eb055b49f0_0 .net "Q", 0 0, L_0x56eb05628d90;  1 drivers
v0x56eb055b4ab0_0 .net/2u *"_ivl_0", 0 0, L_0x70c95da9e698;  1 drivers
v0x56eb055b4b90_0 .net/2u *"_ivl_2", 0 0, L_0x70c95da9e6e0;  1 drivers
S_0x56eb055b4cf0 .scope module, "_535_" "DFF" 5 1976, 3 116 0, S_0x56eb054cfb00;
 .timescale 0 0;
    .port_info 0 /INPUT 1 "CLK";
    .port_info 1 /INPUT 1 "D";
    .port_info 2 /OUTPUT 1 "Q";
L_0x70c95da9e728 .functor BUFT 1, C4<0>, C4<0>, C4<0>, C4<0>;
L_0x70c95da9e770 .functor BUFT 1, C4<0>, C4<0>, C4<0>, C4<0>;
L_0x56eb05628ef0 .udp UDP_udp_dff, L_0x56eb056298e0, v0x56eb055f64c0_0, L_0x70c95da9e728, L_0x70c95da9e770, v0x56eb055b5160_0;
L_0x56eb05629040 .functor NOT 1, L_0x56eb05628ef0, C4<0>, C4<0>, C4<0>;
L_0x56eb05629100 .functor BUF 1, L_0x56eb05628ef0, C4<0>, C4<0>, C4<0>;
v0x56eb055b4f40_0 .net "CLK", 0 0, v0x56eb055f64c0_0;  alias, 1 drivers
v0x56eb055b5000_0 .net "D", 0 0, L_0x56eb056298e0;  1 drivers
v0x56eb055b50c0_0 .net "DS0000", 0 0, L_0x56eb05628ef0;  1 drivers
v0x56eb055b5160_0 .var "NOTIFIER", 0 0;
v0x56eb055b5220_0 .net "P0002", 0 0, L_0x56eb05629040;  1 drivers
v0x56eb055b5330_0 .net "Q", 0 0, L_0x56eb05629100;  1 drivers
v0x56eb055b53f0_0 .net/2u *"_ivl_0", 0 0, L_0x70c95da9e728;  1 drivers
v0x56eb055b54d0_0 .net/2u *"_ivl_2", 0 0, L_0x70c95da9e770;  1 drivers
S_0x56eb055b5630 .scope module, "_536_" "DFF" 5 1982, 3 116 0, S_0x56eb054cfb00;
 .timescale 0 0;
    .port_info 0 /INPUT 1 "CLK";
    .port_info 1 /INPUT 1 "D";
    .port_info 2 /OUTPUT 1 "Q";
L_0x70c95da9e7b8 .functor BUFT 1, C4<0>, C4<0>, C4<0>, C4<0>;
L_0x70c95da9e800 .functor BUFT 1, C4<0>, C4<0>, C4<0>, C4<0>;
L_0x56eb056292a0 .udp UDP_udp_dff, L_0x56eb056294e0, v0x56eb055f64c0_0, L_0x70c95da9e7b8, L_0x70c95da9e800, v0x56eb055b5aa0_0;
L_0x56eb056293b0 .functor NOT 1, L_0x56eb056292a0, C4<0>, C4<0>, C4<0>;
L_0x56eb05629470 .functor BUF 1, L_0x56eb056292a0, C4<0>, C4<0>, C4<0>;
v0x56eb055b5880_0 .net "CLK", 0 0, v0x56eb055f64c0_0;  alias, 1 drivers
v0x56eb055b5940_0 .net "D", 0 0, L_0x56eb056294e0;  1 drivers
v0x56eb055b5a00_0 .net "DS0000", 0 0, L_0x56eb056292a0;  1 drivers
v0x56eb055b5aa0_0 .var "NOTIFIER", 0 0;
v0x56eb055b5b60_0 .net "P0002", 0 0, L_0x56eb056293b0;  1 drivers
v0x56eb055b5c70_0 .net "Q", 0 0, L_0x56eb05629470;  1 drivers
v0x56eb055b5d30_0 .net/2u *"_ivl_0", 0 0, L_0x70c95da9e7b8;  1 drivers
v0x56eb055b5e10_0 .net/2u *"_ivl_2", 0 0, L_0x70c95da9e800;  1 drivers
S_0x56eb055b5f70 .scope module, "_537_" "DFF" 5 1988, 3 116 0, S_0x56eb054cfb00;
 .timescale 0 0;
    .port_info 0 /INPUT 1 "CLK";
    .port_info 1 /INPUT 1 "D";
    .port_info 2 /OUTPUT 1 "Q";
L_0x70c95da9e848 .functor BUFT 1, C4<0>, C4<0>, C4<0>, C4<0>;
L_0x70c95da9e890 .functor BUFT 1, C4<0>, C4<0>, C4<0>, C4<0>;
L_0x56eb05629600 .udp UDP_udp_dff, L_0x56eb0562a020, v0x56eb055f64c0_0, L_0x70c95da9e848, L_0x70c95da9e890, v0x56eb055b63e0_0;
L_0x56eb056297b0 .functor NOT 1, L_0x56eb05629600, C4<0>, C4<0>, C4<0>;
L_0x56eb05629870 .functor BUF 1, L_0x56eb05629600, C4<0>, C4<0>, C4<0>;
v0x56eb055b61c0_0 .net "CLK", 0 0, v0x56eb055f64c0_0;  alias, 1 drivers
v0x56eb055b6280_0 .net "D", 0 0, L_0x56eb0562a020;  1 drivers
v0x56eb055b6340_0 .net "DS0000", 0 0, L_0x56eb05629600;  1 drivers
v0x56eb055b63e0_0 .var "NOTIFIER", 0 0;
v0x56eb055b64a0_0 .net "P0002", 0 0, L_0x56eb056297b0;  1 drivers
v0x56eb055b65b0_0 .net "Q", 0 0, L_0x56eb05629870;  1 drivers
v0x56eb055b6670_0 .net/2u *"_ivl_0", 0 0, L_0x70c95da9e848;  1 drivers
v0x56eb055b6750_0 .net/2u *"_ivl_2", 0 0, L_0x70c95da9e890;  1 drivers
S_0x56eb055b68b0 .scope module, "_538_" "DFF" 5 1994, 3 116 0, S_0x56eb054cfb00;
 .timescale 0 0;
    .port_info 0 /INPUT 1 "CLK";
    .port_info 1 /INPUT 1 "D";
    .port_info 2 /OUTPUT 1 "Q";
L_0x70c95da9e8d8 .functor BUFT 1, C4<0>, C4<0>, C4<0>, C4<0>;
L_0x70c95da9e920 .functor BUFT 1, C4<0>, C4<0>, C4<0>, C4<0>;
L_0x56eb05629a00 .udp UDP_udp_dff, L_0x56eb05629ce0, v0x56eb055f64c0_0, L_0x70c95da9e8d8, L_0x70c95da9e920, v0x56eb055b6d20_0;
L_0x56eb05629bb0 .functor NOT 1, L_0x56eb05629a00, C4<0>, C4<0>, C4<0>;
L_0x56eb05629c70 .functor BUF 1, L_0x56eb05629a00, C4<0>, C4<0>, C4<0>;
v0x56eb055b6b00_0 .net "CLK", 0 0, v0x56eb055f64c0_0;  alias, 1 drivers
v0x56eb055b6bc0_0 .net "D", 0 0, L_0x56eb05629ce0;  1 drivers
v0x56eb055b6c80_0 .net "DS0000", 0 0, L_0x56eb05629a00;  1 drivers
v0x56eb055b6d20_0 .var "NOTIFIER", 0 0;
v0x56eb055b6de0_0 .net "P0002", 0 0, L_0x56eb05629bb0;  1 drivers
v0x56eb055b6ef0_0 .net "Q", 0 0, L_0x56eb05629c70;  1 drivers
v0x56eb055b6fb0_0 .net/2u *"_ivl_0", 0 0, L_0x70c95da9e8d8;  1 drivers
v0x56eb055b7090_0 .net/2u *"_ivl_2", 0 0, L_0x70c95da9e920;  1 drivers
S_0x56eb055b71f0 .scope module, "_539_" "DFF" 5 2000, 3 116 0, S_0x56eb054cfb00;
 .timescale 0 0;
    .port_info 0 /INPUT 1 "CLK";
    .port_info 1 /INPUT 1 "D";
    .port_info 2 /OUTPUT 1 "Q";
L_0x70c95da9e968 .functor BUFT 1, C4<0>, C4<0>, C4<0>, C4<0>;
L_0x70c95da9e9b0 .functor BUFT 1, C4<0>, C4<0>, C4<0>, C4<0>;
L_0x56eb05629e00 .udp UDP_udp_dff, L_0x56eb0562a830, v0x56eb055f64c0_0, L_0x70c95da9e968, L_0x70c95da9e9b0, v0x56eb055b7660_0;
L_0x56eb05629fb0 .functor NOT 1, L_0x56eb05629e00, C4<0>, C4<0>, C4<0>;
L_0x56eb0562a7c0 .functor BUF 1, L_0x56eb05629e00, C4<0>, C4<0>, C4<0>;
v0x56eb055b7440_0 .net "CLK", 0 0, v0x56eb055f64c0_0;  alias, 1 drivers
v0x56eb055b7500_0 .net "D", 0 0, L_0x56eb0562a830;  1 drivers
v0x56eb055b75c0_0 .net "DS0000", 0 0, L_0x56eb05629e00;  1 drivers
v0x56eb055b7660_0 .var "NOTIFIER", 0 0;
v0x56eb055b7720_0 .net "P0002", 0 0, L_0x56eb05629fb0;  1 drivers
v0x56eb055b7830_0 .net "Q", 0 0, L_0x56eb0562a7c0;  1 drivers
v0x56eb055b78f0_0 .net/2u *"_ivl_0", 0 0, L_0x70c95da9e968;  1 drivers
v0x56eb055b79d0_0 .net/2u *"_ivl_2", 0 0, L_0x70c95da9e9b0;  1 drivers
S_0x56eb055b7b30 .scope module, "_540_" "DFF" 5 2006, 3 116 0, S_0x56eb054cfb00;
 .timescale 0 0;
    .port_info 0 /INPUT 1 "CLK";
    .port_info 1 /INPUT 1 "D";
    .port_info 2 /OUTPUT 1 "Q";
L_0x70c95da9e9f8 .functor BUFT 1, C4<0>, C4<0>, C4<0>, C4<0>;
L_0x70c95da9ea40 .functor BUFT 1, C4<0>, C4<0>, C4<0>, C4<0>;
L_0x56eb0562a140 .udp UDP_udp_dff, L_0x56eb0562a420, v0x56eb055f64c0_0, L_0x70c95da9e9f8, L_0x70c95da9ea40, v0x56eb055b7fa0_0;
L_0x56eb0562a2f0 .functor NOT 1, L_0x56eb0562a140, C4<0>, C4<0>, C4<0>;
L_0x56eb0562a3b0 .functor BUF 1, L_0x56eb0562a140, C4<0>, C4<0>, C4<0>;
v0x56eb055b7d80_0 .net "CLK", 0 0, v0x56eb055f64c0_0;  alias, 1 drivers
v0x56eb055b7e40_0 .net "D", 0 0, L_0x56eb0562a420;  1 drivers
v0x56eb055b7f00_0 .net "DS0000", 0 0, L_0x56eb0562a140;  1 drivers
v0x56eb055b7fa0_0 .var "NOTIFIER", 0 0;
v0x56eb055b8060_0 .net "P0002", 0 0, L_0x56eb0562a2f0;  1 drivers
v0x56eb055b8170_0 .net "Q", 0 0, L_0x56eb0562a3b0;  1 drivers
v0x56eb055b8230_0 .net/2u *"_ivl_0", 0 0, L_0x70c95da9e9f8;  1 drivers
v0x56eb055b8310_0 .net/2u *"_ivl_2", 0 0, L_0x70c95da9ea40;  1 drivers
S_0x56eb055b8470 .scope module, "_541_" "DFF" 5 2012, 3 116 0, S_0x56eb054cfb00;
 .timescale 0 0;
    .port_info 0 /INPUT 1 "CLK";
    .port_info 1 /INPUT 1 "D";
    .port_info 2 /OUTPUT 1 "Q";
L_0x70c95da9ea88 .functor BUFT 1, C4<0>, C4<0>, C4<0>, C4<0>;
L_0x70c95da9ead0 .functor BUFT 1, C4<0>, C4<0>, C4<0>, C4<0>;
L_0x56eb0562a540 .udp UDP_udp_dff, L_0x56eb0562b050, v0x56eb055f64c0_0, L_0x70c95da9ea88, L_0x70c95da9ead0, v0x56eb055b88e0_0;
L_0x56eb0562a6f0 .functor NOT 1, L_0x56eb0562a540, C4<0>, C4<0>, C4<0>;
L_0x56eb0562afe0 .functor BUF 1, L_0x56eb0562a540, C4<0>, C4<0>, C4<0>;
v0x56eb055b86c0_0 .net "CLK", 0 0, v0x56eb055f64c0_0;  alias, 1 drivers
v0x56eb055b8780_0 .net "D", 0 0, L_0x56eb0562b050;  1 drivers
v0x56eb055b8840_0 .net "DS0000", 0 0, L_0x56eb0562a540;  1 drivers
v0x56eb055b88e0_0 .var "NOTIFIER", 0 0;
v0x56eb055b89a0_0 .net "P0002", 0 0, L_0x56eb0562a6f0;  1 drivers
v0x56eb055b8ab0_0 .net "Q", 0 0, L_0x56eb0562afe0;  1 drivers
v0x56eb055b8b70_0 .net/2u *"_ivl_0", 0 0, L_0x70c95da9ea88;  1 drivers
v0x56eb055b8c50_0 .net/2u *"_ivl_2", 0 0, L_0x70c95da9ead0;  1 drivers
S_0x56eb055b8db0 .scope module, "_542_" "DFF" 5 2018, 3 116 0, S_0x56eb054cfb00;
 .timescale 0 0;
    .port_info 0 /INPUT 1 "CLK";
    .port_info 1 /INPUT 1 "D";
    .port_info 2 /OUTPUT 1 "Q";
L_0x70c95da9eb18 .functor BUFT 1, C4<0>, C4<0>, C4<0>, C4<0>;
L_0x70c95da9eb60 .functor BUFT 1, C4<0>, C4<0>, C4<0>, C4<0>;
L_0x56eb0562a950 .udp UDP_udp_dff, L_0x56eb0562ac30, v0x56eb055f64c0_0, L_0x70c95da9eb18, L_0x70c95da9eb60, v0x56eb055b9220_0;
L_0x56eb0562ab00 .functor NOT 1, L_0x56eb0562a950, C4<0>, C4<0>, C4<0>;
L_0x56eb0562abc0 .functor BUF 1, L_0x56eb0562a950, C4<0>, C4<0>, C4<0>;
v0x56eb055b9000_0 .net "CLK", 0 0, v0x56eb055f64c0_0;  alias, 1 drivers
v0x56eb055b90c0_0 .net "D", 0 0, L_0x56eb0562ac30;  1 drivers
v0x56eb055b9180_0 .net "DS0000", 0 0, L_0x56eb0562a950;  1 drivers
v0x56eb055b9220_0 .var "NOTIFIER", 0 0;
v0x56eb055b92e0_0 .net "P0002", 0 0, L_0x56eb0562ab00;  1 drivers
v0x56eb055b93f0_0 .net "Q", 0 0, L_0x56eb0562abc0;  1 drivers
v0x56eb055b94b0_0 .net/2u *"_ivl_0", 0 0, L_0x70c95da9eb18;  1 drivers
v0x56eb055b9590_0 .net/2u *"_ivl_2", 0 0, L_0x70c95da9eb60;  1 drivers
S_0x56eb055b96f0 .scope module, "_543_" "DFF" 5 2024, 3 116 0, S_0x56eb054cfb00;
 .timescale 0 0;
    .port_info 0 /INPUT 1 "CLK";
    .port_info 1 /INPUT 1 "D";
    .port_info 2 /OUTPUT 1 "Q";
L_0x70c95da9eba8 .functor BUFT 1, C4<0>, C4<0>, C4<0>, C4<0>;
L_0x70c95da9ebf0 .functor BUFT 1, C4<0>, C4<0>, C4<0>, C4<0>;
L_0x56eb0562ad50 .udp UDP_udp_dff, L_0x56eb0562b880, v0x56eb055f64c0_0, L_0x70c95da9eba8, L_0x70c95da9ebf0, v0x56eb055b9b60_0;
L_0x56eb0562af00 .functor NOT 1, L_0x56eb0562ad50, C4<0>, C4<0>, C4<0>;
L_0x56eb0562b810 .functor BUF 1, L_0x56eb0562ad50, C4<0>, C4<0>, C4<0>;
v0x56eb055b9940_0 .net "CLK", 0 0, v0x56eb055f64c0_0;  alias, 1 drivers
v0x56eb055b9a00_0 .net "D", 0 0, L_0x56eb0562b880;  1 drivers
v0x56eb055b9ac0_0 .net "DS0000", 0 0, L_0x56eb0562ad50;  1 drivers
v0x56eb055b9b60_0 .var "NOTIFIER", 0 0;
v0x56eb055b9c20_0 .net "P0002", 0 0, L_0x56eb0562af00;  1 drivers
v0x56eb055b9d30_0 .net "Q", 0 0, L_0x56eb0562b810;  1 drivers
v0x56eb055b9df0_0 .net/2u *"_ivl_0", 0 0, L_0x70c95da9eba8;  1 drivers
v0x56eb055b9ed0_0 .net/2u *"_ivl_2", 0 0, L_0x70c95da9ebf0;  1 drivers
S_0x56eb055ba030 .scope module, "_544_" "DFF" 5 2030, 3 116 0, S_0x56eb054cfb00;
 .timescale 0 0;
    .port_info 0 /INPUT 1 "CLK";
    .port_info 1 /INPUT 1 "D";
    .port_info 2 /OUTPUT 1 "Q";
L_0x70c95da9ec38 .functor BUFT 1, C4<0>, C4<0>, C4<0>, C4<0>;
L_0x70c95da9ec80 .functor BUFT 1, C4<0>, C4<0>, C4<0>, C4<0>;
L_0x56eb0562b170 .udp UDP_udp_dff, L_0x56eb0562b450, v0x56eb055f64c0_0, L_0x70c95da9ec38, L_0x70c95da9ec80, v0x56eb055ba4a0_0;
L_0x56eb0562b320 .functor NOT 1, L_0x56eb0562b170, C4<0>, C4<0>, C4<0>;
L_0x56eb0562b3e0 .functor BUF 1, L_0x56eb0562b170, C4<0>, C4<0>, C4<0>;
v0x56eb055ba280_0 .net "CLK", 0 0, v0x56eb055f64c0_0;  alias, 1 drivers
v0x56eb055ba340_0 .net "D", 0 0, L_0x56eb0562b450;  1 drivers
v0x56eb055ba400_0 .net "DS0000", 0 0, L_0x56eb0562b170;  1 drivers
v0x56eb055ba4a0_0 .var "NOTIFIER", 0 0;
v0x56eb055ba560_0 .net "P0002", 0 0, L_0x56eb0562b320;  1 drivers
v0x56eb055ba670_0 .net "Q", 0 0, L_0x56eb0562b3e0;  1 drivers
v0x56eb055ba730_0 .net/2u *"_ivl_0", 0 0, L_0x70c95da9ec38;  1 drivers
v0x56eb055ba810_0 .net/2u *"_ivl_2", 0 0, L_0x70c95da9ec80;  1 drivers
S_0x56eb055ba970 .scope module, "_545_" "DFF" 5 2036, 3 116 0, S_0x56eb054cfb00;
 .timescale 0 0;
    .port_info 0 /INPUT 1 "CLK";
    .port_info 1 /INPUT 1 "D";
    .port_info 2 /OUTPUT 1 "Q";
L_0x70c95da9ecc8 .functor BUFT 1, C4<0>, C4<0>, C4<0>, C4<0>;
L_0x70c95da9ed10 .functor BUFT 1, C4<0>, C4<0>, C4<0>, C4<0>;
L_0x56eb0562b570 .udp UDP_udp_dff, L_0x56eb0562c0c0, v0x56eb055f64c0_0, L_0x70c95da9ecc8, L_0x70c95da9ed10, v0x56eb055bade0_0;
L_0x56eb0562b720 .functor NOT 1, L_0x56eb0562b570, C4<0>, C4<0>, C4<0>;
L_0x56eb0562c050 .functor BUF 1, L_0x56eb0562b570, C4<0>, C4<0>, C4<0>;
v0x56eb055babc0_0 .net "CLK", 0 0, v0x56eb055f64c0_0;  alias, 1 drivers
v0x56eb055bac80_0 .net "D", 0 0, L_0x56eb0562c0c0;  1 drivers
v0x56eb055bad40_0 .net "DS0000", 0 0, L_0x56eb0562b570;  1 drivers
v0x56eb055bade0_0 .var "NOTIFIER", 0 0;
v0x56eb055baea0_0 .net "P0002", 0 0, L_0x56eb0562b720;  1 drivers
v0x56eb055bafb0_0 .net "Q", 0 0, L_0x56eb0562c050;  1 drivers
v0x56eb055bb070_0 .net/2u *"_ivl_0", 0 0, L_0x70c95da9ecc8;  1 drivers
v0x56eb055bb150_0 .net/2u *"_ivl_2", 0 0, L_0x70c95da9ed10;  1 drivers
S_0x56eb055bb2b0 .scope module, "_546_" "DFF" 5 2042, 3 116 0, S_0x56eb054cfb00;
 .timescale 0 0;
    .port_info 0 /INPUT 1 "CLK";
    .port_info 1 /INPUT 1 "D";
    .port_info 2 /OUTPUT 1 "Q";
L_0x70c95da9ed58 .functor BUFT 1, C4<0>, C4<0>, C4<0>, C4<0>;
L_0x70c95da9eda0 .functor BUFT 1, C4<0>, C4<0>, C4<0>, C4<0>;
L_0x56eb0562b970 .udp UDP_udp_dff, L_0x56eb0562bc50, v0x56eb055f64c0_0, L_0x70c95da9ed58, L_0x70c95da9eda0, v0x56eb055bb720_0;
L_0x56eb0562bb20 .functor NOT 1, L_0x56eb0562b970, C4<0>, C4<0>, C4<0>;
L_0x56eb0562bbe0 .functor BUF 1, L_0x56eb0562b970, C4<0>, C4<0>, C4<0>;
v0x56eb055bb500_0 .net "CLK", 0 0, v0x56eb055f64c0_0;  alias, 1 drivers
v0x56eb055bb5c0_0 .net "D", 0 0, L_0x56eb0562bc50;  1 drivers
v0x56eb055bb680_0 .net "DS0000", 0 0, L_0x56eb0562b970;  1 drivers
v0x56eb055bb720_0 .var "NOTIFIER", 0 0;
v0x56eb055bb7e0_0 .net "P0002", 0 0, L_0x56eb0562bb20;  1 drivers
v0x56eb055bb8f0_0 .net "Q", 0 0, L_0x56eb0562bbe0;  1 drivers
v0x56eb055bb9b0_0 .net/2u *"_ivl_0", 0 0, L_0x70c95da9ed58;  1 drivers
v0x56eb055bba90_0 .net/2u *"_ivl_2", 0 0, L_0x70c95da9eda0;  1 drivers
S_0x56eb055bbbf0 .scope module, "_547_" "DFF" 5 2048, 3 116 0, S_0x56eb054cfb00;
 .timescale 0 0;
    .port_info 0 /INPUT 1 "CLK";
    .port_info 1 /INPUT 1 "D";
    .port_info 2 /OUTPUT 1 "Q";
L_0x70c95da9ede8 .functor BUFT 1, C4<0>, C4<0>, C4<0>, C4<0>;
L_0x70c95da9ee30 .functor BUFT 1, C4<0>, C4<0>, C4<0>, C4<0>;
L_0x56eb0562bd70 .udp UDP_udp_dff, L_0x56eb0562c8c0, v0x56eb055f64c0_0, L_0x70c95da9ede8, L_0x70c95da9ee30, v0x56eb055bc060_0;
L_0x56eb0562bf20 .functor NOT 1, L_0x56eb0562bd70, C4<0>, C4<0>, C4<0>;
L_0x56eb0562c850 .functor BUF 1, L_0x56eb0562bd70, C4<0>, C4<0>, C4<0>;
v0x56eb055bbe40_0 .net "CLK", 0 0, v0x56eb055f64c0_0;  alias, 1 drivers
v0x56eb055bbf00_0 .net "D", 0 0, L_0x56eb0562c8c0;  1 drivers
v0x56eb055bbfc0_0 .net "DS0000", 0 0, L_0x56eb0562bd70;  1 drivers
v0x56eb055bc060_0 .var "NOTIFIER", 0 0;
v0x56eb055bc120_0 .net "P0002", 0 0, L_0x56eb0562bf20;  1 drivers
v0x56eb055bc230_0 .net "Q", 0 0, L_0x56eb0562c850;  1 drivers
v0x56eb055bc2f0_0 .net/2u *"_ivl_0", 0 0, L_0x70c95da9ede8;  1 drivers
v0x56eb055bc3d0_0 .net/2u *"_ivl_2", 0 0, L_0x70c95da9ee30;  1 drivers
S_0x56eb055bc530 .scope module, "_548_" "DFF" 5 2054, 3 116 0, S_0x56eb054cfb00;
 .timescale 0 0;
    .port_info 0 /INPUT 1 "CLK";
    .port_info 1 /INPUT 1 "D";
    .port_info 2 /OUTPUT 1 "Q";
L_0x70c95da9ee78 .functor BUFT 1, C4<0>, C4<0>, C4<0>, C4<0>;
L_0x70c95da9eec0 .functor BUFT 1, C4<0>, C4<0>, C4<0>, C4<0>;
L_0x56eb0562c1e0 .udp UDP_udp_dff, L_0x56eb0562c4c0, v0x56eb055f64c0_0, L_0x70c95da9ee78, L_0x70c95da9eec0, v0x56eb055bc9a0_0;
L_0x56eb0562c390 .functor NOT 1, L_0x56eb0562c1e0, C4<0>, C4<0>, C4<0>;
L_0x56eb0562c450 .functor BUF 1, L_0x56eb0562c1e0, C4<0>, C4<0>, C4<0>;
v0x56eb055bc780_0 .net "CLK", 0 0, v0x56eb055f64c0_0;  alias, 1 drivers
v0x56eb055bc840_0 .net "D", 0 0, L_0x56eb0562c4c0;  1 drivers
v0x56eb055bc900_0 .net "DS0000", 0 0, L_0x56eb0562c1e0;  1 drivers
v0x56eb055bc9a0_0 .var "NOTIFIER", 0 0;
v0x56eb055bca60_0 .net "P0002", 0 0, L_0x56eb0562c390;  1 drivers
v0x56eb055bcb70_0 .net "Q", 0 0, L_0x56eb0562c450;  1 drivers
v0x56eb055bcc30_0 .net/2u *"_ivl_0", 0 0, L_0x70c95da9ee78;  1 drivers
v0x56eb055bcd10_0 .net/2u *"_ivl_2", 0 0, L_0x70c95da9eec0;  1 drivers
S_0x56eb055bce70 .scope module, "_549_" "DFF" 5 2060, 3 116 0, S_0x56eb054cfb00;
 .timescale 0 0;
    .port_info 0 /INPUT 1 "CLK";
    .port_info 1 /INPUT 1 "D";
    .port_info 2 /OUTPUT 1 "Q";
L_0x70c95da9ef08 .functor BUFT 1, C4<0>, C4<0>, C4<0>, C4<0>;
L_0x70c95da9ef50 .functor BUFT 1, C4<0>, C4<0>, C4<0>, C4<0>;
L_0x56eb0562c5e0 .udp UDP_udp_dff, L_0x56eb0562d0d0, v0x56eb055f64c0_0, L_0x70c95da9ef08, L_0x70c95da9ef50, v0x56eb055bd2e0_0;
L_0x56eb0562c790 .functor NOT 1, L_0x56eb0562c5e0, C4<0>, C4<0>, C4<0>;
L_0x56eb0562d060 .functor BUF 1, L_0x56eb0562c5e0, C4<0>, C4<0>, C4<0>;
v0x56eb055bd0c0_0 .net "CLK", 0 0, v0x56eb055f64c0_0;  alias, 1 drivers
v0x56eb055bd180_0 .net "D", 0 0, L_0x56eb0562d0d0;  1 drivers
v0x56eb055bd240_0 .net "DS0000", 0 0, L_0x56eb0562c5e0;  1 drivers
v0x56eb055bd2e0_0 .var "NOTIFIER", 0 0;
v0x56eb055bd3a0_0 .net "P0002", 0 0, L_0x56eb0562c790;  1 drivers
v0x56eb055bd4b0_0 .net "Q", 0 0, L_0x56eb0562d060;  1 drivers
v0x56eb055bd570_0 .net/2u *"_ivl_0", 0 0, L_0x70c95da9ef08;  1 drivers
v0x56eb055bd650_0 .net/2u *"_ivl_2", 0 0, L_0x70c95da9ef50;  1 drivers
S_0x56eb055bd7b0 .scope module, "_550_" "DFF" 5 2066, 3 116 0, S_0x56eb054cfb00;
 .timescale 0 0;
    .port_info 0 /INPUT 1 "CLK";
    .port_info 1 /INPUT 1 "D";
    .port_info 2 /OUTPUT 1 "Q";
L_0x70c95da9ef98 .functor BUFT 1, C4<0>, C4<0>, C4<0>, C4<0>;
L_0x70c95da9efe0 .functor BUFT 1, C4<0>, C4<0>, C4<0>, C4<0>;
L_0x56eb0562c9e0 .udp UDP_udp_dff, L_0x56eb0562ccc0, v0x56eb055f64c0_0, L_0x70c95da9ef98, L_0x70c95da9efe0, v0x56eb055bdc20_0;
L_0x56eb0562cb90 .functor NOT 1, L_0x56eb0562c9e0, C4<0>, C4<0>, C4<0>;
L_0x56eb0562cc50 .functor BUF 1, L_0x56eb0562c9e0, C4<0>, C4<0>, C4<0>;
v0x56eb055bda00_0 .net "CLK", 0 0, v0x56eb055f64c0_0;  alias, 1 drivers
v0x56eb055bdac0_0 .net "D", 0 0, L_0x56eb0562ccc0;  1 drivers
v0x56eb055bdb80_0 .net "DS0000", 0 0, L_0x56eb0562c9e0;  1 drivers
v0x56eb055bdc20_0 .var "NOTIFIER", 0 0;
v0x56eb055bdce0_0 .net "P0002", 0 0, L_0x56eb0562cb90;  1 drivers
v0x56eb055bddf0_0 .net "Q", 0 0, L_0x56eb0562cc50;  1 drivers
v0x56eb055bdeb0_0 .net/2u *"_ivl_0", 0 0, L_0x70c95da9ef98;  1 drivers
v0x56eb055bdf90_0 .net/2u *"_ivl_2", 0 0, L_0x70c95da9efe0;  1 drivers
S_0x56eb055be0f0 .scope module, "_551_" "DFF" 5 2072, 3 116 0, S_0x56eb054cfb00;
 .timescale 0 0;
    .port_info 0 /INPUT 1 "CLK";
    .port_info 1 /INPUT 1 "D";
    .port_info 2 /OUTPUT 1 "Q";
L_0x70c95da9f028 .functor BUFT 1, C4<0>, C4<0>, C4<0>, C4<0>;
L_0x70c95da9f070 .functor BUFT 1, C4<0>, C4<0>, C4<0>, C4<0>;
L_0x56eb0562cde0 .udp UDP_udp_dff, L_0x56eb0562d8f0, v0x56eb055f64c0_0, L_0x70c95da9f028, L_0x70c95da9f070, v0x56eb055be560_0;
L_0x56eb0562cf90 .functor NOT 1, L_0x56eb0562cde0, C4<0>, C4<0>, C4<0>;
L_0x56eb0562d880 .functor BUF 1, L_0x56eb0562cde0, C4<0>, C4<0>, C4<0>;
v0x56eb055be340_0 .net "CLK", 0 0, v0x56eb055f64c0_0;  alias, 1 drivers
v0x56eb055be400_0 .net "D", 0 0, L_0x56eb0562d8f0;  1 drivers
v0x56eb055be4c0_0 .net "DS0000", 0 0, L_0x56eb0562cde0;  1 drivers
v0x56eb055be560_0 .var "NOTIFIER", 0 0;
v0x56eb055be620_0 .net "P0002", 0 0, L_0x56eb0562cf90;  1 drivers
v0x56eb055be730_0 .net "Q", 0 0, L_0x56eb0562d880;  1 drivers
v0x56eb055be7f0_0 .net/2u *"_ivl_0", 0 0, L_0x70c95da9f028;  1 drivers
v0x56eb055be8d0_0 .net/2u *"_ivl_2", 0 0, L_0x70c95da9f070;  1 drivers
S_0x56eb055bea30 .scope module, "_552_" "DFF" 5 2078, 3 116 0, S_0x56eb054cfb00;
 .timescale 0 0;
    .port_info 0 /INPUT 1 "CLK";
    .port_info 1 /INPUT 1 "D";
    .port_info 2 /OUTPUT 1 "Q";
L_0x70c95da9f0b8 .functor BUFT 1, C4<0>, C4<0>, C4<0>, C4<0>;
L_0x70c95da9f100 .functor BUFT 1, C4<0>, C4<0>, C4<0>, C4<0>;
L_0x56eb0562d1f0 .udp UDP_udp_dff, L_0x56eb0562d4d0, v0x56eb055f64c0_0, L_0x70c95da9f0b8, L_0x70c95da9f100, v0x56eb055beea0_0;
L_0x56eb0562d3a0 .functor NOT 1, L_0x56eb0562d1f0, C4<0>, C4<0>, C4<0>;
L_0x56eb0562d460 .functor BUF 1, L_0x56eb0562d1f0, C4<0>, C4<0>, C4<0>;
v0x56eb055bec80_0 .net "CLK", 0 0, v0x56eb055f64c0_0;  alias, 1 drivers
v0x56eb055bed40_0 .net "D", 0 0, L_0x56eb0562d4d0;  1 drivers
v0x56eb055bee00_0 .net "DS0000", 0 0, L_0x56eb0562d1f0;  1 drivers
v0x56eb055beea0_0 .var "NOTIFIER", 0 0;
v0x56eb055bef60_0 .net "P0002", 0 0, L_0x56eb0562d3a0;  1 drivers
v0x56eb055bf070_0 .net "Q", 0 0, L_0x56eb0562d460;  1 drivers
v0x56eb055bf130_0 .net/2u *"_ivl_0", 0 0, L_0x70c95da9f0b8;  1 drivers
v0x56eb055bf210_0 .net/2u *"_ivl_2", 0 0, L_0x70c95da9f100;  1 drivers
S_0x56eb055bf370 .scope module, "_553_" "DFF" 5 2084, 3 116 0, S_0x56eb054cfb00;
 .timescale 0 0;
    .port_info 0 /INPUT 1 "CLK";
    .port_info 1 /INPUT 1 "D";
    .port_info 2 /OUTPUT 1 "Q";
L_0x70c95da9f148 .functor BUFT 1, C4<0>, C4<0>, C4<0>, C4<0>;
L_0x70c95da9f190 .functor BUFT 1, C4<0>, C4<0>, C4<0>, C4<0>;
L_0x56eb0562d5f0 .udp UDP_udp_dff, L_0x56eb0562e120, v0x56eb055f64c0_0, L_0x70c95da9f148, L_0x70c95da9f190, v0x56eb055bf7e0_0;
L_0x56eb0562d7a0 .functor NOT 1, L_0x56eb0562d5f0, C4<0>, C4<0>, C4<0>;
L_0x56eb0562e0b0 .functor BUF 1, L_0x56eb0562d5f0, C4<0>, C4<0>, C4<0>;
v0x56eb055bf5c0_0 .net "CLK", 0 0, v0x56eb055f64c0_0;  alias, 1 drivers
v0x56eb055bf680_0 .net "D", 0 0, L_0x56eb0562e120;  1 drivers
v0x56eb055bf740_0 .net "DS0000", 0 0, L_0x56eb0562d5f0;  1 drivers
v0x56eb055bf7e0_0 .var "NOTIFIER", 0 0;
v0x56eb055bf8a0_0 .net "P0002", 0 0, L_0x56eb0562d7a0;  1 drivers
v0x56eb055bf9b0_0 .net "Q", 0 0, L_0x56eb0562e0b0;  1 drivers
v0x56eb055bfa70_0 .net/2u *"_ivl_0", 0 0, L_0x70c95da9f148;  1 drivers
v0x56eb055bfb50_0 .net/2u *"_ivl_2", 0 0, L_0x70c95da9f190;  1 drivers
S_0x56eb055bfcb0 .scope module, "_554_" "DFF" 5 2090, 3 116 0, S_0x56eb054cfb00;
 .timescale 0 0;
    .port_info 0 /INPUT 1 "CLK";
    .port_info 1 /INPUT 1 "D";
    .port_info 2 /OUTPUT 1 "Q";
L_0x70c95da9f1d8 .functor BUFT 1, C4<0>, C4<0>, C4<0>, C4<0>;
L_0x70c95da9f220 .functor BUFT 1, C4<0>, C4<0>, C4<0>, C4<0>;
L_0x56eb0562da10 .udp UDP_udp_dff, L_0x56eb0562dcf0, v0x56eb055f64c0_0, L_0x70c95da9f1d8, L_0x70c95da9f220, v0x56eb055c0120_0;
L_0x56eb0562dbc0 .functor NOT 1, L_0x56eb0562da10, C4<0>, C4<0>, C4<0>;
L_0x56eb0562dc80 .functor BUF 1, L_0x56eb0562da10, C4<0>, C4<0>, C4<0>;
v0x56eb055bff00_0 .net "CLK", 0 0, v0x56eb055f64c0_0;  alias, 1 drivers
v0x56eb055bffc0_0 .net "D", 0 0, L_0x56eb0562dcf0;  1 drivers
v0x56eb055c0080_0 .net "DS0000", 0 0, L_0x56eb0562da10;  1 drivers
v0x56eb055c0120_0 .var "NOTIFIER", 0 0;
v0x56eb055c01e0_0 .net "P0002", 0 0, L_0x56eb0562dbc0;  1 drivers
v0x56eb055c02f0_0 .net "Q", 0 0, L_0x56eb0562dc80;  1 drivers
v0x56eb055c03b0_0 .net/2u *"_ivl_0", 0 0, L_0x70c95da9f1d8;  1 drivers
v0x56eb055c0490_0 .net/2u *"_ivl_2", 0 0, L_0x70c95da9f220;  1 drivers
S_0x56eb055c05f0 .scope module, "_555_" "DFF" 5 2096, 3 116 0, S_0x56eb054cfb00;
 .timescale 0 0;
    .port_info 0 /INPUT 1 "CLK";
    .port_info 1 /INPUT 1 "D";
    .port_info 2 /OUTPUT 1 "Q";
L_0x70c95da9f268 .functor BUFT 1, C4<0>, C4<0>, C4<0>, C4<0>;
L_0x70c95da9f2b0 .functor BUFT 1, C4<0>, C4<0>, C4<0>, C4<0>;
L_0x56eb0562de10 .udp UDP_udp_dff, L_0x56eb0562e960, v0x56eb055f64c0_0, L_0x70c95da9f268, L_0x70c95da9f2b0, v0x56eb055c0a60_0;
L_0x56eb0562dfc0 .functor NOT 1, L_0x56eb0562de10, C4<0>, C4<0>, C4<0>;
L_0x56eb0562e8f0 .functor BUF 1, L_0x56eb0562de10, C4<0>, C4<0>, C4<0>;
v0x56eb055c0840_0 .net "CLK", 0 0, v0x56eb055f64c0_0;  alias, 1 drivers
v0x56eb055c0900_0 .net "D", 0 0, L_0x56eb0562e960;  1 drivers
v0x56eb055c09c0_0 .net "DS0000", 0 0, L_0x56eb0562de10;  1 drivers
v0x56eb055c0a60_0 .var "NOTIFIER", 0 0;
v0x56eb055c0b20_0 .net "P0002", 0 0, L_0x56eb0562dfc0;  1 drivers
v0x56eb055c0c30_0 .net "Q", 0 0, L_0x56eb0562e8f0;  1 drivers
v0x56eb055c0cf0_0 .net/2u *"_ivl_0", 0 0, L_0x70c95da9f268;  1 drivers
v0x56eb055c0dd0_0 .net/2u *"_ivl_2", 0 0, L_0x70c95da9f2b0;  1 drivers
S_0x56eb055c0f30 .scope module, "_556_" "DFF" 5 2102, 3 116 0, S_0x56eb054cfb00;
 .timescale 0 0;
    .port_info 0 /INPUT 1 "CLK";
    .port_info 1 /INPUT 1 "D";
    .port_info 2 /OUTPUT 1 "Q";
L_0x70c95da9f2f8 .functor BUFT 1, C4<0>, C4<0>, C4<0>, C4<0>;
L_0x70c95da9f340 .functor BUFT 1, C4<0>, C4<0>, C4<0>, C4<0>;
L_0x56eb0562e210 .udp UDP_udp_dff, L_0x56eb0562e4f0, v0x56eb055f64c0_0, L_0x70c95da9f2f8, L_0x70c95da9f340, v0x56eb055c13a0_0;
L_0x56eb0562e3c0 .functor NOT 1, L_0x56eb0562e210, C4<0>, C4<0>, C4<0>;
L_0x56eb0562e480 .functor BUF 1, L_0x56eb0562e210, C4<0>, C4<0>, C4<0>;
v0x56eb055c1180_0 .net "CLK", 0 0, v0x56eb055f64c0_0;  alias, 1 drivers
v0x56eb055c1240_0 .net "D", 0 0, L_0x56eb0562e4f0;  1 drivers
v0x56eb055c1300_0 .net "DS0000", 0 0, L_0x56eb0562e210;  1 drivers
v0x56eb055c13a0_0 .var "NOTIFIER", 0 0;
v0x56eb055c1460_0 .net "P0002", 0 0, L_0x56eb0562e3c0;  1 drivers
v0x56eb055c1570_0 .net "Q", 0 0, L_0x56eb0562e480;  1 drivers
v0x56eb055c1630_0 .net/2u *"_ivl_0", 0 0, L_0x70c95da9f2f8;  1 drivers
v0x56eb055c1710_0 .net/2u *"_ivl_2", 0 0, L_0x70c95da9f340;  1 drivers
S_0x56eb055c1870 .scope module, "_557_" "DFF" 5 2108, 3 116 0, S_0x56eb054cfb00;
 .timescale 0 0;
    .port_info 0 /INPUT 1 "CLK";
    .port_info 1 /INPUT 1 "D";
    .port_info 2 /OUTPUT 1 "Q";
L_0x70c95da9f388 .functor BUFT 1, C4<0>, C4<0>, C4<0>, C4<0>;
L_0x70c95da9f3d0 .functor BUFT 1, C4<0>, C4<0>, C4<0>, C4<0>;
L_0x56eb0562e610 .udp UDP_udp_dff, L_0x56eb0562f550, v0x56eb055f64c0_0, L_0x70c95da9f388, L_0x70c95da9f3d0, v0x56eb055c1ce0_0;
L_0x56eb0562e7c0 .functor NOT 1, L_0x56eb0562e610, C4<0>, C4<0>, C4<0>;
L_0x56eb0562e880 .functor BUF 1, L_0x56eb0562e610, C4<0>, C4<0>, C4<0>;
v0x56eb055c1ac0_0 .net "CLK", 0 0, v0x56eb055f64c0_0;  alias, 1 drivers
v0x56eb055c1b80_0 .net "D", 0 0, L_0x56eb0562f550;  1 drivers
v0x56eb055c1c40_0 .net "DS0000", 0 0, L_0x56eb0562e610;  1 drivers
v0x56eb055c1ce0_0 .var "NOTIFIER", 0 0;
v0x56eb055c1da0_0 .net "P0002", 0 0, L_0x56eb0562e7c0;  1 drivers
v0x56eb055c1eb0_0 .net "Q", 0 0, L_0x56eb0562e880;  1 drivers
v0x56eb055c1f70_0 .net/2u *"_ivl_0", 0 0, L_0x70c95da9f388;  1 drivers
v0x56eb055c2050_0 .net/2u *"_ivl_2", 0 0, L_0x70c95da9f3d0;  1 drivers
S_0x56eb055c21b0 .scope module, "_558_" "DFF" 5 2114, 3 116 0, S_0x56eb054cfb00;
 .timescale 0 0;
    .port_info 0 /INPUT 1 "CLK";
    .port_info 1 /INPUT 1 "D";
    .port_info 2 /OUTPUT 1 "Q";
L_0x70c95da9f418 .functor BUFT 1, C4<0>, C4<0>, C4<0>, C4<0>;
L_0x70c95da9f460 .functor BUFT 1, C4<0>, C4<0>, C4<0>, C4<0>;
L_0x56eb05630910 .udp UDP_udp_dff, L_0x56eb055f8c10, v0x56eb055f64c0_0, L_0x70c95da9f418, L_0x70c95da9f460, v0x56eb055c2e30_0;
L_0x56eb05630a60 .functor NOT 1, L_0x56eb05630910, C4<0>, C4<0>, C4<0>;
L_0x56eb05630b20 .functor BUF 1, L_0x56eb05630910, C4<0>, C4<0>, C4<0>;
v0x56eb055c2400_0 .net "CLK", 0 0, v0x56eb055f64c0_0;  alias, 1 drivers
v0x56eb055c2cd0_0 .net "D", 0 0, L_0x56eb055f8c10;  alias, 1 drivers
v0x56eb055c2d90_0 .net "DS0000", 0 0, L_0x56eb05630910;  1 drivers
v0x56eb055c2e30_0 .var "NOTIFIER", 0 0;
v0x56eb055c2ed0_0 .net "P0002", 0 0, L_0x56eb05630a60;  1 drivers
v0x56eb055c2fc0_0 .net "Q", 0 0, L_0x56eb05630b20;  alias, 1 drivers
v0x56eb055c3060_0 .net/2u *"_ivl_0", 0 0, L_0x70c95da9f418;  1 drivers
v0x56eb055c3140_0 .net/2u *"_ivl_2", 0 0, L_0x70c95da9f460;  1 drivers
S_0x56eb055c32a0 .scope module, "_559_" "DFF" 5 2120, 3 116 0, S_0x56eb054cfb00;
 .timescale 0 0;
    .port_info 0 /INPUT 1 "CLK";
    .port_info 1 /INPUT 1 "D";
    .port_info 2 /OUTPUT 1 "Q";
L_0x70c95da9f4a8 .functor BUFT 1, C4<0>, C4<0>, C4<0>, C4<0>;
L_0x70c95da9f4f0 .functor BUFT 1, C4<0>, C4<0>, C4<0>, C4<0>;
L_0x56eb05630b90 .udp UDP_udp_dff, L_0x56eb0561d340, v0x56eb055f64c0_0, L_0x70c95da9f4a8, L_0x70c95da9f4f0, v0x56eb055c3710_0;
L_0x56eb05630d20 .functor NOT 1, L_0x56eb05630b90, C4<0>, C4<0>, C4<0>;
L_0x56eb05630de0 .functor BUF 1, L_0x56eb05630b90, C4<0>, C4<0>, C4<0>;
v0x56eb055c34f0_0 .net "CLK", 0 0, v0x56eb055f64c0_0;  alias, 1 drivers
v0x56eb055c35b0_0 .net "D", 0 0, L_0x56eb0561d340;  alias, 1 drivers
v0x56eb055c3670_0 .net "DS0000", 0 0, L_0x56eb05630b90;  1 drivers
v0x56eb055c3710_0 .var "NOTIFIER", 0 0;
v0x56eb055c37b0_0 .net "P0002", 0 0, L_0x56eb05630d20;  1 drivers
v0x56eb055c38a0_0 .net "Q", 0 0, L_0x56eb05630de0;  alias, 1 drivers
v0x56eb055c3940_0 .net/2u *"_ivl_0", 0 0, L_0x70c95da9f4a8;  1 drivers
v0x56eb055c3a60_0 .net/2u *"_ivl_2", 0 0, L_0x70c95da9f4f0;  1 drivers
S_0x56eb055c3bc0 .scope module, "_560_" "DFF" 5 2126, 3 116 0, S_0x56eb054cfb00;
 .timescale 0 0;
    .port_info 0 /INPUT 1 "CLK";
    .port_info 1 /INPUT 1 "D";
    .port_info 2 /OUTPUT 1 "Q";
L_0x70c95da9f538 .functor BUFT 1, C4<0>, C4<0>, C4<0>, C4<0>;
L_0x70c95da9f580 .functor BUFT 1, C4<0>, C4<0>, C4<0>, C4<0>;
L_0x56eb05630e50 .udp UDP_udp_dff, L_0x56eb0561e690, v0x56eb055f64c0_0, L_0x70c95da9f538, L_0x70c95da9f580, v0x56eb055c4030_0;
L_0x56eb05630fe0 .functor NOT 1, L_0x56eb05630e50, C4<0>, C4<0>, C4<0>;
L_0x56eb056310a0 .functor BUF 1, L_0x56eb05630e50, C4<0>, C4<0>, C4<0>;
v0x56eb055c3e10_0 .net "CLK", 0 0, v0x56eb055f64c0_0;  alias, 1 drivers
v0x56eb055c3ed0_0 .net "D", 0 0, L_0x56eb0561e690;  alias, 1 drivers
v0x56eb055c3f90_0 .net "DS0000", 0 0, L_0x56eb05630e50;  1 drivers
v0x56eb055c4030_0 .var "NOTIFIER", 0 0;
v0x56eb055c40d0_0 .net "P0002", 0 0, L_0x56eb05630fe0;  1 drivers
v0x56eb055c41c0_0 .net "Q", 0 0, L_0x56eb056310a0;  alias, 1 drivers
v0x56eb055c4260_0 .net/2u *"_ivl_0", 0 0, L_0x70c95da9f538;  1 drivers
v0x56eb055c4590_0 .net/2u *"_ivl_2", 0 0, L_0x70c95da9f580;  1 drivers
S_0x56eb055c46f0 .scope module, "_561_" "DFF" 5 2132, 3 116 0, S_0x56eb054cfb00;
 .timescale 0 0;
    .port_info 0 /INPUT 1 "CLK";
    .port_info 1 /INPUT 1 "D";
    .port_info 2 /OUTPUT 1 "Q";
L_0x70c95da9f5c8 .functor BUFT 1, C4<0>, C4<0>, C4<0>, C4<0>;
L_0x70c95da9f610 .functor BUFT 1, C4<0>, C4<0>, C4<0>, C4<0>;
L_0x56eb05631110 .udp UDP_udp_dff, L_0x56eb055f9e60, v0x56eb055f64c0_0, L_0x70c95da9f5c8, L_0x70c95da9f610, v0x56eb055c4b60_0;
L_0x56eb056312a0 .functor NOT 1, L_0x56eb05631110, C4<0>, C4<0>, C4<0>;
L_0x56eb05631360 .functor BUF 1, L_0x56eb05631110, C4<0>, C4<0>, C4<0>;
v0x56eb055c4940_0 .net "CLK", 0 0, v0x56eb055f64c0_0;  alias, 1 drivers
v0x56eb055c4a00_0 .net "D", 0 0, L_0x56eb055f9e60;  alias, 1 drivers
v0x56eb055c4ac0_0 .net "DS0000", 0 0, L_0x56eb05631110;  1 drivers
v0x56eb055c4b60_0 .var "NOTIFIER", 0 0;
v0x56eb055c4c00_0 .net "P0002", 0 0, L_0x56eb056312a0;  1 drivers
v0x56eb055c4cf0_0 .net "Q", 0 0, L_0x56eb05631360;  alias, 1 drivers
v0x56eb055c4d90_0 .net/2u *"_ivl_0", 0 0, L_0x70c95da9f5c8;  1 drivers
v0x56eb055c50c0_0 .net/2u *"_ivl_2", 0 0, L_0x70c95da9f610;  1 drivers
S_0x56eb055c5220 .scope module, "_562_" "DFF" 5 2138, 3 116 0, S_0x56eb054cfb00;
 .timescale 0 0;
    .port_info 0 /INPUT 1 "CLK";
    .port_info 1 /INPUT 1 "D";
    .port_info 2 /OUTPUT 1 "Q";
L_0x70c95da9f658 .functor BUFT 1, C4<0>, C4<0>, C4<0>, C4<0>;
L_0x70c95da9f6a0 .functor BUFT 1, C4<0>, C4<0>, C4<0>, C4<0>;
L_0x56eb056313d0 .udp UDP_udp_dff, v0x56eb055f68e0_0, v0x56eb055f64c0_0, L_0x70c95da9f658, L_0x70c95da9f6a0, v0x56eb055c5690_0;
L_0x56eb05631520 .functor NOT 1, L_0x56eb056313d0, C4<0>, C4<0>, C4<0>;
L_0x56eb056315e0 .functor BUF 1, L_0x56eb056313d0, C4<0>, C4<0>, C4<0>;
v0x56eb055c5470_0 .net "CLK", 0 0, v0x56eb055f64c0_0;  alias, 1 drivers
v0x56eb055c5530_0 .net "D", 0 0, v0x56eb055f68e0_0;  alias, 1 drivers
v0x56eb055c55f0_0 .net "DS0000", 0 0, L_0x56eb056313d0;  1 drivers
v0x56eb055c5690_0 .var "NOTIFIER", 0 0;
v0x56eb055c5750_0 .net "P0002", 0 0, L_0x56eb05631520;  1 drivers
v0x56eb055c5860_0 .net "Q", 0 0, L_0x56eb056315e0;  alias, 1 drivers
v0x56eb055c61b0_0 .net/2u *"_ivl_0", 0 0, L_0x70c95da9f658;  1 drivers
v0x56eb055c6250_0 .net/2u *"_ivl_2", 0 0, L_0x70c95da9f6a0;  1 drivers
S_0x56eb055c6390 .scope module, "_563_" "DFF" 5 2144, 3 116 0, S_0x56eb054cfb00;
 .timescale 0 0;
    .port_info 0 /INPUT 1 "CLK";
    .port_info 1 /INPUT 1 "D";
    .port_info 2 /OUTPUT 1 "Q";
L_0x70c95da9f6e8 .functor BUFT 1, C4<0>, C4<0>, C4<0>, C4<0>;
L_0x70c95da9f730 .functor BUFT 1, C4<0>, C4<0>, C4<0>, C4<0>;
L_0x56eb05631650 .udp UDP_udp_dff, L_0x56eb056318d0, v0x56eb055f64c0_0, L_0x70c95da9f6e8, L_0x70c95da9f730, v0x56eb055c6800_0;
L_0x56eb056317a0 .functor NOT 1, L_0x56eb05631650, C4<0>, C4<0>, C4<0>;
L_0x56eb05631860 .functor BUF 1, L_0x56eb05631650, C4<0>, C4<0>, C4<0>;
v0x56eb055c65e0_0 .net "CLK", 0 0, v0x56eb055f64c0_0;  alias, 1 drivers
v0x56eb055c66a0_0 .net "D", 0 0, L_0x56eb056318d0;  1 drivers
v0x56eb055c6760_0 .net "DS0000", 0 0, L_0x56eb05631650;  1 drivers
v0x56eb055c6800_0 .var "NOTIFIER", 0 0;
v0x56eb055c68c0_0 .net "P0002", 0 0, L_0x56eb056317a0;  1 drivers
v0x56eb055c69d0_0 .net "Q", 0 0, L_0x56eb05631860;  1 drivers
v0x56eb055c6a90_0 .net/2u *"_ivl_0", 0 0, L_0x70c95da9f6e8;  1 drivers
v0x56eb055c6b70_0 .net/2u *"_ivl_2", 0 0, L_0x70c95da9f730;  1 drivers
S_0x56eb055c6cd0 .scope module, "_564_" "DFF" 5 2150, 3 116 0, S_0x56eb054cfb00;
 .timescale 0 0;
    .port_info 0 /INPUT 1 "CLK";
    .port_info 1 /INPUT 1 "D";
    .port_info 2 /OUTPUT 1 "Q";
L_0x70c95da9f778 .functor BUFT 1, C4<0>, C4<0>, C4<0>, C4<0>;
L_0x70c95da9f7c0 .functor BUFT 1, C4<0>, C4<0>, C4<0>, C4<0>;
L_0x56eb0562f640 .udp UDP_udp_dff, L_0x56eb0562f8c0, v0x56eb055f64c0_0, L_0x70c95da9f778, L_0x70c95da9f7c0, v0x56eb055c7140_0;
L_0x56eb0562f790 .functor NOT 1, L_0x56eb0562f640, C4<0>, C4<0>, C4<0>;
L_0x56eb0562f850 .functor BUF 1, L_0x56eb0562f640, C4<0>, C4<0>, C4<0>;
v0x56eb055c6f20_0 .net "CLK", 0 0, v0x56eb055f64c0_0;  alias, 1 drivers
v0x56eb055c6fe0_0 .net "D", 0 0, L_0x56eb0562f8c0;  1 drivers
v0x56eb055c70a0_0 .net "DS0000", 0 0, L_0x56eb0562f640;  1 drivers
v0x56eb055c7140_0 .var "NOTIFIER", 0 0;
v0x56eb055c7200_0 .net "P0002", 0 0, L_0x56eb0562f790;  1 drivers
v0x56eb055c7310_0 .net "Q", 0 0, L_0x56eb0562f850;  1 drivers
v0x56eb055c73d0_0 .net/2u *"_ivl_0", 0 0, L_0x70c95da9f778;  1 drivers
v0x56eb055c74b0_0 .net/2u *"_ivl_2", 0 0, L_0x70c95da9f7c0;  1 drivers
S_0x56eb055c7610 .scope module, "_565_" "DFF" 5 2156, 3 116 0, S_0x56eb054cfb00;
 .timescale 0 0;
    .port_info 0 /INPUT 1 "CLK";
    .port_info 1 /INPUT 1 "D";
    .port_info 2 /OUTPUT 1 "Q";
L_0x70c95da9f808 .functor BUFT 1, C4<0>, C4<0>, C4<0>, C4<0>;
L_0x70c95da9f850 .functor BUFT 1, C4<0>, C4<0>, C4<0>, C4<0>;
L_0x56eb0562fa40 .udp UDP_udp_dff, L_0x56eb0562fc70, v0x56eb055f64c0_0, L_0x70c95da9f808, L_0x70c95da9f850, v0x56eb055c7a80_0;
L_0x56eb0562fb40 .functor NOT 1, L_0x56eb0562fa40, C4<0>, C4<0>, C4<0>;
L_0x56eb0562fc00 .functor BUF 1, L_0x56eb0562fa40, C4<0>, C4<0>, C4<0>;
v0x56eb055c7860_0 .net "CLK", 0 0, v0x56eb055f64c0_0;  alias, 1 drivers
v0x56eb055c7920_0 .net "D", 0 0, L_0x56eb0562fc70;  1 drivers
v0x56eb055c79e0_0 .net "DS0000", 0 0, L_0x56eb0562fa40;  1 drivers
v0x56eb055c7a80_0 .var "NOTIFIER", 0 0;
v0x56eb055c7b40_0 .net "P0002", 0 0, L_0x56eb0562fb40;  1 drivers
v0x56eb055c7c50_0 .net "Q", 0 0, L_0x56eb0562fc00;  1 drivers
v0x56eb055c7d10_0 .net/2u *"_ivl_0", 0 0, L_0x70c95da9f808;  1 drivers
v0x56eb055c7df0_0 .net/2u *"_ivl_2", 0 0, L_0x70c95da9f850;  1 drivers
S_0x56eb055c7f50 .scope module, "_566_" "DFF" 5 2162, 3 116 0, S_0x56eb054cfb00;
 .timescale 0 0;
    .port_info 0 /INPUT 1 "CLK";
    .port_info 1 /INPUT 1 "D";
    .port_info 2 /OUTPUT 1 "Q";
L_0x70c95da9f898 .functor BUFT 1, C4<0>, C4<0>, C4<0>, C4<0>;
L_0x70c95da9f8e0 .functor BUFT 1, C4<0>, C4<0>, C4<0>, C4<0>;
L_0x56eb056320e0 .udp UDP_udp_dff, L_0x56eb05632360, v0x56eb055f64c0_0, L_0x70c95da9f898, L_0x70c95da9f8e0, v0x56eb055c83c0_0;
L_0x56eb05632230 .functor NOT 1, L_0x56eb056320e0, C4<0>, C4<0>, C4<0>;
L_0x56eb056322f0 .functor BUF 1, L_0x56eb056320e0, C4<0>, C4<0>, C4<0>;
v0x56eb055c81a0_0 .net "CLK", 0 0, v0x56eb055f64c0_0;  alias, 1 drivers
v0x56eb055c8260_0 .net "D", 0 0, L_0x56eb05632360;  1 drivers
v0x56eb055c8320_0 .net "DS0000", 0 0, L_0x56eb056320e0;  1 drivers
v0x56eb055c83c0_0 .var "NOTIFIER", 0 0;
v0x56eb055c8480_0 .net "P0002", 0 0, L_0x56eb05632230;  1 drivers
v0x56eb055c8590_0 .net "Q", 0 0, L_0x56eb056322f0;  1 drivers
v0x56eb055c8650_0 .net/2u *"_ivl_0", 0 0, L_0x70c95da9f898;  1 drivers
v0x56eb055c8730_0 .net/2u *"_ivl_2", 0 0, L_0x70c95da9f8e0;  1 drivers
S_0x56eb055c8890 .scope module, "_567_" "DFF" 5 2168, 3 116 0, S_0x56eb054cfb00;
 .timescale 0 0;
    .port_info 0 /INPUT 1 "CLK";
    .port_info 1 /INPUT 1 "D";
    .port_info 2 /OUTPUT 1 "Q";
L_0x70c95da9f928 .functor BUFT 1, C4<0>, C4<0>, C4<0>, C4<0>;
L_0x70c95da9f970 .functor BUFT 1, C4<0>, C4<0>, C4<0>, C4<0>;
L_0x56eb05632450 .udp UDP_udp_dff, L_0x56eb056326d0, v0x56eb055f64c0_0, L_0x70c95da9f928, L_0x70c95da9f970, v0x56eb055c8d00_0;
L_0x56eb056325a0 .functor NOT 1, L_0x56eb05632450, C4<0>, C4<0>, C4<0>;
L_0x56eb05632660 .functor BUF 1, L_0x56eb05632450, C4<0>, C4<0>, C4<0>;
v0x56eb055c8ae0_0 .net "CLK", 0 0, v0x56eb055f64c0_0;  alias, 1 drivers
v0x56eb055c8ba0_0 .net "D", 0 0, L_0x56eb056326d0;  1 drivers
v0x56eb055c8c60_0 .net "DS0000", 0 0, L_0x56eb05632450;  1 drivers
v0x56eb055c8d00_0 .var "NOTIFIER", 0 0;
v0x56eb055c8dc0_0 .net "P0002", 0 0, L_0x56eb056325a0;  1 drivers
v0x56eb055c8ed0_0 .net "Q", 0 0, L_0x56eb05632660;  1 drivers
v0x56eb055c8f90_0 .net/2u *"_ivl_0", 0 0, L_0x70c95da9f928;  1 drivers
v0x56eb055c9070_0 .net/2u *"_ivl_2", 0 0, L_0x70c95da9f970;  1 drivers
S_0x56eb055c91d0 .scope module, "_568_" "DFF" 5 2174, 3 116 0, S_0x56eb054cfb00;
 .timescale 0 0;
    .port_info 0 /INPUT 1 "CLK";
    .port_info 1 /INPUT 1 "D";
    .port_info 2 /OUTPUT 1 "Q";
L_0x70c95da9f9b8 .functor BUFT 1, C4<0>, C4<0>, C4<0>, C4<0>;
L_0x70c95da9fa00 .functor BUFT 1, C4<0>, C4<0>, C4<0>, C4<0>;
L_0x56eb056319c0 .udp UDP_udp_dff, L_0x56eb05631c40, v0x56eb055f64c0_0, L_0x70c95da9f9b8, L_0x70c95da9fa00, v0x56eb055c9640_0;
L_0x56eb05631b10 .functor NOT 1, L_0x56eb056319c0, C4<0>, C4<0>, C4<0>;
L_0x56eb05631bd0 .functor BUF 1, L_0x56eb056319c0, C4<0>, C4<0>, C4<0>;
v0x56eb055c9420_0 .net "CLK", 0 0, v0x56eb055f64c0_0;  alias, 1 drivers
v0x56eb055c94e0_0 .net "D", 0 0, L_0x56eb05631c40;  1 drivers
v0x56eb055c95a0_0 .net "DS0000", 0 0, L_0x56eb056319c0;  1 drivers
v0x56eb055c9640_0 .var "NOTIFIER", 0 0;
v0x56eb055c9700_0 .net "P0002", 0 0, L_0x56eb05631b10;  1 drivers
v0x56eb055c9810_0 .net "Q", 0 0, L_0x56eb05631bd0;  1 drivers
v0x56eb055c98d0_0 .net/2u *"_ivl_0", 0 0, L_0x70c95da9f9b8;  1 drivers
v0x56eb055c99b0_0 .net/2u *"_ivl_2", 0 0, L_0x70c95da9fa00;  1 drivers
S_0x56eb055c9b10 .scope module, "_569_" "DFF" 5 2180, 3 116 0, S_0x56eb054cfb00;
 .timescale 0 0;
    .port_info 0 /INPUT 1 "CLK";
    .port_info 1 /INPUT 1 "D";
    .port_info 2 /OUTPUT 1 "Q";
L_0x70c95da9fa48 .functor BUFT 1, C4<0>, C4<0>, C4<0>, C4<0>;
L_0x70c95da9fa90 .functor BUFT 1, C4<0>, C4<0>, C4<0>, C4<0>;
L_0x56eb05631d30 .udp UDP_udp_dff, L_0x56eb05631fb0, v0x56eb055f64c0_0, L_0x70c95da9fa48, L_0x70c95da9fa90, v0x56eb055c9f80_0;
L_0x56eb05631e80 .functor NOT 1, L_0x56eb05631d30, C4<0>, C4<0>, C4<0>;
L_0x56eb05631f40 .functor BUF 1, L_0x56eb05631d30, C4<0>, C4<0>, C4<0>;
v0x56eb055c9d60_0 .net "CLK", 0 0, v0x56eb055f64c0_0;  alias, 1 drivers
v0x56eb055c9e20_0 .net "D", 0 0, L_0x56eb05631fb0;  1 drivers
v0x56eb055c9ee0_0 .net "DS0000", 0 0, L_0x56eb05631d30;  1 drivers
v0x56eb055c9f80_0 .var "NOTIFIER", 0 0;
v0x56eb055ca040_0 .net "P0002", 0 0, L_0x56eb05631e80;  1 drivers
v0x56eb055ca150_0 .net "Q", 0 0, L_0x56eb05631f40;  1 drivers
v0x56eb055ca210_0 .net/2u *"_ivl_0", 0 0, L_0x70c95da9fa48;  1 drivers
v0x56eb055ca2f0_0 .net/2u *"_ivl_2", 0 0, L_0x70c95da9fa90;  1 drivers
S_0x56eb055ca450 .scope module, "_570_" "DFF" 5 2186, 3 116 0, S_0x56eb054cfb00;
 .timescale 0 0;
    .port_info 0 /INPUT 1 "CLK";
    .port_info 1 /INPUT 1 "D";
    .port_info 2 /OUTPUT 1 "Q";
L_0x70c95da9fad8 .functor BUFT 1, C4<0>, C4<0>, C4<0>, C4<0>;
L_0x70c95da9fb20 .functor BUFT 1, C4<0>, C4<0>, C4<0>, C4<0>;
L_0x56eb05632f00 .udp UDP_udp_dff, L_0x56eb05633170, v0x56eb055f64c0_0, L_0x70c95da9fad8, L_0x70c95da9fb20, v0x56eb055ca8c0_0;
L_0x56eb05633040 .functor NOT 1, L_0x56eb05632f00, C4<0>, C4<0>, C4<0>;
L_0x56eb05633100 .functor BUF 1, L_0x56eb05632f00, C4<0>, C4<0>, C4<0>;
v0x56eb055ca6a0_0 .net "CLK", 0 0, v0x56eb055f64c0_0;  alias, 1 drivers
v0x56eb055ca760_0 .net "D", 0 0, L_0x56eb05633170;  1 drivers
v0x56eb055ca820_0 .net "DS0000", 0 0, L_0x56eb05632f00;  1 drivers
v0x56eb055ca8c0_0 .var "NOTIFIER", 0 0;
v0x56eb055ca980_0 .net "P0002", 0 0, L_0x56eb05633040;  1 drivers
v0x56eb055caa90_0 .net "Q", 0 0, L_0x56eb05633100;  1 drivers
v0x56eb055cab50_0 .net/2u *"_ivl_0", 0 0, L_0x70c95da9fad8;  1 drivers
v0x56eb055cac30_0 .net/2u *"_ivl_2", 0 0, L_0x70c95da9fb20;  1 drivers
S_0x56eb055cad90 .scope module, "_571_" "DFF" 5 2192, 3 116 0, S_0x56eb054cfb00;
 .timescale 0 0;
    .port_info 0 /INPUT 1 "CLK";
    .port_info 1 /INPUT 1 "D";
    .port_info 2 /OUTPUT 1 "Q";
L_0x70c95da9fb68 .functor BUFT 1, C4<0>, C4<0>, C4<0>, C4<0>;
L_0x70c95da9fbb0 .functor BUFT 1, C4<0>, C4<0>, C4<0>, C4<0>;
L_0x56eb05633290 .udp UDP_udp_dff, L_0x56eb05633570, v0x56eb055f64c0_0, L_0x70c95da9fb68, L_0x70c95da9fbb0, v0x56eb055cb200_0;
L_0x56eb05633440 .functor NOT 1, L_0x56eb05633290, C4<0>, C4<0>, C4<0>;
L_0x56eb05633500 .functor BUF 1, L_0x56eb05633290, C4<0>, C4<0>, C4<0>;
v0x56eb055cafe0_0 .net "CLK", 0 0, v0x56eb055f64c0_0;  alias, 1 drivers
v0x56eb055cb0a0_0 .net "D", 0 0, L_0x56eb05633570;  1 drivers
v0x56eb055cb160_0 .net "DS0000", 0 0, L_0x56eb05633290;  1 drivers
v0x56eb055cb200_0 .var "NOTIFIER", 0 0;
v0x56eb055cb2c0_0 .net "P0002", 0 0, L_0x56eb05633440;  1 drivers
v0x56eb055cb3d0_0 .net "Q", 0 0, L_0x56eb05633500;  1 drivers
v0x56eb055cb490_0 .net/2u *"_ivl_0", 0 0, L_0x70c95da9fb68;  1 drivers
v0x56eb055cb570_0 .net/2u *"_ivl_2", 0 0, L_0x70c95da9fbb0;  1 drivers
S_0x56eb055cb6d0 .scope module, "_572_" "DFF" 5 2198, 3 116 0, S_0x56eb054cfb00;
 .timescale 0 0;
    .port_info 0 /INPUT 1 "CLK";
    .port_info 1 /INPUT 1 "D";
    .port_info 2 /OUTPUT 1 "Q";
L_0x70c95da9fbf8 .functor BUFT 1, C4<0>, C4<0>, C4<0>, C4<0>;
L_0x70c95da9fc40 .functor BUFT 1, C4<0>, C4<0>, C4<0>, C4<0>;
L_0x56eb056327f0 .udp UDP_udp_dff, L_0x56eb05632ad0, v0x56eb055f64c0_0, L_0x70c95da9fbf8, L_0x70c95da9fc40, v0x56eb055cbb40_0;
L_0x56eb056329a0 .functor NOT 1, L_0x56eb056327f0, C4<0>, C4<0>, C4<0>;
L_0x56eb05632a60 .functor BUF 1, L_0x56eb056327f0, C4<0>, C4<0>, C4<0>;
v0x56eb055cb920_0 .net "CLK", 0 0, v0x56eb055f64c0_0;  alias, 1 drivers
v0x56eb055cb9e0_0 .net "D", 0 0, L_0x56eb05632ad0;  1 drivers
v0x56eb055cbaa0_0 .net "DS0000", 0 0, L_0x56eb056327f0;  1 drivers
v0x56eb055cbb40_0 .var "NOTIFIER", 0 0;
v0x56eb055cbc00_0 .net "P0002", 0 0, L_0x56eb056329a0;  1 drivers
v0x56eb055cbd10_0 .net "Q", 0 0, L_0x56eb05632a60;  1 drivers
v0x56eb055cbdd0_0 .net/2u *"_ivl_0", 0 0, L_0x70c95da9fbf8;  1 drivers
v0x56eb055cbeb0_0 .net/2u *"_ivl_2", 0 0, L_0x70c95da9fc40;  1 drivers
S_0x56eb055cc010 .scope module, "_573_" "DFF" 5 2204, 3 116 0, S_0x56eb054cfb00;
 .timescale 0 0;
    .port_info 0 /INPUT 1 "CLK";
    .port_info 1 /INPUT 1 "D";
    .port_info 2 /OUTPUT 1 "Q";
L_0x70c95da9fc88 .functor BUFT 1, C4<0>, C4<0>, C4<0>, C4<0>;
L_0x70c95da9fcd0 .functor BUFT 1, C4<0>, C4<0>, C4<0>, C4<0>;
L_0x56eb05632bf0 .udp UDP_udp_dff, L_0x56eb05633db0, v0x56eb055f64c0_0, L_0x70c95da9fc88, L_0x70c95da9fcd0, v0x56eb055cc480_0;
L_0x56eb05632da0 .functor NOT 1, L_0x56eb05632bf0, C4<0>, C4<0>, C4<0>;
L_0x56eb05632e60 .functor BUF 1, L_0x56eb05632bf0, C4<0>, C4<0>, C4<0>;
v0x56eb055cc260_0 .net "CLK", 0 0, v0x56eb055f64c0_0;  alias, 1 drivers
v0x56eb055cc320_0 .net "D", 0 0, L_0x56eb05633db0;  1 drivers
v0x56eb055cc3e0_0 .net "DS0000", 0 0, L_0x56eb05632bf0;  1 drivers
v0x56eb055cc480_0 .var "NOTIFIER", 0 0;
v0x56eb055cc540_0 .net "P0002", 0 0, L_0x56eb05632da0;  1 drivers
v0x56eb055cc650_0 .net "Q", 0 0, L_0x56eb05632e60;  1 drivers
v0x56eb055cc710_0 .net/2u *"_ivl_0", 0 0, L_0x70c95da9fc88;  1 drivers
v0x56eb055cc7f0_0 .net/2u *"_ivl_2", 0 0, L_0x70c95da9fcd0;  1 drivers
S_0x56eb055cc950 .scope module, "_574_" "DFF" 5 2210, 3 116 0, S_0x56eb054cfb00;
 .timescale 0 0;
    .port_info 0 /INPUT 1 "CLK";
    .port_info 1 /INPUT 1 "D";
    .port_info 2 /OUTPUT 1 "Q";
L_0x70c95da9fd18 .functor BUFT 1, C4<0>, C4<0>, C4<0>, C4<0>;
L_0x70c95da9fd60 .functor BUFT 1, C4<0>, C4<0>, C4<0>, C4<0>;
L_0x56eb05633660 .udp UDP_udp_dff, L_0x56eb05633940, v0x56eb055f64c0_0, L_0x70c95da9fd18, L_0x70c95da9fd60, v0x56eb055ccdc0_0;
L_0x56eb05633810 .functor NOT 1, L_0x56eb05633660, C4<0>, C4<0>, C4<0>;
L_0x56eb056338d0 .functor BUF 1, L_0x56eb05633660, C4<0>, C4<0>, C4<0>;
v0x56eb055ccba0_0 .net "CLK", 0 0, v0x56eb055f64c0_0;  alias, 1 drivers
v0x56eb055ccc60_0 .net "D", 0 0, L_0x56eb05633940;  1 drivers
v0x56eb055ccd20_0 .net "DS0000", 0 0, L_0x56eb05633660;  1 drivers
v0x56eb055ccdc0_0 .var "NOTIFIER", 0 0;
v0x56eb055cce80_0 .net "P0002", 0 0, L_0x56eb05633810;  1 drivers
v0x56eb055ccf90_0 .net "Q", 0 0, L_0x56eb056338d0;  1 drivers
v0x56eb055cd050_0 .net/2u *"_ivl_0", 0 0, L_0x70c95da9fd18;  1 drivers
v0x56eb055cd130_0 .net/2u *"_ivl_2", 0 0, L_0x70c95da9fd60;  1 drivers
S_0x56eb055cd290 .scope module, "_575_" "DFF" 5 2216, 3 116 0, S_0x56eb054cfb00;
 .timescale 0 0;
    .port_info 0 /INPUT 1 "CLK";
    .port_info 1 /INPUT 1 "D";
    .port_info 2 /OUTPUT 1 "Q";
L_0x70c95da9fda8 .functor BUFT 1, C4<0>, C4<0>, C4<0>, C4<0>;
L_0x70c95da9fdf0 .functor BUFT 1, C4<0>, C4<0>, C4<0>, C4<0>;
L_0x56eb05633a60 .udp UDP_udp_dff, L_0x56eb05634600, v0x56eb055f64c0_0, L_0x70c95da9fda8, L_0x70c95da9fdf0, v0x56eb055cd700_0;
L_0x56eb05633c10 .functor NOT 1, L_0x56eb05633a60, C4<0>, C4<0>, C4<0>;
L_0x56eb05633cd0 .functor BUF 1, L_0x56eb05633a60, C4<0>, C4<0>, C4<0>;
v0x56eb055cd4e0_0 .net "CLK", 0 0, v0x56eb055f64c0_0;  alias, 1 drivers
v0x56eb055cd5a0_0 .net "D", 0 0, L_0x56eb05634600;  1 drivers
v0x56eb055cd660_0 .net "DS0000", 0 0, L_0x56eb05633a60;  1 drivers
v0x56eb055cd700_0 .var "NOTIFIER", 0 0;
v0x56eb055cd7c0_0 .net "P0002", 0 0, L_0x56eb05633c10;  1 drivers
v0x56eb055cd8d0_0 .net "Q", 0 0, L_0x56eb05633cd0;  1 drivers
v0x56eb055cd990_0 .net/2u *"_ivl_0", 0 0, L_0x70c95da9fda8;  1 drivers
v0x56eb055cda70_0 .net/2u *"_ivl_2", 0 0, L_0x70c95da9fdf0;  1 drivers
S_0x56eb055cdbd0 .scope module, "_576_" "DFF" 5 2222, 3 116 0, S_0x56eb054cfb00;
 .timescale 0 0;
    .port_info 0 /INPUT 1 "CLK";
    .port_info 1 /INPUT 1 "D";
    .port_info 2 /OUTPUT 1 "Q";
L_0x70c95da9fe38 .functor BUFT 1, C4<0>, C4<0>, C4<0>, C4<0>;
L_0x70c95da9fe80 .functor BUFT 1, C4<0>, C4<0>, C4<0>, C4<0>;
L_0x56eb05633ed0 .udp UDP_udp_dff, L_0x56eb056341b0, v0x56eb055f64c0_0, L_0x70c95da9fe38, L_0x70c95da9fe80, v0x56eb055ce040_0;
L_0x56eb05634080 .functor NOT 1, L_0x56eb05633ed0, C4<0>, C4<0>, C4<0>;
L_0x56eb05634140 .functor BUF 1, L_0x56eb05633ed0, C4<0>, C4<0>, C4<0>;
v0x56eb055cde20_0 .net "CLK", 0 0, v0x56eb055f64c0_0;  alias, 1 drivers
v0x56eb055cdee0_0 .net "D", 0 0, L_0x56eb056341b0;  1 drivers
v0x56eb055cdfa0_0 .net "DS0000", 0 0, L_0x56eb05633ed0;  1 drivers
v0x56eb055ce040_0 .var "NOTIFIER", 0 0;
v0x56eb055ce100_0 .net "P0002", 0 0, L_0x56eb05634080;  1 drivers
v0x56eb055ce210_0 .net "Q", 0 0, L_0x56eb05634140;  1 drivers
v0x56eb055ce2d0_0 .net/2u *"_ivl_0", 0 0, L_0x70c95da9fe38;  1 drivers
v0x56eb055ce3b0_0 .net/2u *"_ivl_2", 0 0, L_0x70c95da9fe80;  1 drivers
S_0x56eb055ce510 .scope module, "_577_" "DFF" 5 2228, 3 116 0, S_0x56eb054cfb00;
 .timescale 0 0;
    .port_info 0 /INPUT 1 "CLK";
    .port_info 1 /INPUT 1 "D";
    .port_info 2 /OUTPUT 1 "Q";
L_0x70c95da9fec8 .functor BUFT 1, C4<0>, C4<0>, C4<0>, C4<0>;
L_0x70c95da9ff10 .functor BUFT 1, C4<0>, C4<0>, C4<0>, C4<0>;
L_0x56eb056342d0 .udp UDP_udp_dff, L_0x56eb05634e10, v0x56eb055f64c0_0, L_0x70c95da9fec8, L_0x70c95da9ff10, v0x56eb055ce980_0;
L_0x56eb05634480 .functor NOT 1, L_0x56eb056342d0, C4<0>, C4<0>, C4<0>;
L_0x56eb05634540 .functor BUF 1, L_0x56eb056342d0, C4<0>, C4<0>, C4<0>;
v0x56eb055ce760_0 .net "CLK", 0 0, v0x56eb055f64c0_0;  alias, 1 drivers
v0x56eb055ce820_0 .net "D", 0 0, L_0x56eb05634e10;  1 drivers
v0x56eb055ce8e0_0 .net "DS0000", 0 0, L_0x56eb056342d0;  1 drivers
v0x56eb055ce980_0 .var "NOTIFIER", 0 0;
v0x56eb055cea40_0 .net "P0002", 0 0, L_0x56eb05634480;  1 drivers
v0x56eb055ceb50_0 .net "Q", 0 0, L_0x56eb05634540;  1 drivers
v0x56eb055cec10_0 .net/2u *"_ivl_0", 0 0, L_0x70c95da9fec8;  1 drivers
v0x56eb055cecf0_0 .net/2u *"_ivl_2", 0 0, L_0x70c95da9ff10;  1 drivers
S_0x56eb055cee50 .scope module, "_578_" "DFF" 5 2234, 3 116 0, S_0x56eb054cfb00;
 .timescale 0 0;
    .port_info 0 /INPUT 1 "CLK";
    .port_info 1 /INPUT 1 "D";
    .port_info 2 /OUTPUT 1 "Q";
L_0x70c95da9ff58 .functor BUFT 1, C4<0>, C4<0>, C4<0>, C4<0>;
L_0x70c95da9ffa0 .functor BUFT 1, C4<0>, C4<0>, C4<0>, C4<0>;
L_0x56eb056346d0 .udp UDP_udp_dff, L_0x56eb056349b0, v0x56eb055f64c0_0, L_0x70c95da9ff58, L_0x70c95da9ffa0, v0x56eb055cf2c0_0;
L_0x56eb05634880 .functor NOT 1, L_0x56eb056346d0, C4<0>, C4<0>, C4<0>;
L_0x56eb05634940 .functor BUF 1, L_0x56eb056346d0, C4<0>, C4<0>, C4<0>;
v0x56eb055cf0a0_0 .net "CLK", 0 0, v0x56eb055f64c0_0;  alias, 1 drivers
v0x56eb055cf160_0 .net "D", 0 0, L_0x56eb056349b0;  1 drivers
v0x56eb055cf220_0 .net "DS0000", 0 0, L_0x56eb056346d0;  1 drivers
v0x56eb055cf2c0_0 .var "NOTIFIER", 0 0;
v0x56eb055cf380_0 .net "P0002", 0 0, L_0x56eb05634880;  1 drivers
v0x56eb055cf490_0 .net "Q", 0 0, L_0x56eb05634940;  1 drivers
v0x56eb055cf550_0 .net/2u *"_ivl_0", 0 0, L_0x70c95da9ff58;  1 drivers
v0x56eb055cf630_0 .net/2u *"_ivl_2", 0 0, L_0x70c95da9ffa0;  1 drivers
S_0x56eb055cf790 .scope module, "_579_" "DFF" 5 2240, 3 116 0, S_0x56eb054cfb00;
 .timescale 0 0;
    .port_info 0 /INPUT 1 "CLK";
    .port_info 1 /INPUT 1 "D";
    .port_info 2 /OUTPUT 1 "Q";
L_0x70c95da9ffe8 .functor BUFT 1, C4<0>, C4<0>, C4<0>, C4<0>;
L_0x70c95daa0030 .functor BUFT 1, C4<0>, C4<0>, C4<0>, C4<0>;
L_0x56eb05634ad0 .udp UDP_udp_dff, L_0x56eb05635630, v0x56eb055f64c0_0, L_0x70c95da9ffe8, L_0x70c95daa0030, v0x56eb055cfc00_0;
L_0x56eb05634c80 .functor NOT 1, L_0x56eb05634ad0, C4<0>, C4<0>, C4<0>;
L_0x56eb05634d40 .functor BUF 1, L_0x56eb05634ad0, C4<0>, C4<0>, C4<0>;
v0x56eb055cf9e0_0 .net "CLK", 0 0, v0x56eb055f64c0_0;  alias, 1 drivers
v0x56eb055cfaa0_0 .net "D", 0 0, L_0x56eb05635630;  1 drivers
v0x56eb055cfb60_0 .net "DS0000", 0 0, L_0x56eb05634ad0;  1 drivers
v0x56eb055cfc00_0 .var "NOTIFIER", 0 0;
v0x56eb055cfcc0_0 .net "P0002", 0 0, L_0x56eb05634c80;  1 drivers
v0x56eb055cfdd0_0 .net "Q", 0 0, L_0x56eb05634d40;  1 drivers
v0x56eb055cfe90_0 .net/2u *"_ivl_0", 0 0, L_0x70c95da9ffe8;  1 drivers
v0x56eb055cff70_0 .net/2u *"_ivl_2", 0 0, L_0x70c95daa0030;  1 drivers
S_0x56eb055d00d0 .scope module, "_580_" "DFF" 5 2246, 3 116 0, S_0x56eb054cfb00;
 .timescale 0 0;
    .port_info 0 /INPUT 1 "CLK";
    .port_info 1 /INPUT 1 "D";
    .port_info 2 /OUTPUT 1 "Q";
L_0x70c95daa0078 .functor BUFT 1, C4<0>, C4<0>, C4<0>, C4<0>;
L_0x70c95daa00c0 .functor BUFT 1, C4<0>, C4<0>, C4<0>, C4<0>;
L_0x56eb05634ee0 .udp UDP_udp_dff, L_0x56eb056351c0, v0x56eb055f64c0_0, L_0x70c95daa0078, L_0x70c95daa00c0, v0x56eb055d0540_0;
L_0x56eb05635090 .functor NOT 1, L_0x56eb05634ee0, C4<0>, C4<0>, C4<0>;
L_0x56eb05635150 .functor BUF 1, L_0x56eb05634ee0, C4<0>, C4<0>, C4<0>;
v0x56eb055d0320_0 .net "CLK", 0 0, v0x56eb055f64c0_0;  alias, 1 drivers
v0x56eb055d03e0_0 .net "D", 0 0, L_0x56eb056351c0;  1 drivers
v0x56eb055d04a0_0 .net "DS0000", 0 0, L_0x56eb05634ee0;  1 drivers
v0x56eb055d0540_0 .var "NOTIFIER", 0 0;
v0x56eb055d0600_0 .net "P0002", 0 0, L_0x56eb05635090;  1 drivers
v0x56eb055d0710_0 .net "Q", 0 0, L_0x56eb05635150;  1 drivers
v0x56eb055d07d0_0 .net/2u *"_ivl_0", 0 0, L_0x70c95daa0078;  1 drivers
v0x56eb055d08b0_0 .net/2u *"_ivl_2", 0 0, L_0x70c95daa00c0;  1 drivers
S_0x56eb055d0a10 .scope module, "_581_" "DFF" 5 2252, 3 116 0, S_0x56eb054cfb00;
 .timescale 0 0;
    .port_info 0 /INPUT 1 "CLK";
    .port_info 1 /INPUT 1 "D";
    .port_info 2 /OUTPUT 1 "Q";
L_0x70c95daa0108 .functor BUFT 1, C4<0>, C4<0>, C4<0>, C4<0>;
L_0x70c95daa0150 .functor BUFT 1, C4<0>, C4<0>, C4<0>, C4<0>;
L_0x56eb056352e0 .udp UDP_udp_dff, L_0x56eb05635e60, v0x56eb055f64c0_0, L_0x70c95daa0108, L_0x70c95daa0150, v0x56eb055d0e80_0;
L_0x56eb05635490 .functor NOT 1, L_0x56eb056352e0, C4<0>, C4<0>, C4<0>;
L_0x56eb05635550 .functor BUF 1, L_0x56eb056352e0, C4<0>, C4<0>, C4<0>;
v0x56eb055d0c60_0 .net "CLK", 0 0, v0x56eb055f64c0_0;  alias, 1 drivers
v0x56eb055d0d20_0 .net "D", 0 0, L_0x56eb05635e60;  1 drivers
v0x56eb055d0de0_0 .net "DS0000", 0 0, L_0x56eb056352e0;  1 drivers
v0x56eb055d0e80_0 .var "NOTIFIER", 0 0;
v0x56eb055d0f40_0 .net "P0002", 0 0, L_0x56eb05635490;  1 drivers
v0x56eb055d1050_0 .net "Q", 0 0, L_0x56eb05635550;  1 drivers
v0x56eb055d1110_0 .net/2u *"_ivl_0", 0 0, L_0x70c95daa0108;  1 drivers
v0x56eb055d11f0_0 .net/2u *"_ivl_2", 0 0, L_0x70c95daa0150;  1 drivers
S_0x56eb055d1350 .scope module, "_582_" "DFF" 5 2258, 3 116 0, S_0x56eb054cfb00;
 .timescale 0 0;
    .port_info 0 /INPUT 1 "CLK";
    .port_info 1 /INPUT 1 "D";
    .port_info 2 /OUTPUT 1 "Q";
L_0x70c95daa0198 .functor BUFT 1, C4<0>, C4<0>, C4<0>, C4<0>;
L_0x70c95daa01e0 .functor BUFT 1, C4<0>, C4<0>, C4<0>, C4<0>;
L_0x56eb05635700 .udp UDP_udp_dff, L_0x56eb056359e0, v0x56eb055f64c0_0, L_0x70c95daa0198, L_0x70c95daa01e0, v0x56eb055d17c0_0;
L_0x56eb056358b0 .functor NOT 1, L_0x56eb05635700, C4<0>, C4<0>, C4<0>;
L_0x56eb05635970 .functor BUF 1, L_0x56eb05635700, C4<0>, C4<0>, C4<0>;
v0x56eb055d15a0_0 .net "CLK", 0 0, v0x56eb055f64c0_0;  alias, 1 drivers
v0x56eb055d1660_0 .net "D", 0 0, L_0x56eb056359e0;  1 drivers
v0x56eb055d1720_0 .net "DS0000", 0 0, L_0x56eb05635700;  1 drivers
v0x56eb055d17c0_0 .var "NOTIFIER", 0 0;
v0x56eb055d1880_0 .net "P0002", 0 0, L_0x56eb056358b0;  1 drivers
v0x56eb055d1990_0 .net "Q", 0 0, L_0x56eb05635970;  1 drivers
v0x56eb055d1a50_0 .net/2u *"_ivl_0", 0 0, L_0x70c95daa0198;  1 drivers
v0x56eb055d1b30_0 .net/2u *"_ivl_2", 0 0, L_0x70c95daa01e0;  1 drivers
S_0x56eb055d1c90 .scope module, "_583_" "DFF" 5 2264, 3 116 0, S_0x56eb054cfb00;
 .timescale 0 0;
    .port_info 0 /INPUT 1 "CLK";
    .port_info 1 /INPUT 1 "D";
    .port_info 2 /OUTPUT 1 "Q";
L_0x70c95daa0228 .functor BUFT 1, C4<0>, C4<0>, C4<0>, C4<0>;
L_0x70c95daa0270 .functor BUFT 1, C4<0>, C4<0>, C4<0>, C4<0>;
L_0x56eb05635b00 .udp UDP_udp_dff, L_0x56eb056366a0, v0x56eb055f64c0_0, L_0x70c95daa0228, L_0x70c95daa0270, v0x56eb055d2100_0;
L_0x56eb05635cb0 .functor NOT 1, L_0x56eb05635b00, C4<0>, C4<0>, C4<0>;
L_0x56eb05635d70 .functor BUF 1, L_0x56eb05635b00, C4<0>, C4<0>, C4<0>;
v0x56eb055d1ee0_0 .net "CLK", 0 0, v0x56eb055f64c0_0;  alias, 1 drivers
v0x56eb055d1fa0_0 .net "D", 0 0, L_0x56eb056366a0;  1 drivers
v0x56eb055d2060_0 .net "DS0000", 0 0, L_0x56eb05635b00;  1 drivers
v0x56eb055d2100_0 .var "NOTIFIER", 0 0;
v0x56eb055d21c0_0 .net "P0002", 0 0, L_0x56eb05635cb0;  1 drivers
v0x56eb055d22d0_0 .net "Q", 0 0, L_0x56eb05635d70;  1 drivers
v0x56eb055d2390_0 .net/2u *"_ivl_0", 0 0, L_0x70c95daa0228;  1 drivers
v0x56eb055d2470_0 .net/2u *"_ivl_2", 0 0, L_0x70c95daa0270;  1 drivers
S_0x56eb055d25d0 .scope module, "_584_" "DFF" 5 2270, 3 116 0, S_0x56eb054cfb00;
 .timescale 0 0;
    .port_info 0 /INPUT 1 "CLK";
    .port_info 1 /INPUT 1 "D";
    .port_info 2 /OUTPUT 1 "Q";
L_0x70c95daa02b8 .functor BUFT 1, C4<0>, C4<0>, C4<0>, C4<0>;
L_0x70c95daa0300 .functor BUFT 1, C4<0>, C4<0>, C4<0>, C4<0>;
L_0x56eb05635f00 .udp UDP_udp_dff, L_0x56eb056361e0, v0x56eb055f64c0_0, L_0x70c95daa02b8, L_0x70c95daa0300, v0x56eb055d2a40_0;
L_0x56eb056360b0 .functor NOT 1, L_0x56eb05635f00, C4<0>, C4<0>, C4<0>;
L_0x56eb05636170 .functor BUF 1, L_0x56eb05635f00, C4<0>, C4<0>, C4<0>;
v0x56eb055d2820_0 .net "CLK", 0 0, v0x56eb055f64c0_0;  alias, 1 drivers
v0x56eb055d28e0_0 .net "D", 0 0, L_0x56eb056361e0;  1 drivers
v0x56eb055d29a0_0 .net "DS0000", 0 0, L_0x56eb05635f00;  1 drivers
v0x56eb055d2a40_0 .var "NOTIFIER", 0 0;
v0x56eb055d2b00_0 .net "P0002", 0 0, L_0x56eb056360b0;  1 drivers
v0x56eb055d2c10_0 .net "Q", 0 0, L_0x56eb05636170;  1 drivers
v0x56eb055d2cd0_0 .net/2u *"_ivl_0", 0 0, L_0x70c95daa02b8;  1 drivers
v0x56eb055d2db0_0 .net/2u *"_ivl_2", 0 0, L_0x70c95daa0300;  1 drivers
S_0x56eb055d2f10 .scope module, "_585_" "DFF" 5 2276, 3 116 0, S_0x56eb054cfb00;
 .timescale 0 0;
    .port_info 0 /INPUT 1 "CLK";
    .port_info 1 /INPUT 1 "D";
    .port_info 2 /OUTPUT 1 "Q";
L_0x70c95daa0348 .functor BUFT 1, C4<0>, C4<0>, C4<0>, C4<0>;
L_0x70c95daa0390 .functor BUFT 1, C4<0>, C4<0>, C4<0>, C4<0>;
L_0x56eb05636300 .udp UDP_udp_dff, L_0x56eb056365e0, v0x56eb055f64c0_0, L_0x70c95daa0348, L_0x70c95daa0390, v0x56eb055d3380_0;
L_0x56eb056364b0 .functor NOT 1, L_0x56eb05636300, C4<0>, C4<0>, C4<0>;
L_0x56eb05636570 .functor BUF 1, L_0x56eb05636300, C4<0>, C4<0>, C4<0>;
v0x56eb055d3160_0 .net "CLK", 0 0, v0x56eb055f64c0_0;  alias, 1 drivers
v0x56eb055d3220_0 .net "D", 0 0, L_0x56eb056365e0;  1 drivers
v0x56eb055d32e0_0 .net "DS0000", 0 0, L_0x56eb05636300;  1 drivers
v0x56eb055d3380_0 .var "NOTIFIER", 0 0;
v0x56eb055d3440_0 .net "P0002", 0 0, L_0x56eb056364b0;  1 drivers
v0x56eb055d3550_0 .net "Q", 0 0, L_0x56eb05636570;  1 drivers
v0x56eb055d3610_0 .net/2u *"_ivl_0", 0 0, L_0x70c95daa0348;  1 drivers
v0x56eb055d36f0_0 .net/2u *"_ivl_2", 0 0, L_0x70c95daa0390;  1 drivers
S_0x56eb055d3850 .scope module, "_586_" "DFF" 5 2282, 3 116 0, S_0x56eb054cfb00;
 .timescale 0 0;
    .port_info 0 /INPUT 1 "CLK";
    .port_info 1 /INPUT 1 "D";
    .port_info 2 /OUTPUT 1 "Q";
L_0x70c95daa03d8 .functor BUFT 1, C4<0>, C4<0>, C4<0>, C4<0>;
L_0x70c95daa0420 .functor BUFT 1, C4<0>, C4<0>, C4<0>, C4<0>;
L_0x56eb05636770 .udp UDP_udp_dff, L_0x56eb05636a50, v0x56eb055f64c0_0, L_0x70c95daa03d8, L_0x70c95daa0420, v0x56eb055d3cc0_0;
L_0x56eb05636920 .functor NOT 1, L_0x56eb05636770, C4<0>, C4<0>, C4<0>;
L_0x56eb056369e0 .functor BUF 1, L_0x56eb05636770, C4<0>, C4<0>, C4<0>;
v0x56eb055d3aa0_0 .net "CLK", 0 0, v0x56eb055f64c0_0;  alias, 1 drivers
v0x56eb055d3b60_0 .net "D", 0 0, L_0x56eb05636a50;  1 drivers
v0x56eb055d3c20_0 .net "DS0000", 0 0, L_0x56eb05636770;  1 drivers
v0x56eb055d3cc0_0 .var "NOTIFIER", 0 0;
v0x56eb055d3d80_0 .net "P0002", 0 0, L_0x56eb05636920;  1 drivers
v0x56eb055d3e90_0 .net "Q", 0 0, L_0x56eb056369e0;  1 drivers
v0x56eb055d3f50_0 .net/2u *"_ivl_0", 0 0, L_0x70c95daa03d8;  1 drivers
v0x56eb055d4030_0 .net/2u *"_ivl_2", 0 0, L_0x70c95daa0420;  1 drivers
S_0x56eb055d4190 .scope module, "_587_" "DFF" 5 2288, 3 116 0, S_0x56eb054cfb00;
 .timescale 0 0;
    .port_info 0 /INPUT 1 "CLK";
    .port_info 1 /INPUT 1 "D";
    .port_info 2 /OUTPUT 1 "Q";
L_0x70c95daa0468 .functor BUFT 1, C4<0>, C4<0>, C4<0>, C4<0>;
L_0x70c95daa04b0 .functor BUFT 1, C4<0>, C4<0>, C4<0>, C4<0>;
L_0x56eb05636b70 .udp UDP_udp_dff, L_0x56eb05636e50, v0x56eb055f64c0_0, L_0x70c95daa0468, L_0x70c95daa04b0, v0x56eb055d4600_0;
L_0x56eb05636d20 .functor NOT 1, L_0x56eb05636b70, C4<0>, C4<0>, C4<0>;
L_0x56eb05636de0 .functor BUF 1, L_0x56eb05636b70, C4<0>, C4<0>, C4<0>;
v0x56eb055d43e0_0 .net "CLK", 0 0, v0x56eb055f64c0_0;  alias, 1 drivers
v0x56eb055d44a0_0 .net "D", 0 0, L_0x56eb05636e50;  1 drivers
v0x56eb055d4560_0 .net "DS0000", 0 0, L_0x56eb05636b70;  1 drivers
v0x56eb055d4600_0 .var "NOTIFIER", 0 0;
v0x56eb055d46c0_0 .net "P0002", 0 0, L_0x56eb05636d20;  1 drivers
v0x56eb055d47d0_0 .net "Q", 0 0, L_0x56eb05636de0;  1 drivers
v0x56eb055d4890_0 .net/2u *"_ivl_0", 0 0, L_0x70c95daa0468;  1 drivers
v0x56eb055d4970_0 .net/2u *"_ivl_2", 0 0, L_0x70c95daa04b0;  1 drivers
S_0x56eb055d4ad0 .scope module, "_588_" "DFF" 5 2294, 3 116 0, S_0x56eb054cfb00;
 .timescale 0 0;
    .port_info 0 /INPUT 1 "CLK";
    .port_info 1 /INPUT 1 "D";
    .port_info 2 /OUTPUT 1 "Q";
L_0x70c95daa04f8 .functor BUFT 1, C4<0>, C4<0>, C4<0>, C4<0>;
L_0x70c95daa0540 .functor BUFT 1, C4<0>, C4<0>, C4<0>, C4<0>;
L_0x56eb05636f70 .udp UDP_udp_dff, L_0x56eb05637250, v0x56eb055f64c0_0, L_0x70c95daa04f8, L_0x70c95daa0540, v0x56eb055d4f40_0;
L_0x56eb05637120 .functor NOT 1, L_0x56eb05636f70, C4<0>, C4<0>, C4<0>;
L_0x56eb056371e0 .functor BUF 1, L_0x56eb05636f70, C4<0>, C4<0>, C4<0>;
v0x56eb055d4d20_0 .net "CLK", 0 0, v0x56eb055f64c0_0;  alias, 1 drivers
v0x56eb055d4de0_0 .net "D", 0 0, L_0x56eb05637250;  1 drivers
v0x56eb055d4ea0_0 .net "DS0000", 0 0, L_0x56eb05636f70;  1 drivers
v0x56eb055d4f40_0 .var "NOTIFIER", 0 0;
v0x56eb055d5000_0 .net "P0002", 0 0, L_0x56eb05637120;  1 drivers
v0x56eb055d5110_0 .net "Q", 0 0, L_0x56eb056371e0;  1 drivers
v0x56eb055d51d0_0 .net/2u *"_ivl_0", 0 0, L_0x70c95daa04f8;  1 drivers
v0x56eb055d52b0_0 .net/2u *"_ivl_2", 0 0, L_0x70c95daa0540;  1 drivers
S_0x56eb055d5410 .scope module, "_589_" "DFF" 5 2300, 3 116 0, S_0x56eb054cfb00;
 .timescale 0 0;
    .port_info 0 /INPUT 1 "CLK";
    .port_info 1 /INPUT 1 "D";
    .port_info 2 /OUTPUT 1 "Q";
L_0x70c95daa0588 .functor BUFT 1, C4<0>, C4<0>, C4<0>, C4<0>;
L_0x70c95daa05d0 .functor BUFT 1, C4<0>, C4<0>, C4<0>, C4<0>;
L_0x56eb05637370 .udp UDP_udp_dff, L_0x56eb05637650, v0x56eb055f64c0_0, L_0x70c95daa0588, L_0x70c95daa05d0, v0x56eb055d5880_0;
L_0x56eb05637520 .functor NOT 1, L_0x56eb05637370, C4<0>, C4<0>, C4<0>;
L_0x56eb056375e0 .functor BUF 1, L_0x56eb05637370, C4<0>, C4<0>, C4<0>;
v0x56eb055d5660_0 .net "CLK", 0 0, v0x56eb055f64c0_0;  alias, 1 drivers
v0x56eb055d5720_0 .net "D", 0 0, L_0x56eb05637650;  1 drivers
v0x56eb055d57e0_0 .net "DS0000", 0 0, L_0x56eb05637370;  1 drivers
v0x56eb055d5880_0 .var "NOTIFIER", 0 0;
v0x56eb055d5940_0 .net "P0002", 0 0, L_0x56eb05637520;  1 drivers
v0x56eb055d5a50_0 .net "Q", 0 0, L_0x56eb056375e0;  1 drivers
v0x56eb055d5b10_0 .net/2u *"_ivl_0", 0 0, L_0x70c95daa0588;  1 drivers
v0x56eb055d5bf0_0 .net/2u *"_ivl_2", 0 0, L_0x70c95daa05d0;  1 drivers
S_0x56eb055d5d50 .scope module, "_590_" "DFF" 5 2306, 3 116 0, S_0x56eb054cfb00;
 .timescale 0 0;
    .port_info 0 /INPUT 1 "CLK";
    .port_info 1 /INPUT 1 "D";
    .port_info 2 /OUTPUT 1 "Q";
L_0x70c95daa0618 .functor BUFT 1, C4<0>, C4<0>, C4<0>, C4<0>;
L_0x70c95daa0660 .functor BUFT 1, C4<0>, C4<0>, C4<0>, C4<0>;
L_0x56eb05637780 .udp UDP_udp_dff, L_0x56eb05637a60, v0x56eb055f64c0_0, L_0x70c95daa0618, L_0x70c95daa0660, v0x56eb055d61c0_0;
L_0x56eb05637930 .functor NOT 1, L_0x56eb05637780, C4<0>, C4<0>, C4<0>;
L_0x56eb056379f0 .functor BUF 1, L_0x56eb05637780, C4<0>, C4<0>, C4<0>;
v0x56eb055d5fa0_0 .net "CLK", 0 0, v0x56eb055f64c0_0;  alias, 1 drivers
v0x56eb055d6060_0 .net "D", 0 0, L_0x56eb05637a60;  1 drivers
v0x56eb055d6120_0 .net "DS0000", 0 0, L_0x56eb05637780;  1 drivers
v0x56eb055d61c0_0 .var "NOTIFIER", 0 0;
v0x56eb055d6280_0 .net "P0002", 0 0, L_0x56eb05637930;  1 drivers
v0x56eb055d6390_0 .net "Q", 0 0, L_0x56eb056379f0;  1 drivers
v0x56eb055d6450_0 .net/2u *"_ivl_0", 0 0, L_0x70c95daa0618;  1 drivers
v0x56eb055d6530_0 .net/2u *"_ivl_2", 0 0, L_0x70c95daa0660;  1 drivers
S_0x56eb055d6690 .scope module, "_591_" "DFF" 5 2312, 3 116 0, S_0x56eb054cfb00;
 .timescale 0 0;
    .port_info 0 /INPUT 1 "CLK";
    .port_info 1 /INPUT 1 "D";
    .port_info 2 /OUTPUT 1 "Q";
L_0x70c95daa06a8 .functor BUFT 1, C4<0>, C4<0>, C4<0>, C4<0>;
L_0x70c95daa06f0 .functor BUFT 1, C4<0>, C4<0>, C4<0>, C4<0>;
L_0x56eb05637b80 .udp UDP_udp_dff, L_0x56eb05637e60, v0x56eb055f64c0_0, L_0x70c95daa06a8, L_0x70c95daa06f0, v0x56eb055d6b00_0;
L_0x56eb05637d30 .functor NOT 1, L_0x56eb05637b80, C4<0>, C4<0>, C4<0>;
L_0x56eb05637df0 .functor BUF 1, L_0x56eb05637b80, C4<0>, C4<0>, C4<0>;
v0x56eb055d68e0_0 .net "CLK", 0 0, v0x56eb055f64c0_0;  alias, 1 drivers
v0x56eb055d69a0_0 .net "D", 0 0, L_0x56eb05637e60;  1 drivers
v0x56eb055d6a60_0 .net "DS0000", 0 0, L_0x56eb05637b80;  1 drivers
v0x56eb055d6b00_0 .var "NOTIFIER", 0 0;
v0x56eb055d6bc0_0 .net "P0002", 0 0, L_0x56eb05637d30;  1 drivers
v0x56eb055d6cd0_0 .net "Q", 0 0, L_0x56eb05637df0;  1 drivers
v0x56eb055d6d90_0 .net/2u *"_ivl_0", 0 0, L_0x70c95daa06a8;  1 drivers
v0x56eb055d6e70_0 .net/2u *"_ivl_2", 0 0, L_0x70c95daa06f0;  1 drivers
S_0x56eb055d6fd0 .scope module, "_592_" "DFF" 5 2318, 3 116 0, S_0x56eb054cfb00;
 .timescale 0 0;
    .port_info 0 /INPUT 1 "CLK";
    .port_info 1 /INPUT 1 "D";
    .port_info 2 /OUTPUT 1 "Q";
L_0x70c95daa0738 .functor BUFT 1, C4<0>, C4<0>, C4<0>, C4<0>;
L_0x70c95daa0780 .functor BUFT 1, C4<0>, C4<0>, C4<0>, C4<0>;
L_0x56eb05637fa0 .udp UDP_udp_dff, L_0x56eb05638280, v0x56eb055f64c0_0, L_0x70c95daa0738, L_0x70c95daa0780, v0x56eb055d7440_0;
L_0x56eb05638150 .functor NOT 1, L_0x56eb05637fa0, C4<0>, C4<0>, C4<0>;
L_0x56eb05638210 .functor BUF 1, L_0x56eb05637fa0, C4<0>, C4<0>, C4<0>;
v0x56eb055d7220_0 .net "CLK", 0 0, v0x56eb055f64c0_0;  alias, 1 drivers
v0x56eb055d72e0_0 .net "D", 0 0, L_0x56eb05638280;  1 drivers
v0x56eb055d73a0_0 .net "DS0000", 0 0, L_0x56eb05637fa0;  1 drivers
v0x56eb055d7440_0 .var "NOTIFIER", 0 0;
v0x56eb055d7500_0 .net "P0002", 0 0, L_0x56eb05638150;  1 drivers
v0x56eb055d7610_0 .net "Q", 0 0, L_0x56eb05638210;  1 drivers
v0x56eb055d76d0_0 .net/2u *"_ivl_0", 0 0, L_0x70c95daa0738;  1 drivers
v0x56eb055d77b0_0 .net/2u *"_ivl_2", 0 0, L_0x70c95daa0780;  1 drivers
S_0x56eb055d7910 .scope module, "_593_" "DFF" 5 2324, 3 116 0, S_0x56eb054cfb00;
 .timescale 0 0;
    .port_info 0 /INPUT 1 "CLK";
    .port_info 1 /INPUT 1 "D";
    .port_info 2 /OUTPUT 1 "Q";
L_0x70c95daa07c8 .functor BUFT 1, C4<0>, C4<0>, C4<0>, C4<0>;
L_0x70c95daa0810 .functor BUFT 1, C4<0>, C4<0>, C4<0>, C4<0>;
L_0x56eb056383a0 .udp UDP_udp_dff, L_0x56eb05638680, v0x56eb055f64c0_0, L_0x70c95daa07c8, L_0x70c95daa0810, v0x56eb055d7d80_0;
L_0x56eb05638550 .functor NOT 1, L_0x56eb056383a0, C4<0>, C4<0>, C4<0>;
L_0x56eb05638610 .functor BUF 1, L_0x56eb056383a0, C4<0>, C4<0>, C4<0>;
v0x56eb055d7b60_0 .net "CLK", 0 0, v0x56eb055f64c0_0;  alias, 1 drivers
v0x56eb055d7c20_0 .net "D", 0 0, L_0x56eb05638680;  1 drivers
v0x56eb055d7ce0_0 .net "DS0000", 0 0, L_0x56eb056383a0;  1 drivers
v0x56eb055d7d80_0 .var "NOTIFIER", 0 0;
v0x56eb055d7e40_0 .net "P0002", 0 0, L_0x56eb05638550;  1 drivers
v0x56eb055d7f50_0 .net "Q", 0 0, L_0x56eb05638610;  1 drivers
v0x56eb055d8010_0 .net/2u *"_ivl_0", 0 0, L_0x70c95daa07c8;  1 drivers
v0x56eb055d80f0_0 .net/2u *"_ivl_2", 0 0, L_0x70c95daa0810;  1 drivers
S_0x56eb055d8250 .scope module, "_594_" "DFF" 5 2330, 3 116 0, S_0x56eb054cfb00;
 .timescale 0 0;
    .port_info 0 /INPUT 1 "CLK";
    .port_info 1 /INPUT 1 "D";
    .port_info 2 /OUTPUT 1 "Q";
L_0x70c95daa0858 .functor BUFT 1, C4<0>, C4<0>, C4<0>, C4<0>;
L_0x70c95daa08a0 .functor BUFT 1, C4<0>, C4<0>, C4<0>, C4<0>;
L_0x56eb056387a0 .udp UDP_udp_dff, L_0x56eb05638a80, v0x56eb055f64c0_0, L_0x70c95daa0858, L_0x70c95daa08a0, v0x56eb055d86c0_0;
L_0x56eb05638950 .functor NOT 1, L_0x56eb056387a0, C4<0>, C4<0>, C4<0>;
L_0x56eb05638a10 .functor BUF 1, L_0x56eb056387a0, C4<0>, C4<0>, C4<0>;
v0x56eb055d84a0_0 .net "CLK", 0 0, v0x56eb055f64c0_0;  alias, 1 drivers
v0x56eb055d8560_0 .net "D", 0 0, L_0x56eb05638a80;  1 drivers
v0x56eb055d8620_0 .net "DS0000", 0 0, L_0x56eb056387a0;  1 drivers
v0x56eb055d86c0_0 .var "NOTIFIER", 0 0;
v0x56eb055d8780_0 .net "P0002", 0 0, L_0x56eb05638950;  1 drivers
v0x56eb055d8890_0 .net "Q", 0 0, L_0x56eb05638a10;  1 drivers
v0x56eb055d8950_0 .net/2u *"_ivl_0", 0 0, L_0x70c95daa0858;  1 drivers
v0x56eb055d8a30_0 .net/2u *"_ivl_2", 0 0, L_0x70c95daa08a0;  1 drivers
S_0x56eb055d8b90 .scope module, "_595_" "DFF" 5 2336, 3 116 0, S_0x56eb054cfb00;
 .timescale 0 0;
    .port_info 0 /INPUT 1 "CLK";
    .port_info 1 /INPUT 1 "D";
    .port_info 2 /OUTPUT 1 "Q";
L_0x70c95daa08e8 .functor BUFT 1, C4<0>, C4<0>, C4<0>, C4<0>;
L_0x70c95daa0930 .functor BUFT 1, C4<0>, C4<0>, C4<0>, C4<0>;
L_0x56eb05638fe0 .udp UDP_udp_dff, L_0x56eb05639260, v0x56eb055f64c0_0, L_0x70c95daa08e8, L_0x70c95daa0930, v0x56eb055d9000_0;
L_0x56eb05639130 .functor NOT 1, L_0x56eb05638fe0, C4<0>, C4<0>, C4<0>;
L_0x56eb056391f0 .functor BUF 1, L_0x56eb05638fe0, C4<0>, C4<0>, C4<0>;
v0x56eb055d8de0_0 .net "CLK", 0 0, v0x56eb055f64c0_0;  alias, 1 drivers
v0x56eb055d8ea0_0 .net "D", 0 0, L_0x56eb05639260;  1 drivers
v0x56eb055d8f60_0 .net "DS0000", 0 0, L_0x56eb05638fe0;  1 drivers
v0x56eb055d9000_0 .var "NOTIFIER", 0 0;
v0x56eb055d90c0_0 .net "P0002", 0 0, L_0x56eb05639130;  1 drivers
v0x56eb055d91d0_0 .net "Q", 0 0, L_0x56eb056391f0;  1 drivers
v0x56eb055d9290_0 .net/2u *"_ivl_0", 0 0, L_0x70c95daa08e8;  1 drivers
v0x56eb055d9370_0 .net/2u *"_ivl_2", 0 0, L_0x70c95daa0930;  1 drivers
S_0x56eb055d94d0 .scope module, "_596_" "DFF" 5 2342, 3 116 0, S_0x56eb054cfb00;
 .timescale 0 0;
    .port_info 0 /INPUT 1 "CLK";
    .port_info 1 /INPUT 1 "D";
    .port_info 2 /OUTPUT 1 "Q";
L_0x70c95daa0978 .functor BUFT 1, C4<0>, C4<0>, C4<0>, C4<0>;
L_0x70c95daa09c0 .functor BUFT 1, C4<0>, C4<0>, C4<0>, C4<0>;
L_0x56eb056393a0 .udp UDP_udp_dff, L_0x56eb05639620, v0x56eb055f64c0_0, L_0x70c95daa0978, L_0x70c95daa09c0, v0x56eb055d9940_0;
L_0x56eb056394f0 .functor NOT 1, L_0x56eb056393a0, C4<0>, C4<0>, C4<0>;
L_0x56eb056395b0 .functor BUF 1, L_0x56eb056393a0, C4<0>, C4<0>, C4<0>;
v0x56eb055d9720_0 .net "CLK", 0 0, v0x56eb055f64c0_0;  alias, 1 drivers
v0x56eb055d97e0_0 .net "D", 0 0, L_0x56eb05639620;  1 drivers
v0x56eb055d98a0_0 .net "DS0000", 0 0, L_0x56eb056393a0;  1 drivers
v0x56eb055d9940_0 .var "NOTIFIER", 0 0;
v0x56eb055d9a00_0 .net "P0002", 0 0, L_0x56eb056394f0;  1 drivers
v0x56eb055d9b10_0 .net "Q", 0 0, L_0x56eb056395b0;  1 drivers
v0x56eb055d9bd0_0 .net/2u *"_ivl_0", 0 0, L_0x70c95daa0978;  1 drivers
v0x56eb055d9cb0_0 .net/2u *"_ivl_2", 0 0, L_0x70c95daa09c0;  1 drivers
S_0x56eb055d9e10 .scope module, "_597_" "DFF" 5 2348, 3 116 0, S_0x56eb054cfb00;
 .timescale 0 0;
    .port_info 0 /INPUT 1 "CLK";
    .port_info 1 /INPUT 1 "D";
    .port_info 2 /OUTPUT 1 "Q";
L_0x70c95daa0a08 .functor BUFT 1, C4<0>, C4<0>, C4<0>, C4<0>;
L_0x70c95daa0a50 .functor BUFT 1, C4<0>, C4<0>, C4<0>, C4<0>;
L_0x56eb05639710 .udp UDP_udp_dff, L_0x56eb0563a860, v0x56eb055f64c0_0, L_0x70c95daa0a08, L_0x70c95daa0a50, v0x56eb055da280_0;
L_0x56eb0563a730 .functor NOT 1, L_0x56eb05639710, C4<0>, C4<0>, C4<0>;
L_0x56eb0563a7f0 .functor BUF 1, L_0x56eb05639710, C4<0>, C4<0>, C4<0>;
v0x56eb055da060_0 .net "CLK", 0 0, v0x56eb055f64c0_0;  alias, 1 drivers
v0x56eb055da120_0 .net "D", 0 0, L_0x56eb0563a860;  1 drivers
v0x56eb055da1e0_0 .net "DS0000", 0 0, L_0x56eb05639710;  1 drivers
v0x56eb055da280_0 .var "NOTIFIER", 0 0;
v0x56eb055da340_0 .net "P0002", 0 0, L_0x56eb0563a730;  1 drivers
v0x56eb055da450_0 .net "Q", 0 0, L_0x56eb0563a7f0;  1 drivers
v0x56eb055da510_0 .net/2u *"_ivl_0", 0 0, L_0x70c95daa0a08;  1 drivers
v0x56eb055da5f0_0 .net/2u *"_ivl_2", 0 0, L_0x70c95daa0a50;  1 drivers
S_0x56eb055da750 .scope module, "_598_" "DFF" 5 2354, 3 116 0, S_0x56eb054cfb00;
 .timescale 0 0;
    .port_info 0 /INPUT 1 "CLK";
    .port_info 1 /INPUT 1 "D";
    .port_info 2 /OUTPUT 1 "Q";
L_0x70c95daa0a98 .functor BUFT 1, C4<0>, C4<0>, C4<0>, C4<0>;
L_0x70c95daa0ae0 .functor BUFT 1, C4<0>, C4<0>, C4<0>, C4<0>;
L_0x56eb0563a950 .udp UDP_udp_dff, L_0x56eb0563ab80, v0x56eb055f64c0_0, L_0x70c95daa0a98, L_0x70c95daa0ae0, v0x56eb055dabc0_0;
L_0x56eb0563aa50 .functor NOT 1, L_0x56eb0563a950, C4<0>, C4<0>, C4<0>;
L_0x56eb0563ab10 .functor BUF 1, L_0x56eb0563a950, C4<0>, C4<0>, C4<0>;
v0x56eb055da9a0_0 .net "CLK", 0 0, v0x56eb055f64c0_0;  alias, 1 drivers
v0x56eb055daa60_0 .net "D", 0 0, L_0x56eb0563ab80;  1 drivers
v0x56eb055dab20_0 .net "DS0000", 0 0, L_0x56eb0563a950;  1 drivers
v0x56eb055dabc0_0 .var "NOTIFIER", 0 0;
v0x56eb055dac80_0 .net "P0002", 0 0, L_0x56eb0563aa50;  1 drivers
v0x56eb055dad90_0 .net "Q", 0 0, L_0x56eb0563ab10;  1 drivers
v0x56eb055dae50_0 .net/2u *"_ivl_0", 0 0, L_0x70c95daa0a98;  1 drivers
v0x56eb055daf30_0 .net/2u *"_ivl_2", 0 0, L_0x70c95daa0ae0;  1 drivers
S_0x56eb055db090 .scope module, "_599_" "DFF" 5 2360, 3 116 0, S_0x56eb054cfb00;
 .timescale 0 0;
    .port_info 0 /INPUT 1 "CLK";
    .port_info 1 /INPUT 1 "D";
    .port_info 2 /OUTPUT 1 "Q";
L_0x70c95daa0b28 .functor BUFT 1, C4<0>, C4<0>, C4<0>, C4<0>;
L_0x70c95daa0b70 .functor BUFT 1, C4<0>, C4<0>, C4<0>, C4<0>;
L_0x56eb05639e70 .udp UDP_udp_dff, L_0x56eb0563a0f0, v0x56eb055f64c0_0, L_0x70c95daa0b28, L_0x70c95daa0b70, v0x56eb055db500_0;
L_0x56eb05639fc0 .functor NOT 1, L_0x56eb05639e70, C4<0>, C4<0>, C4<0>;
L_0x56eb0563a080 .functor BUF 1, L_0x56eb05639e70, C4<0>, C4<0>, C4<0>;
v0x56eb055db2e0_0 .net "CLK", 0 0, v0x56eb055f64c0_0;  alias, 1 drivers
v0x56eb055db3a0_0 .net "D", 0 0, L_0x56eb0563a0f0;  1 drivers
v0x56eb055db460_0 .net "DS0000", 0 0, L_0x56eb05639e70;  1 drivers
v0x56eb055db500_0 .var "NOTIFIER", 0 0;
v0x56eb055db5c0_0 .net "P0002", 0 0, L_0x56eb05639fc0;  1 drivers
v0x56eb055db6d0_0 .net "Q", 0 0, L_0x56eb0563a080;  1 drivers
v0x56eb055db790_0 .net/2u *"_ivl_0", 0 0, L_0x70c95daa0b28;  1 drivers
v0x56eb055db870_0 .net/2u *"_ivl_2", 0 0, L_0x70c95daa0b70;  1 drivers
S_0x56eb055db9d0 .scope module, "_600_" "DFF" 5 2366, 3 116 0, S_0x56eb054cfb00;
 .timescale 0 0;
    .port_info 0 /INPUT 1 "CLK";
    .port_info 1 /INPUT 1 "D";
    .port_info 2 /OUTPUT 1 "Q";
L_0x70c95daa0bb8 .functor BUFT 1, C4<0>, C4<0>, C4<0>, C4<0>;
L_0x70c95daa0c00 .functor BUFT 1, C4<0>, C4<0>, C4<0>, C4<0>;
L_0x56eb0563a1e0 .udp UDP_udp_dff, L_0x56eb0563a460, v0x56eb055f64c0_0, L_0x70c95daa0bb8, L_0x70c95daa0c00, v0x56eb055dbe40_0;
L_0x56eb0563a330 .functor NOT 1, L_0x56eb0563a1e0, C4<0>, C4<0>, C4<0>;
L_0x56eb0563a3f0 .functor BUF 1, L_0x56eb0563a1e0, C4<0>, C4<0>, C4<0>;
v0x56eb055dbc20_0 .net "CLK", 0 0, v0x56eb055f64c0_0;  alias, 1 drivers
v0x56eb055dbce0_0 .net "D", 0 0, L_0x56eb0563a460;  1 drivers
v0x56eb055dbda0_0 .net "DS0000", 0 0, L_0x56eb0563a1e0;  1 drivers
v0x56eb055dbe40_0 .var "NOTIFIER", 0 0;
v0x56eb055dbf00_0 .net "P0002", 0 0, L_0x56eb0563a330;  1 drivers
v0x56eb055dc010_0 .net "Q", 0 0, L_0x56eb0563a3f0;  1 drivers
v0x56eb055dc0d0_0 .net/2u *"_ivl_0", 0 0, L_0x70c95daa0bb8;  1 drivers
v0x56eb055dc1b0_0 .net/2u *"_ivl_2", 0 0, L_0x70c95daa0c00;  1 drivers
S_0x56eb055dc310 .scope module, "_601_" "DFF" 5 2372, 3 116 0, S_0x56eb054cfb00;
 .timescale 0 0;
    .port_info 0 /INPUT 1 "CLK";
    .port_info 1 /INPUT 1 "D";
    .port_info 2 /OUTPUT 1 "Q";
L_0x70c95daa0c48 .functor BUFT 1, C4<0>, C4<0>, C4<0>, C4<0>;
L_0x70c95daa0c90 .functor BUFT 1, C4<0>, C4<0>, C4<0>, C4<0>;
L_0x56eb0563a550 .udp UDP_udp_dff, L_0x56eb0563b630, v0x56eb055f64c0_0, L_0x70c95daa0c48, L_0x70c95daa0c90, v0x56eb055dc780_0;
L_0x56eb0563b500 .functor NOT 1, L_0x56eb0563a550, C4<0>, C4<0>, C4<0>;
L_0x56eb0563b5c0 .functor BUF 1, L_0x56eb0563a550, C4<0>, C4<0>, C4<0>;
v0x56eb055dc560_0 .net "CLK", 0 0, v0x56eb055f64c0_0;  alias, 1 drivers
v0x56eb055dc620_0 .net "D", 0 0, L_0x56eb0563b630;  1 drivers
v0x56eb055dc6e0_0 .net "DS0000", 0 0, L_0x56eb0563a550;  1 drivers
v0x56eb055dc780_0 .var "NOTIFIER", 0 0;
v0x56eb055dc840_0 .net "P0002", 0 0, L_0x56eb0563b500;  1 drivers
v0x56eb055dc950_0 .net "Q", 0 0, L_0x56eb0563b5c0;  1 drivers
v0x56eb055dca10_0 .net/2u *"_ivl_0", 0 0, L_0x70c95daa0c48;  1 drivers
v0x56eb055dcaf0_0 .net/2u *"_ivl_2", 0 0, L_0x70c95daa0c90;  1 drivers
S_0x56eb055dcc50 .scope module, "_602_" "DFF" 5 2378, 3 116 0, S_0x56eb054cfb00;
 .timescale 0 0;
    .port_info 0 /INPUT 1 "CLK";
    .port_info 1 /INPUT 1 "D";
    .port_info 2 /OUTPUT 1 "Q";
L_0x70c95daa0cd8 .functor BUFT 1, C4<0>, C4<0>, C4<0>, C4<0>;
L_0x70c95daa0d20 .functor BUFT 1, C4<0>, C4<0>, C4<0>, C4<0>;
L_0x56eb0563b720 .udp UDP_udp_dff, L_0x56eb0563b960, v0x56eb055f64c0_0, L_0x70c95daa0cd8, L_0x70c95daa0d20, v0x56eb055dd0c0_0;
L_0x56eb0563b830 .functor NOT 1, L_0x56eb0563b720, C4<0>, C4<0>, C4<0>;
L_0x56eb0563b8f0 .functor BUF 1, L_0x56eb0563b720, C4<0>, C4<0>, C4<0>;
v0x56eb055dcea0_0 .net "CLK", 0 0, v0x56eb055f64c0_0;  alias, 1 drivers
v0x56eb055dcf60_0 .net "D", 0 0, L_0x56eb0563b960;  1 drivers
v0x56eb055dd020_0 .net "DS0000", 0 0, L_0x56eb0563b720;  1 drivers
v0x56eb055dd0c0_0 .var "NOTIFIER", 0 0;
v0x56eb055dd180_0 .net "P0002", 0 0, L_0x56eb0563b830;  1 drivers
v0x56eb055dd290_0 .net "Q", 0 0, L_0x56eb0563b8f0;  1 drivers
v0x56eb055dd350_0 .net/2u *"_ivl_0", 0 0, L_0x70c95daa0cd8;  1 drivers
v0x56eb055dd430_0 .net/2u *"_ivl_2", 0 0, L_0x70c95daa0d20;  1 drivers
S_0x56eb055dd590 .scope module, "_603_" "DFF" 5 2384, 3 116 0, S_0x56eb054cfb00;
 .timescale 0 0;
    .port_info 0 /INPUT 1 "CLK";
    .port_info 1 /INPUT 1 "D";
    .port_info 2 /OUTPUT 1 "Q";
L_0x70c95daa0d68 .functor BUFT 1, C4<0>, C4<0>, C4<0>, C4<0>;
L_0x70c95daa0db0 .functor BUFT 1, C4<0>, C4<0>, C4<0>, C4<0>;
L_0x56eb0563ac70 .udp UDP_udp_dff, L_0x56eb0563aef0, v0x56eb055f64c0_0, L_0x70c95daa0d68, L_0x70c95daa0db0, v0x56eb055dda00_0;
L_0x56eb0563adc0 .functor NOT 1, L_0x56eb0563ac70, C4<0>, C4<0>, C4<0>;
L_0x56eb0563ae80 .functor BUF 1, L_0x56eb0563ac70, C4<0>, C4<0>, C4<0>;
v0x56eb055dd7e0_0 .net "CLK", 0 0, v0x56eb055f64c0_0;  alias, 1 drivers
v0x56eb055dd8a0_0 .net "D", 0 0, L_0x56eb0563aef0;  1 drivers
v0x56eb055dd960_0 .net "DS0000", 0 0, L_0x56eb0563ac70;  1 drivers
v0x56eb055dda00_0 .var "NOTIFIER", 0 0;
v0x56eb055ddac0_0 .net "P0002", 0 0, L_0x56eb0563adc0;  1 drivers
v0x56eb055ddbd0_0 .net "Q", 0 0, L_0x56eb0563ae80;  1 drivers
v0x56eb055ddc90_0 .net/2u *"_ivl_0", 0 0, L_0x70c95daa0d68;  1 drivers
v0x56eb055ddd70_0 .net/2u *"_ivl_2", 0 0, L_0x70c95daa0db0;  1 drivers
S_0x56eb055dded0 .scope module, "_604_" "DFF" 5 2390, 3 116 0, S_0x56eb054cfb00;
 .timescale 0 0;
    .port_info 0 /INPUT 1 "CLK";
    .port_info 1 /INPUT 1 "D";
    .port_info 2 /OUTPUT 1 "Q";
L_0x70c95daa0df8 .functor BUFT 1, C4<0>, C4<0>, C4<0>, C4<0>;
L_0x70c95daa0e40 .functor BUFT 1, C4<0>, C4<0>, C4<0>, C4<0>;
L_0x56eb0563afe0 .udp UDP_udp_dff, L_0x56eb0563b260, v0x56eb055f64c0_0, L_0x70c95daa0df8, L_0x70c95daa0e40, v0x56eb055de340_0;
L_0x56eb0563b130 .functor NOT 1, L_0x56eb0563afe0, C4<0>, C4<0>, C4<0>;
L_0x56eb0563b1f0 .functor BUF 1, L_0x56eb0563afe0, C4<0>, C4<0>, C4<0>;
v0x56eb055de120_0 .net "CLK", 0 0, v0x56eb055f64c0_0;  alias, 1 drivers
v0x56eb055de1e0_0 .net "D", 0 0, L_0x56eb0563b260;  1 drivers
v0x56eb055de2a0_0 .net "DS0000", 0 0, L_0x56eb0563afe0;  1 drivers
v0x56eb055de340_0 .var "NOTIFIER", 0 0;
v0x56eb055de400_0 .net "P0002", 0 0, L_0x56eb0563b130;  1 drivers
v0x56eb055de510_0 .net "Q", 0 0, L_0x56eb0563b1f0;  1 drivers
v0x56eb055de5d0_0 .net/2u *"_ivl_0", 0 0, L_0x70c95daa0df8;  1 drivers
v0x56eb055de6b0_0 .net/2u *"_ivl_2", 0 0, L_0x70c95daa0e40;  1 drivers
S_0x56eb055de810 .scope module, "_605_" "DFF" 5 2396, 3 116 0, S_0x56eb054cfb00;
 .timescale 0 0;
    .port_info 0 /INPUT 1 "CLK";
    .port_info 1 /INPUT 1 "D";
    .port_info 2 /OUTPUT 1 "Q";
L_0x70c95daa0e88 .functor BUFT 1, C4<0>, C4<0>, C4<0>, C4<0>;
L_0x70c95daa0ed0 .functor BUFT 1, C4<0>, C4<0>, C4<0>, C4<0>;
L_0x56eb0563b350 .udp UDP_udp_dff, L_0x56eb0563c3e0, v0x56eb055f64c0_0, L_0x70c95daa0e88, L_0x70c95daa0ed0, v0x56eb055dec80_0;
L_0x56eb0563c2b0 .functor NOT 1, L_0x56eb0563b350, C4<0>, C4<0>, C4<0>;
L_0x56eb0563c370 .functor BUF 1, L_0x56eb0563b350, C4<0>, C4<0>, C4<0>;
v0x56eb055dea60_0 .net "CLK", 0 0, v0x56eb055f64c0_0;  alias, 1 drivers
v0x56eb055deb20_0 .net "D", 0 0, L_0x56eb0563c3e0;  1 drivers
v0x56eb055debe0_0 .net "DS0000", 0 0, L_0x56eb0563b350;  1 drivers
v0x56eb055dec80_0 .var "NOTIFIER", 0 0;
v0x56eb055ded40_0 .net "P0002", 0 0, L_0x56eb0563c2b0;  1 drivers
v0x56eb055dee50_0 .net "Q", 0 0, L_0x56eb0563c370;  1 drivers
v0x56eb055def10_0 .net/2u *"_ivl_0", 0 0, L_0x70c95daa0e88;  1 drivers
v0x56eb055deff0_0 .net/2u *"_ivl_2", 0 0, L_0x70c95daa0ed0;  1 drivers
S_0x56eb055df150 .scope module, "_606_" "DFF" 5 2402, 3 116 0, S_0x56eb054cfb00;
 .timescale 0 0;
    .port_info 0 /INPUT 1 "CLK";
    .port_info 1 /INPUT 1 "D";
    .port_info 2 /OUTPUT 1 "Q";
L_0x70c95daa0f18 .functor BUFT 1, C4<0>, C4<0>, C4<0>, C4<0>;
L_0x70c95daa0f60 .functor BUFT 1, C4<0>, C4<0>, C4<0>, C4<0>;
L_0x56eb0563c500 .udp UDP_udp_dff, L_0x56eb0563c7e0, v0x56eb055f64c0_0, L_0x70c95daa0f18, L_0x70c95daa0f60, v0x56eb055df5c0_0;
L_0x56eb0563c6b0 .functor NOT 1, L_0x56eb0563c500, C4<0>, C4<0>, C4<0>;
L_0x56eb0563c770 .functor BUF 1, L_0x56eb0563c500, C4<0>, C4<0>, C4<0>;
v0x56eb055df3a0_0 .net "CLK", 0 0, v0x56eb055f64c0_0;  alias, 1 drivers
v0x56eb055df460_0 .net "D", 0 0, L_0x56eb0563c7e0;  1 drivers
v0x56eb055df520_0 .net "DS0000", 0 0, L_0x56eb0563c500;  1 drivers
v0x56eb055df5c0_0 .var "NOTIFIER", 0 0;
v0x56eb055df680_0 .net "P0002", 0 0, L_0x56eb0563c6b0;  1 drivers
v0x56eb055df790_0 .net "Q", 0 0, L_0x56eb0563c770;  1 drivers
v0x56eb055df850_0 .net/2u *"_ivl_0", 0 0, L_0x70c95daa0f18;  1 drivers
v0x56eb055df930_0 .net/2u *"_ivl_2", 0 0, L_0x70c95daa0f60;  1 drivers
S_0x56eb055dfa90 .scope module, "_607_" "DFF" 5 2408, 3 116 0, S_0x56eb054cfb00;
 .timescale 0 0;
    .port_info 0 /INPUT 1 "CLK";
    .port_info 1 /INPUT 1 "D";
    .port_info 2 /OUTPUT 1 "Q";
L_0x70c95daa0fa8 .functor BUFT 1, C4<0>, C4<0>, C4<0>, C4<0>;
L_0x70c95daa0ff0 .functor BUFT 1, C4<0>, C4<0>, C4<0>, C4<0>;
L_0x56eb0563ba80 .udp UDP_udp_dff, L_0x56eb0563bd60, v0x56eb055f64c0_0, L_0x70c95daa0fa8, L_0x70c95daa0ff0, v0x56eb055dff00_0;
L_0x56eb0563bc30 .functor NOT 1, L_0x56eb0563ba80, C4<0>, C4<0>, C4<0>;
L_0x56eb0563bcf0 .functor BUF 1, L_0x56eb0563ba80, C4<0>, C4<0>, C4<0>;
v0x56eb055dfce0_0 .net "CLK", 0 0, v0x56eb055f64c0_0;  alias, 1 drivers
v0x56eb055dfda0_0 .net "D", 0 0, L_0x56eb0563bd60;  1 drivers
v0x56eb055dfe60_0 .net "DS0000", 0 0, L_0x56eb0563ba80;  1 drivers
v0x56eb055dff00_0 .var "NOTIFIER", 0 0;
v0x56eb055dffc0_0 .net "P0002", 0 0, L_0x56eb0563bc30;  1 drivers
v0x56eb055e00d0_0 .net "Q", 0 0, L_0x56eb0563bcf0;  1 drivers
v0x56eb055e0190_0 .net/2u *"_ivl_0", 0 0, L_0x70c95daa0fa8;  1 drivers
v0x56eb055e0270_0 .net/2u *"_ivl_2", 0 0, L_0x70c95daa0ff0;  1 drivers
S_0x56eb055e03d0 .scope module, "_608_" "DFF" 5 2414, 3 116 0, S_0x56eb054cfb00;
 .timescale 0 0;
    .port_info 0 /INPUT 1 "CLK";
    .port_info 1 /INPUT 1 "D";
    .port_info 2 /OUTPUT 1 "Q";
L_0x70c95daa1038 .functor BUFT 1, C4<0>, C4<0>, C4<0>, C4<0>;
L_0x70c95daa1080 .functor BUFT 1, C4<0>, C4<0>, C4<0>, C4<0>;
L_0x56eb0563c8d0 .udp UDP_udp_dff, L_0x56eb0560a170, v0x56eb055f64c0_0, L_0x70c95daa1038, L_0x70c95daa1080, v0x56eb055e0840_0;
L_0x56eb0563c9d0 .functor NOT 1, L_0x56eb0563c8d0, C4<0>, C4<0>, C4<0>;
L_0x56eb0563ca90 .functor BUF 1, L_0x56eb0563c8d0, C4<0>, C4<0>, C4<0>;
v0x56eb055e0620_0 .net "CLK", 0 0, v0x56eb055f64c0_0;  alias, 1 drivers
v0x56eb055e06e0_0 .net "D", 0 0, L_0x56eb0560a170;  alias, 1 drivers
v0x56eb055e07a0_0 .net "DS0000", 0 0, L_0x56eb0563c8d0;  1 drivers
v0x56eb055e0840_0 .var "NOTIFIER", 0 0;
v0x56eb055e08e0_0 .net "P0002", 0 0, L_0x56eb0563c9d0;  1 drivers
v0x56eb055e09d0_0 .net "Q", 0 0, L_0x56eb0563ca90;  1 drivers
v0x56eb055e0a90_0 .net/2u *"_ivl_0", 0 0, L_0x70c95daa1038;  1 drivers
v0x56eb055e0b70_0 .net/2u *"_ivl_2", 0 0, L_0x70c95daa1080;  1 drivers
S_0x56eb055e0cd0 .scope module, "_609_" "DFF" 5 2420, 3 116 0, S_0x56eb054cfb00;
 .timescale 0 0;
    .port_info 0 /INPUT 1 "CLK";
    .port_info 1 /INPUT 1 "D";
    .port_info 2 /OUTPUT 1 "Q";
L_0x70c95daa10c8 .functor BUFT 1, C4<0>, C4<0>, C4<0>, C4<0>;
L_0x70c95daa1110 .functor BUFT 1, C4<0>, C4<0>, C4<0>, C4<0>;
L_0x56eb0563cb00 .udp UDP_udp_dff, L_0x56eb055f9720, v0x56eb055f64c0_0, L_0x70c95daa10c8, L_0x70c95daa1110, v0x56eb055e1140_0;
L_0x56eb0563cc50 .functor NOT 1, L_0x56eb0563cb00, C4<0>, C4<0>, C4<0>;
L_0x56eb0563cd10 .functor BUF 1, L_0x56eb0563cb00, C4<0>, C4<0>, C4<0>;
v0x56eb055e0f20_0 .net "CLK", 0 0, v0x56eb055f64c0_0;  alias, 1 drivers
v0x56eb055e0fe0_0 .net "D", 0 0, L_0x56eb055f9720;  alias, 1 drivers
v0x56eb055e10a0_0 .net "DS0000", 0 0, L_0x56eb0563cb00;  1 drivers
v0x56eb055e1140_0 .var "NOTIFIER", 0 0;
v0x56eb055e11e0_0 .net "P0002", 0 0, L_0x56eb0563cc50;  1 drivers
v0x56eb055e12f0_0 .net "Q", 0 0, L_0x56eb0563cd10;  1 drivers
v0x56eb055e1470_0 .net/2u *"_ivl_0", 0 0, L_0x70c95daa10c8;  1 drivers
v0x56eb055e1510_0 .net/2u *"_ivl_2", 0 0, L_0x70c95daa1110;  1 drivers
S_0x56eb055e1630 .scope module, "_610_" "DFF" 5 2426, 3 116 0, S_0x56eb054cfb00;
 .timescale 0 0;
    .port_info 0 /INPUT 1 "CLK";
    .port_info 1 /INPUT 1 "D";
    .port_info 2 /OUTPUT 1 "Q";
L_0x70c95daa1158 .functor BUFT 1, C4<0>, C4<0>, C4<0>, C4<0>;
L_0x70c95daa11a0 .functor BUFT 1, C4<0>, C4<0>, C4<0>, C4<0>;
L_0x56eb0563cd80 .udp UDP_udp_dff, L_0x56eb05603490, v0x56eb055f64c0_0, L_0x70c95daa1158, L_0x70c95daa11a0, v0x56eb055e1aa0_0;
L_0x56eb0563ced0 .functor NOT 1, L_0x56eb0563cd80, C4<0>, C4<0>, C4<0>;
L_0x56eb0563cf90 .functor BUF 1, L_0x56eb0563cd80, C4<0>, C4<0>, C4<0>;
v0x56eb055e1880_0 .net "CLK", 0 0, v0x56eb055f64c0_0;  alias, 1 drivers
v0x56eb055e1940_0 .net "D", 0 0, L_0x56eb05603490;  alias, 1 drivers
v0x56eb055e1a00_0 .net "DS0000", 0 0, L_0x56eb0563cd80;  1 drivers
v0x56eb055e1aa0_0 .var "NOTIFIER", 0 0;
v0x56eb055e1b40_0 .net "P0002", 0 0, L_0x56eb0563ced0;  1 drivers
v0x56eb055e1c50_0 .net "Q", 0 0, L_0x56eb0563cf90;  1 drivers
v0x56eb055e1d10_0 .net/2u *"_ivl_0", 0 0, L_0x70c95daa1158;  1 drivers
v0x56eb055e1df0_0 .net/2u *"_ivl_2", 0 0, L_0x70c95daa11a0;  1 drivers
S_0x56eb055e1f50 .scope module, "_611_" "DFF" 5 2432, 3 116 0, S_0x56eb054cfb00;
 .timescale 0 0;
    .port_info 0 /INPUT 1 "CLK";
    .port_info 1 /INPUT 1 "D";
    .port_info 2 /OUTPUT 1 "Q";
L_0x70c95daa11e8 .functor BUFT 1, C4<0>, C4<0>, C4<0>, C4<0>;
L_0x70c95daa1230 .functor BUFT 1, C4<0>, C4<0>, C4<0>, C4<0>;
L_0x56eb0563d000 .udp UDP_udp_dff, L_0x56eb05609d70, v0x56eb055f64c0_0, L_0x70c95daa11e8, L_0x70c95daa1230, v0x56eb055e23c0_0;
L_0x56eb0563da60 .functor NOT 1, L_0x56eb0563d000, C4<0>, C4<0>, C4<0>;
L_0x56eb0563db20 .functor BUF 1, L_0x56eb0563d000, C4<0>, C4<0>, C4<0>;
v0x56eb055e21a0_0 .net "CLK", 0 0, v0x56eb055f64c0_0;  alias, 1 drivers
v0x56eb055e2260_0 .net "D", 0 0, L_0x56eb05609d70;  alias, 1 drivers
v0x56eb055e2320_0 .net "DS0000", 0 0, L_0x56eb0563d000;  1 drivers
v0x56eb055e23c0_0 .var "NOTIFIER", 0 0;
v0x56eb055e2460_0 .net "P0002", 0 0, L_0x56eb0563da60;  1 drivers
v0x56eb055e2570_0 .net "Q", 0 0, L_0x56eb0563db20;  1 drivers
v0x56eb055e2630_0 .net/2u *"_ivl_0", 0 0, L_0x70c95daa11e8;  1 drivers
v0x56eb055e2710_0 .net/2u *"_ivl_2", 0 0, L_0x70c95daa1230;  1 drivers
S_0x56eb055e2870 .scope module, "u_ram.mem_inst" "$__RAMGEM_SYNC_" 5 2440, 6 2 0, S_0x56eb054cfb00;
 .timescale 0 0;
    .port_info 0 /INPUT 1 "PORT_R_CLK";
    .port_info 1 /INPUT 13 "PORT_R_ADDR";
    .port_info 2 /OUTPUT 32 "PORT_R_RD_DATA";
    .port_info 3 /INPUT 1 "PORT_W_CLK";
    .port_info 4 /INPUT 32 "PORT_W_WR_EN";
    .port_info 5 /INPUT 13 "PORT_W_ADDR";
    .port_info 6 /INPUT 32 "PORT_W_WR_DATA";
v0x56eb055e2b70_0 .net "PORT_R_ADDR", 12 0, v0x56eb055f67a0_0;  alias, 1 drivers
v0x56eb055e2c70_0 .net "PORT_R_CLK", 0 0, v0x56eb055f64c0_0;  alias, 1 drivers
v0x56eb055e2d30_0 .var "PORT_R_RD_DATA", 31 0;
v0x56eb055e2dd0_0 .net "PORT_W_ADDR", 12 0, L_0x56eb0563be50;  alias, 1 drivers
v0x56eb055e2eb0_0 .net "PORT_W_CLK", 0 0, v0x56eb055f64c0_0;  alias, 1 drivers
v0x56eb055e2fa0_0 .net "PORT_W_WR_DATA", 31 0, L_0x56eb05626770;  alias, 1 drivers
v0x56eb055e3080_0 .net "PORT_W_WR_EN", 31 0, L_0x56eb0563e7a0;  1 drivers
v0x56eb055e3160_0 .var "i", 31 0;
v0x56eb055e3240 .array "mem", 8191 0, 31 0;
E_0x56eb05480300 .event posedge, v0x56eb0559d290_0;
    .scope S_0x56eb054d68b0;
T_2 ;
    %wait E_0x56eb0520cf80;
    %load/vec4 v0x56eb054789b0_0;
    %inv;
    %flag_set/vec4 8;
    %jmp/0xz  T_2.0, 8;
    %load/vec4 v0x56eb0547e880_0;
    %assign/vec4 v0x56eb0548acd0_0, 0;
T_2.0 ;
    %jmp T_2;
    .thread T_2, $push;
    .scope S_0x56eb055e2870;
T_3 ;
    %wait E_0x56eb05480300;
    %load/vec4 v0x56eb055e2b70_0;
    %pad/u 15;
    %ix/vec4 4;
    %load/vec4a v0x56eb055e3240, 4;
    %assign/vec4 v0x56eb055e2d30_0, 0;
    %pushi/vec4 0, 0, 32;
    %store/vec4 v0x56eb055e3160_0, 0, 32;
T_3.0 ;
    %load/vec4 v0x56eb055e3160_0;
    %cmpi/u 32, 0, 32;
    %jmp/0xz T_3.1, 5;
    %load/vec4 v0x56eb055e3080_0;
    %load/vec4 v0x56eb055e3160_0;
    %part/u 1;
    %flag_set/vec4 8;
    %jmp/0xz  T_3.2, 8;
    %load/vec4 v0x56eb055e2fa0_0;
    %load/vec4 v0x56eb055e3160_0;
    %part/u 1;
    %load/vec4 v0x56eb055e2dd0_0;
    %pad/u 15;
    %ix/vec4 4;
    %flag_mov 8, 4;
    %ix/getv 5, v0x56eb055e3160_0;
    %flag_or 8, 4;
    %ix/load 6, 0, 0; Constant delay
    %ix/mov 3, 4;
    %flag_mov 4, 8;
    %assign/vec4/a/d v0x56eb055e3240, 5, 6;
T_3.2 ;
    %load/vec4 v0x56eb055e3160_0;
    %addi 1, 0, 32;
    %store/vec4 v0x56eb055e3160_0, 0, 32;
    %jmp T_3.0;
T_3.1 ;
    %jmp T_3;
    .thread T_3;
    .scope S_0x56eb054d2ee0;
T_4 ;
    %pushi/vec4 0, 0, 32;
    %store/vec4 v0x56eb055f6580_0, 0, 32;
    %end;
    .thread T_4, $init;
    .scope S_0x56eb054d2ee0;
T_5 ;
    %delay 5000, 0;
    %load/vec4 v0x56eb055f64c0_0;
    %inv;
    %store/vec4 v0x56eb055f64c0_0, 0, 1;
    %jmp T_5;
    .thread T_5;
    .scope S_0x56eb054d2ee0;
T_6 ;
    %pushi/vec4 0, 0, 1;
    %store/vec4 v0x56eb055f64c0_0, 0, 1;
    %pushi/vec4 0, 0, 1;
    %store/vec4 v0x56eb055f6bb0_0, 0, 1;
    %pushi/vec4 0, 0, 4;
    %store/vec4 v0x56eb055f6a70_0, 0, 4;
    %pushi/vec4 0, 0, 13;
    %store/vec4 v0x56eb055f69d0_0, 0, 13;
    %pushi/vec4 0, 0, 32;
    %store/vec4 v0x56eb055f6b10_0, 0, 32;
    %pushi/vec4 0, 0, 1;
    %store/vec4 v0x56eb055f68e0_0, 0, 1;
    %pushi/vec4 0, 0, 13;
    %store/vec4 v0x56eb055f67a0_0, 0, 13;
    %pushi/vec4 10, 0, 13;
    %store/vec4 v0x56eb054570c0_0, 0, 13;
    %pushi/vec4 3735928559, 0, 32;
    %store/vec4 v0x56eb0545ac50_0, 0, 32;
    %pushi/vec4 15, 0, 4;
    %store/vec4 v0x56eb0545a7b0_0, 0, 4;
    %fork TD_tb_ram_sync.do_write, S_0x56eb054d0e00;
    %join;
    %pushi/vec4 10, 0, 13;
    %store/vec4 v0x56eb05453e00_0, 0, 13;
    %pushi/vec4 3735928559, 0, 32;
    %store/vec4 v0x56eb05456c20_0, 0, 32;
    %fork TD_tb_ram_sync.do_read_check, S_0x56eb054d2210;
    %join;
    %pushi/vec4 20, 0, 13;
    %store/vec4 v0x56eb054570c0_0, 0, 13;
    %pushi/vec4 305419896, 0, 32;
    %store/vec4 v0x56eb0545ac50_0, 0, 32;
    %pushi/vec4 15, 0, 4;
    %store/vec4 v0x56eb0545a7b0_0, 0, 4;
    %fork TD_tb_ram_sync.do_write, S_0x56eb054d0e00;
    %join;
    %pushi/vec4 20, 0, 13;
    %store/vec4 v0x56eb05453e00_0, 0, 13;
    %pushi/vec4 305419896, 0, 32;
    %store/vec4 v0x56eb05456c20_0, 0, 32;
    %fork TD_tb_ram_sync.do_read_check, S_0x56eb054d2210;
    %join;
    %pushi/vec4 10, 0, 13;
    %store/vec4 v0x56eb05453e00_0, 0, 13;
    %pushi/vec4 3735928559, 0, 32;
    %store/vec4 v0x56eb05456c20_0, 0, 32;
    %fork TD_tb_ram_sync.do_read_check, S_0x56eb054d2210;
    %join;
    %pushi/vec4 10, 0, 13;
    %store/vec4 v0x56eb054570c0_0, 0, 13;
    %pushi/vec4 170, 0, 32;
    %store/vec4 v0x56eb0545ac50_0, 0, 32;
    %pushi/vec4 1, 0, 4;
    %store/vec4 v0x56eb0545a7b0_0, 0, 4;
    %fork TD_tb_ram_sync.do_write, S_0x56eb054d0e00;
    %join;
    %pushi/vec4 10, 0, 13;
    %store/vec4 v0x56eb05453e00_0, 0, 13;
    %pushi/vec4 3735928490, 0, 32;
    %store/vec4 v0x56eb05456c20_0, 0, 32;
    %fork TD_tb_ram_sync.do_read_check, S_0x56eb054d2210;
    %join;
    %pushi/vec4 10, 0, 13;
    %store/vec4 v0x56eb054570c0_0, 0, 13;
    %pushi/vec4 4278190080, 0, 32;
    %store/vec4 v0x56eb0545ac50_0, 0, 32;
    %pushi/vec4 8, 0, 4;
    %store/vec4 v0x56eb0545a7b0_0, 0, 4;
    %fork TD_tb_ram_sync.do_write, S_0x56eb054d0e00;
    %join;
    %pushi/vec4 10, 0, 13;
    %store/vec4 v0x56eb05453e00_0, 0, 13;
    %pushi/vec4 4289576618, 0, 32;
    %store/vec4 v0x56eb05456c20_0, 0, 32;
    %fork TD_tb_ram_sync.do_read_check, S_0x56eb054d2210;
    %join;
    %pushi/vec4 0, 0, 32;
    %store/vec4 v0x56eb055f6700_0, 0, 32;
T_6.0 ;
    %load/vec4 v0x56eb055f6700_0;
    %cmpi/s 8, 0, 32;
    %jmp/0xz T_6.1, 5;
    %load/vec4 v0x56eb055f6700_0;
    %pad/s 13;
    %store/vec4 v0x56eb054570c0_0, 0, 13;
    %pushi/vec4 2684354560, 0, 32;
    %load/vec4 v0x56eb055f6700_0;
    %add;
    %store/vec4 v0x56eb0545ac50_0, 0, 32;
    %pushi/vec4 15, 0, 4;
    %store/vec4 v0x56eb0545a7b0_0, 0, 4;
    %fork TD_tb_ram_sync.do_write, S_0x56eb054d0e00;
    %join;
    %load/vec4 v0x56eb055f6700_0;
    %addi 1, 0, 32;
    %store/vec4 v0x56eb055f6700_0, 0, 32;
    %jmp T_6.0;
T_6.1 ;
    %pushi/vec4 0, 0, 32;
    %store/vec4 v0x56eb055f6700_0, 0, 32;
T_6.2 ;
    %load/vec4 v0x56eb055f6700_0;
    %cmpi/s 8, 0, 32;
    %jmp/0xz T_6.3, 5;
    %load/vec4 v0x56eb055f6700_0;
    %pad/s 13;
    %store/vec4 v0x56eb05453e00_0, 0, 13;
    %pushi/vec4 2684354560, 0, 32;
    %load/vec4 v0x56eb055f6700_0;
    %add;
    %store/vec4 v0x56eb05456c20_0, 0, 32;
    %fork TD_tb_ram_sync.do_read_check, S_0x56eb054d2210;
    %join;
    %load/vec4 v0x56eb055f6700_0;
    %addi 1, 0, 32;
    %store/vec4 v0x56eb055f6700_0, 0, 32;
    %jmp T_6.2;
T_6.3 ;
    %pushi/vec4 8191, 0, 13;
    %store/vec4 v0x56eb054570c0_0, 0, 13;
    %pushi/vec4 3405705229, 0, 32;
    %store/vec4 v0x56eb0545ac50_0, 0, 32;
    %pushi/vec4 15, 0, 4;
    %store/vec4 v0x56eb0545a7b0_0, 0, 4;
    %fork TD_tb_ram_sync.do_write, S_0x56eb054d0e00;
    %join;
    %pushi/vec4 8191, 0, 13;
    %store/vec4 v0x56eb05453e00_0, 0, 13;
    %pushi/vec4 3405705229, 0, 32;
    %store/vec4 v0x56eb05456c20_0, 0, 32;
    %fork TD_tb_ram_sync.do_read_check, S_0x56eb054d2210;
    %join;
    %load/vec4 v0x56eb055f6580_0;
    %cmpi/e 0, 0, 32;
    %jmp/0xz  T_6.4, 4;
    %vpi_call/w 4 102 "$display", "ALL TESTS PASSED" {0 0 0};
    %jmp T_6.5;
T_6.4 ;
    %vpi_call/w 4 104 "$display", "%0d TEST(S) FAILED", v0x56eb055f6580_0 {0 0 0};
T_6.5 ;
    %vpi_call/w 4 106 "$finish" {0 0 0};
    %end;
    .thread T_6;
    .scope S_0x56eb054d2ee0;
T_7 ;
    %delay 10000000, 0;
    %vpi_call/w 4 112 "$display", "TIMEOUT" {0 0 0};
    %vpi_call/w 4 113 "$finish" {0 0 0};
    %end;
    .thread T_7;
# The file index is used to find the file name in the following table.
:file_names 7;
    "N/A";
    "<interactive>";
    "-";
    "aigpdk/aigpdk.v";
    "verif/tb/tb_ram_sync.v";
    "verif/rtl/gatelevel.gv";
    "aigpdk/memlib_yosys_behavior_oneport.v";
