#! /usr/bin/vvp
:ivl_version "12.0 (stable)";
:ivl_delay_selection "TYPICAL";
:vpi_time_precision - 12;
:vpi_module "/usr/lib/x86_64-linux-gnu/ivl/system.vpi";
:vpi_module "/usr/lib/x86_64-linux-gnu/ivl/vhdl_sys.vpi";
:vpi_module "/usr/lib/x86_64-linux-gnu/ivl/vhdl_textio.vpi";
:vpi_module "/usr/lib/x86_64-linux-gnu/ivl/v2005_math.vpi";
:vpi_module "/usr/lib/x86_64-linux-gnu/ivl/va_math.vpi";
:vpi_module "/usr/lib/x86_64-linux-gnu/ivl/v2009.vpi";
S_0x62a8cef36580 .scope package, "$unit" "$unit" 2 1;
 .timescale 0 0;
S_0x62a8cef35740 .scope module, "tb_ram_sync" "tb_ram_sync" 3 7;
 .timescale -9 -12;
v0x62a8cefc4270_0 .var "clk", 0 0;
v0x62a8cefc4330_0 .var/i "errors", 31 0;
v0x62a8cefc4410_0 .var/i "i", 31 0;
v0x62a8cefc4500_0 .var "raddr", 12 0;
v0x62a8cefc45c0_0 .net "rdata", 31 0, L_0x62a8cefd7d30;  1 drivers
v0x62a8cefc4680_0 .var "re", 0 0;
v0x62a8cefc4770_0 .var "waddr", 12 0;
v0x62a8cefc4880_0 .var "wbyte_en", 3 0;
v0x62a8cefc4990_0 .var "wdata", 31 0;
v0x62a8cefc4ae0_0 .var "we", 0 0;
S_0x62a8cef34900 .scope task, "do_read_check" "do_read_check" 3 47, 3 47 0, S_0x62a8cef35740;
 .timescale -9 -12;
v0x62a8cef97fb0_0 .var "a", 12 0;
v0x62a8cef982d0_0 .var "expected", 31 0;
E_0x62a8cedf7810 .event negedge, v0x62a8ceea8f10_0;
TD_tb_ram_sync.do_read_check ;
    %wait E_0x62a8cedf7810;
    %pushi/vec4 1, 0, 1;
    %store/vec4 v0x62a8cefc4680_0, 0, 1;
    %load/vec4 v0x62a8cef97fb0_0;
    %store/vec4 v0x62a8cefc4500_0, 0, 13;
    %wait E_0x62a8cedf7810;
    %pushi/vec4 0, 0, 1;
    %store/vec4 v0x62a8cefc4680_0, 0, 1;
    %load/vec4 v0x62a8cefc45c0_0;
    %load/vec4 v0x62a8cef982d0_0;
    %cmp/ne;
    %jmp/0xz  T_0.0, 6;
    %vpi_call/w 3 55 "$display", "FAIL: addr=%0d expected=%h got=%h", v0x62a8cef97fb0_0, v0x62a8cef982d0_0, v0x62a8cefc45c0_0 {0 0 0};
    %load/vec4 v0x62a8cefc4330_0;
    %addi 1, 0, 32;
    %store/vec4 v0x62a8cefc4330_0, 0, 32;
    %jmp T_0.1;
T_0.0 ;
    %vpi_call/w 3 58 "$display", "PASS: addr=%0d data=%h", v0x62a8cef97fb0_0, v0x62a8cefc45c0_0 {0 0 0};
T_0.1 ;
    %end;
S_0x62a8cef74b10 .scope task, "do_write" "do_write" 3 35, 3 35 0, S_0x62a8cef35740;
 .timescale -9 -12;
v0x62a8cef99140_0 .var "a", 12 0;
v0x62a8cef8efb0_0 .var "be", 3 0;
v0x62a8ceeaa7f0_0 .var "d", 31 0;
TD_tb_ram_sync.do_write ;
    %wait E_0x62a8cedf7810;
    %pushi/vec4 1, 0, 1;
    %store/vec4 v0x62a8cefc4ae0_0, 0, 1;
    %load/vec4 v0x62a8cef8efb0_0;
    %store/vec4 v0x62a8cefc4880_0, 0, 4;
    %load/vec4 v0x62a8cef99140_0;
    %store/vec4 v0x62a8cefc4770_0, 0, 13;
    %load/vec4 v0x62a8ceeaa7f0_0;
    %store/vec4 v0x62a8cefc4990_0, 0, 32;
    %wait E_0x62a8cedf7810;
    %pushi/vec4 0, 0, 1;
    %store/vec4 v0x62a8cefc4ae0_0, 0, 1;
    %end;
S_0x62a8cef74210 .scope module, "dut" "top" 3 21, 4 680 0, S_0x62a8cef35740;
 .timescale 0 0;
    .port_info 0 /INPUT 1 "clk";
    .port_info 1 /INPUT 1 "we";
    .port_info 2 /INPUT 4 "wbyte_en";
    .port_info 3 /INPUT 13 "waddr";
    .port_info 4 /INPUT 32 "wdata";
    .port_info 5 /INPUT 1 "re";
    .port_info 6 /INPUT 13 "raddr";
    .port_info 7 /OUTPUT 32 "rdata";
v0x62a8cefc3b00_0 .net "clk", 0 0, v0x62a8cefc4270_0;  1 drivers
v0x62a8cefc3bc0_0 .net "raddr", 12 0, v0x62a8cefc4500_0;  1 drivers
v0x62a8cefc3c80_0 .net "rdata", 31 0, L_0x62a8cefd7d30;  alias, 1 drivers
v0x62a8cefc3d50_0 .net "re", 0 0, v0x62a8cefc4680_0;  1 drivers
v0x62a8cefc3e20_0 .net "waddr", 12 0, v0x62a8cefc4770_0;  1 drivers
v0x62a8cefc3f10_0 .net "wbyte_en", 3 0, v0x62a8cefc4880_0;  1 drivers
v0x62a8cefc3fe0_0 .net "wdata", 31 0, v0x62a8cefc4990_0;  1 drivers
v0x62a8cefc40b0_0 .net "we", 0 0, v0x62a8cefc4ae0_0;  1 drivers
S_0x62a8cef73010 .scope module, "u_ram" "ram_sync" 4 697, 4 3 0, S_0x62a8cef74210;
 .timescale 0 0;
    .port_info 0 /INPUT 1 "clk";
    .port_info 1 /INPUT 1 "we";
    .port_info 2 /INPUT 4 "wbyte_en";
    .port_info 3 /INPUT 13 "waddr";
    .port_info 4 /INPUT 32 "wdata";
    .port_info 5 /INPUT 1 "re";
    .port_info 6 /INPUT 13 "raddr";
    .port_info 7 /OUTPUT 32 "rdata";
L_0x62a8cef981b0 .functor AND 1, L_0x62a8cefc4d00, L_0x62a8cefc4bd0, C4<1>, C4<1>;
L_0x62a8cef99020 .functor AND 1, L_0x62a8cefc4e90, L_0x62a8cefc4bd0, C4<1>, C4<1>;
L_0x62a8cef88b20 .functor AND 1, L_0x62a8cefc4f80, L_0x62a8cefc4bd0, C4<1>, C4<1>;
L_0x62a8ceeaa6d0 .functor AND 1, L_0x62a8cefc5140, L_0x62a8cefc4bd0, C4<1>, C4<1>;
L_0x62a8ceeaac80 .functor AND 1, L_0x62a8cefc5210, L_0x62a8cefc4bd0, C4<1>, C4<1>;
L_0x62a8ceea8d70 .functor AND 1, L_0x62a8cefc5340, L_0x62a8cefc4bd0, C4<1>, C4<1>;
L_0x62a8cedf8fe0 .functor AND 1, L_0x62a8cefc5470, L_0x62a8cefc4bd0, C4<1>, C4<1>;
L_0x62a8cefc5650 .functor AND 1, L_0x62a8cefc55b0, L_0x62a8cefc4bd0, C4<1>, C4<1>;
L_0x62a8cefc5860 .functor AND 1, L_0x62a8cefc5760, L_0x62a8cefc4bd0, C4<1>, C4<1>;
L_0x62a8cefc5970 .functor AND 1, L_0x62a8cefc58d0, L_0x62a8cefc4bd0, C4<1>, C4<1>;
L_0x62a8cefc5ba0 .functor AND 1, L_0x62a8cefc5a90, L_0x62a8cefc4bd0, C4<1>, C4<1>;
L_0x62a8cefc5ce0 .functor AND 1, L_0x62a8cefc5c40, L_0x62a8cefc4bd0, C4<1>, C4<1>;
L_0x62a8cefc5b30 .functor AND 1, L_0x62a8cefc5e40, L_0x62a8cefc4bd0, C4<1>, C4<1>;
L_0x62a8cefc6080 .functor AND 1, L_0x62a8cefc5fe0, L_0x62a8cefc4bd0, C4<1>, C4<1>;
L_0x62a8cefc5dd0 .functor AND 1, L_0x62a8cefc61f0, L_0x62a8cefc4bd0, C4<1>, C4<1>;
L_0x62a8cefc6650 .functor AND 1, L_0x62a8cefc65b0, L_0x62a8cefc4bd0, C4<1>, C4<1>;
L_0x62a8cefc6910 .functor AND 1, L_0x62a8cefc67d0, L_0x62a8cefc4bd0, C4<1>, C4<1>;
L_0x62a8cefc6aa0 .functor AND 1, L_0x62a8cefc6a00, L_0x62a8cefc4bd0, C4<1>, C4<1>;
L_0x62a8cefc6d80 .functor AND 1, L_0x62a8cefc6c30, L_0x62a8cefc4bd0, C4<1>, C4<1>;
L_0x62a8cefc6e70 .functor AND 1, L_0x62a8cefc6870, L_0x62a8cefc4bd0, C4<1>, C4<1>;
L_0x62a8cefc70d0 .functor AND 1, L_0x62a8cefc6b90, L_0x62a8cefc4bd0, C4<1>, C4<1>;
L_0x62a8cefc7260 .functor AND 1, L_0x62a8cefc71c0, L_0x62a8cefc4bd0, C4<1>, C4<1>;
L_0x62a8cefc7580 .functor AND 1, L_0x62a8cefc7410, L_0x62a8cefc4bd0, C4<1>, C4<1>;
L_0x62a8cefc7710 .functor AND 1, L_0x62a8cefc7670, L_0x62a8cefc4bd0, C4<1>, C4<1>;
L_0x62a8cefc7a50 .functor AND 1, L_0x62a8cefc78d0, L_0x62a8cefc4bd0, C4<1>, C4<1>;
L_0x62a8cefc7be0 .functor AND 1, L_0x62a8cefc7b40, L_0x62a8cefc4bd0, C4<1>, C4<1>;
L_0x62a8cefc7f40 .functor AND 1, L_0x62a8cefc7db0, L_0x62a8cefc4bd0, C4<1>, C4<1>;
L_0x62a8cefc80d0 .functor AND 1, L_0x62a8cefc8030, L_0x62a8cefc4bd0, C4<1>, C4<1>;
L_0x62a8cefc8450 .functor AND 1, L_0x62a8cefc82b0, L_0x62a8cefc4bd0, C4<1>, C4<1>;
L_0x62a8cefc85e0 .functor AND 1, L_0x62a8cefc8540, L_0x62a8cefc4bd0, C4<1>, C4<1>;
L_0x62a8cefc8980 .functor AND 1, L_0x62a8cefc87d0, L_0x62a8cefc4bd0, C4<1>, C4<1>;
L_0x62a8cefc6170 .functor AND 1, L_0x62a8cefc8e80, L_0x62a8cefc4bd0, C4<1>, C4<1>;
L_0x62a8cefeb620 .functor OR 1, L_0x62a8cefeb4e0, L_0x62a8cefeb580, C4<0>, C4<0>;
L_0x62a8cefeb8c0 .functor OR 1, L_0x62a8cefeb730, L_0x62a8cefeb820, C4<0>, C4<0>;
L_0x62a8cefebc30 .functor OR 1, L_0x62a8cefebaf0, L_0x62a8cefebb90, C4<0>, C4<0>;
L_0x62a8cefebe80 .functor OR 1, L_0x62a8cefebd40, L_0x62a8cefebde0, C4<0>, C4<0>;
L_0x62a8cefec110 .functor OR 1, L_0x62a8cefeb9d0, L_0x62a8cefec070, C4<0>, C4<0>;
L_0x62a8cefec750 .functor OR 1, L_0x62a8cefed520, L_0x62a8cefec6b0, C4<0>, C4<0>;
L_0x62a8cefecae0 .functor OR 1, L_0x62a8cefec9a0, L_0x62a8cefeca40, C4<0>, C4<0>;
L_0x62a8cefecd30 .functor OR 1, L_0x62a8cefecbf0, L_0x62a8cefecc90, C4<0>, C4<0>;
L_0x62a8cefed0d0 .functor OR 1, L_0x62a8cefecf90, L_0x62a8cefed030, C4<0>, C4<0>;
L_0x62a8cefed320 .functor OR 1, L_0x62a8cefed1e0, L_0x62a8cefed280, C4<0>, C4<0>;
L_0x62a8cefed660 .functor OR 1, L_0x62a8cefed430, L_0x62a8cefed5c0, C4<0>, C4<0>;
L_0x62a8cefed890 .functor OR 1, L_0x62a8cefed750, L_0x62a8cefed7f0, C4<0>, C4<0>;
L_0x62a8cefedc80 .functor OR 1, L_0x62a8cefedb40, L_0x62a8cefedbe0, C4<0>, C4<0>;
L_0x62a8cefedf00 .functor OR 1, L_0x62a8cefeddc0, L_0x62a8cefede60, C4<0>, C4<0>;
L_0x62a8cefee300 .functor OR 1, L_0x62a8cefee1c0, L_0x62a8cefee260, C4<0>, C4<0>;
L_0x62a8cefee680 .functor OR 1, L_0x62a8cefef4f0, L_0x62a8cefee5e0, C4<0>, C4<0>;
L_0x62a8cefeea90 .functor OR 1, L_0x62a8cefee950, L_0x62a8cefee9f0, C4<0>, C4<0>;
L_0x62a8cefeed10 .functor OR 1, L_0x62a8cefeebd0, L_0x62a8cefeec70, C4<0>, C4<0>;
L_0x62a8cefef130 .functor OR 1, L_0x62a8cefeeff0, L_0x62a8cefef090, C4<0>, C4<0>;
L_0x62a8cefef3b0 .functor OR 1, L_0x62a8cefef270, L_0x62a8cefef310, C4<0>, C4<0>;
L_0x62a8cefef630 .functor OR 1, L_0x62a8ceff06a0, L_0x62a8cefef590, C4<0>, C4<0>;
L_0x62a8cefef8b0 .functor OR 1, L_0x62a8cefef770, L_0x62a8cefef810, C4<0>, C4<0>;
L_0x62a8cefefcf0 .functor OR 1, L_0x62a8cefefbb0, L_0x62a8cefefc50, C4<0>, C4<0>;
L_0x62a8cefeff70 .functor OR 1, L_0x62a8cefefe30, L_0x62a8cefefed0, C4<0>, C4<0>;
L_0x62a8ceff03c0 .functor OR 1, L_0x62a8ceff0280, L_0x62a8ceff0320, C4<0>, C4<0>;
L_0x62a8ceff07e0 .functor OR 1, L_0x62a8ceff16f0, L_0x62a8ceff0740, C4<0>, C4<0>;
L_0x62a8ceff0c10 .functor OR 1, L_0x62a8ceff0ad0, L_0x62a8ceff0b70, C4<0>, C4<0>;
L_0x62a8ceff0e90 .functor OR 1, L_0x62a8ceff0d50, L_0x62a8ceff0df0, C4<0>, C4<0>;
L_0x62a8ceff1300 .functor OR 1, L_0x62a8ceff11c0, L_0x62a8ceff1260, C4<0>, C4<0>;
L_0x62a8ceff1580 .functor OR 1, L_0x62a8ceff1440, L_0x62a8ceff14e0, C4<0>, C4<0>;
L_0x62a8ceff1830 .functor OR 1, L_0x62a8ceff2990, L_0x62a8ceff1790, C4<0>, C4<0>;
L_0x62a8cefec220 .functor OR 1, L_0x62a8ceff1940, L_0x62a8ceff1df0, C4<0>, C4<0>;
L_0x62a8ceff2a30 .functor OR 1, L_0x62a8cefeb620, L_0x62a8ceff3c60, C4<0>, C4<0>;
L_0x62a8ceff2b90 .functor OR 1, L_0x62a8cefeb8c0, L_0x62a8ceff2af0, C4<0>, C4<0>;
L_0x62a8ceff2f60 .functor OR 1, L_0x62a8cefebc30, L_0x62a8ceff2ec0, C4<0>, C4<0>;
L_0x62a8ceff3110 .functor OR 1, L_0x62a8cefebe80, L_0x62a8ceff3070, C4<0>, C4<0>;
L_0x62a8ceff34f0 .functor OR 1, L_0x62a8cefec110, L_0x62a8ceff3450, C4<0>, C4<0>;
L_0x62a8ceff36a0 .functor OR 1, L_0x62a8cefec750, L_0x62a8ceff3600, C4<0>, C4<0>;
L_0x62a8ceff3d00 .functor OR 1, L_0x62a8cefecae0, L_0x62a8ceff4d50, C4<0>, C4<0>;
L_0x62a8ceff3eb0 .functor OR 1, L_0x62a8cefecd30, L_0x62a8ceff3e10, C4<0>, C4<0>;
L_0x62a8ceff4060 .functor OR 1, L_0x62a8cefed0d0, L_0x62a8ceff3fc0, C4<0>, C4<0>;
L_0x62a8ceff41c0 .functor OR 1, L_0x62a8cefed320, L_0x62a8ceff4120, C4<0>, C4<0>;
L_0x62a8ceff45d0 .functor OR 1, L_0x62a8cefed660, L_0x62a8ceff4530, C4<0>, C4<0>;
L_0x62a8ceff4780 .functor OR 1, L_0x62a8cefed890, L_0x62a8ceff46e0, C4<0>, C4<0>;
L_0x62a8ceff4ba0 .functor OR 1, L_0x62a8cefedc80, L_0x62a8ceff4b00, C4<0>, C4<0>;
L_0x62a8ceff5e80 .functor OR 1, L_0x62a8cefedf00, L_0x62a8ceff4cb0, C4<0>, C4<0>;
L_0x62a8ceff4df0 .functor OR 1, L_0x62a8cefee300, L_0x62a8ceff6210, C4<0>, C4<0>;
L_0x62a8ceff4fa0 .functor OR 1, L_0x62a8cefee680, L_0x62a8ceff4f00, C4<0>, C4<0>;
L_0x62a8ceff53e0 .functor OR 1, L_0x62a8cefeea90, L_0x62a8ceff5340, C4<0>, C4<0>;
L_0x62a8ceff5590 .functor OR 1, L_0x62a8cefeed10, L_0x62a8ceff54f0, C4<0>, C4<0>;
L_0x62a8ceff59e0 .functor OR 1, L_0x62a8cefef130, L_0x62a8ceff5940, C4<0>, C4<0>;
L_0x62a8ceff5b90 .functor OR 1, L_0x62a8cefef3b0, L_0x62a8ceff5af0, C4<0>, C4<0>;
L_0x62a8ceff5d40 .functor OR 1, L_0x62a8cefef630, L_0x62a8ceff5ca0, C4<0>, C4<0>;
L_0x62a8ceff6350 .functor OR 1, L_0x62a8cefef8b0, L_0x62a8ceff62b0, C4<0>, C4<0>;
L_0x62a8ceff67c0 .functor OR 1, L_0x62a8cefefcf0, L_0x62a8ceff6720, C4<0>, C4<0>;
L_0x62a8ceff6970 .functor OR 1, L_0x62a8cefeff70, L_0x62a8ceff68d0, C4<0>, C4<0>;
L_0x62a8ceff6df0 .functor OR 1, L_0x62a8ceff03c0, L_0x62a8ceff6d50, C4<0>, C4<0>;
L_0x62a8ceff6fa0 .functor OR 1, L_0x62a8ceff07e0, L_0x62a8ceff6f00, C4<0>, C4<0>;
L_0x62a8ceff7150 .functor OR 1, L_0x62a8ceff0c10, L_0x62a8ceff70b0, C4<0>, C4<0>;
L_0x62a8ceff7300 .functor OR 1, L_0x62a8ceff0e90, L_0x62a8ceff7260, C4<0>, C4<0>;
L_0x62a8ceff7a50 .functor OR 1, L_0x62a8ceff1300, L_0x62a8ceff79b0, C4<0>, C4<0>;
L_0x62a8ceff7c00 .functor OR 1, L_0x62a8ceff1580, L_0x62a8ceff7b60, C4<0>, C4<0>;
L_0x62a8ceff80b0 .functor OR 1, L_0x62a8ceff1830, L_0x62a8ceff8010, C4<0>, C4<0>;
L_0x62a8ceff8260 .functor OR 1, L_0x62a8cefec220, L_0x62a8ceff81c0, C4<0>, C4<0>;
L_0x62a8ceff8680 .functor OR 1, L_0x62a8ceff2a30, L_0x62a8ceffa320, C4<0>, C4<0>;
L_0x62a8ceff8b30 .functor OR 1, L_0x62a8ceff2b90, L_0x62a8ceff8a90, C4<0>, C4<0>;
L_0x62a8ceff9000 .functor OR 1, L_0x62a8ceff2f60, L_0x62a8ceff8f60, C4<0>, C4<0>;
L_0x62a8ceff91b0 .functor OR 1, L_0x62a8ceff3110, L_0x62a8ceff9110, C4<0>, C4<0>;
L_0x62a8ceff9690 .functor OR 1, L_0x62a8ceff34f0, L_0x62a8ceff95f0, C4<0>, C4<0>;
L_0x62a8ceff9840 .functor OR 1, L_0x62a8ceff36a0, L_0x62a8ceff97a0, C4<0>, C4<0>;
L_0x62a8ceff99f0 .functor OR 1, L_0x62a8ceff3d00, L_0x62a8ceff9950, C4<0>, C4<0>;
L_0x62a8ceffa460 .functor OR 1, L_0x62a8ceff3eb0, L_0x62a8ceffa3c0, C4<0>, C4<0>;
L_0x62a8ceffa960 .functor OR 1, L_0x62a8ceff4060, L_0x62a8ceffa8c0, C4<0>, C4<0>;
L_0x62a8ceffab10 .functor OR 1, L_0x62a8ceff41c0, L_0x62a8ceffaa70, C4<0>, C4<0>;
L_0x62a8ceffb020 .functor OR 1, L_0x62a8ceff45d0, L_0x62a8ceffaf80, C4<0>, C4<0>;
L_0x62a8ceffb1d0 .functor OR 1, L_0x62a8ceff4780, L_0x62a8ceffb130, C4<0>, C4<0>;
L_0x62a8ceffb380 .functor OR 1, L_0x62a8ceff4ba0, L_0x62a8ceffb2e0, C4<0>, C4<0>;
L_0x62a8ceffb8f0 .functor OR 1, L_0x62a8ceff5e80, L_0x62a8ceffb850, C4<0>, C4<0>;
L_0x62a8ceffbe20 .functor OR 1, L_0x62a8ceff4df0, L_0x62a8ceffbd80, C4<0>, C4<0>;
L_0x62a8ceffbfd0 .functor OR 1, L_0x62a8ceff4fa0, L_0x62a8ceffbf30, C4<0>, C4<0>;
L_0x62a8ceffc510 .functor OR 1, L_0x62a8ceff53e0, L_0x62a8ceffc470, C4<0>, C4<0>;
L_0x62a8ceffc6c0 .functor OR 1, L_0x62a8ceff5590, L_0x62a8ceffc620, C4<0>, C4<0>;
L_0x62a8ceffb490 .functor OR 1, L_0x62a8ceff59e0, L_0x62a8ceffc7d0, C4<0>, C4<0>;
L_0x62a8ceffcd40 .functor OR 1, L_0x62a8ceff5b90, L_0x62a8ceffc910, C4<0>, C4<0>;
L_0x62a8ceffd2a0 .functor OR 1, L_0x62a8ceff5d40, L_0x62a8ceffd200, C4<0>, C4<0>;
L_0x62a8ceffd450 .functor OR 1, L_0x62a8ceff6350, L_0x62a8ceffd3b0, C4<0>, C4<0>;
L_0x62a8ceffd9c0 .functor OR 1, L_0x62a8ceff67c0, L_0x62a8ceffd920, C4<0>, C4<0>;
L_0x62a8ceffdb70 .functor OR 1, L_0x62a8ceff6970, L_0x62a8ceffdad0, C4<0>, C4<0>;
L_0x62a8ceffdd20 .functor OR 1, L_0x62a8ceff6df0, L_0x62a8ceffdc80, C4<0>, C4<0>;
L_0x62a8ceffe290 .functor OR 1, L_0x62a8ceff6fa0, L_0x62a8ceffde30, C4<0>, C4<0>;
L_0x62a8ceffe820 .functor OR 1, L_0x62a8ceff7150, L_0x62a8ceffe780, C4<0>, C4<0>;
L_0x62a8ceffe9d0 .functor OR 1, L_0x62a8ceff7300, L_0x62a8ceffe930, C4<0>, C4<0>;
L_0x62a8ceffef70 .functor OR 1, L_0x62a8ceff7a50, L_0x62a8ceffeed0, C4<0>, C4<0>;
L_0x62a8cefff120 .functor OR 1, L_0x62a8ceff7c00, L_0x62a8cefff080, C4<0>, C4<0>;
L_0x62a8cefff2d0 .functor OR 1, L_0x62a8ceff80b0, L_0x62a8cefff230, C4<0>, C4<0>;
L_0x62a8cefff3e0 .functor OR 1, L_0x62a8ceff8260, L_0x62a8cefff840, C4<0>, C4<0>;
L_0x62a8cf013670 .functor BUFZ 32, v0x62a8cef70c10_0, C4<00000000000000000000000000000000>, C4<00000000000000000000000000000000>, C4<00000000000000000000000000000000>;
v0x62a8cef6e830_0 .net "_000_", 31 0, L_0x62a8cf001a30;  1 drivers
v0x62a8cef6df10_0 .net "_001_", 31 0, L_0x62a8cf0018f0;  1 drivers
v0x62a8cef6dff0_0 .net "_002_", 31 0, L_0x62a8cf0017d0;  1 drivers
v0x62a8cef6d610_0 .net "_003_", 31 0, L_0x62a8cf0016b0;  1 drivers
v0x62a8cef6d6f0_0 .net "_004_", 31 0, L_0x62a8cf001590;  1 drivers
v0x62a8cef6cd10_0 .net "_005_", 31 0, L_0x62a8cf0014f0;  1 drivers
v0x62a8cef6cdf0_0 .net "_006_", 31 0, L_0x62a8cf001400;  1 drivers
v0x62a8cef6c410_0 .net "_007_", 31 0, L_0x62a8cf001310;  1 drivers
v0x62a8cef6c4f0_0 .net "_008_", 31 0, L_0x62a8cf001220;  1 drivers
v0x62a8cef6bb10_0 .net "_009_", 31 0, L_0x62a8cf000830;  1 drivers
v0x62a8cef6bbd0_0 .net "_010_", 31 0, L_0x62a8cf0134e0;  1 drivers
v0x62a8cef6b210_0 .net "_011_", 31 0, L_0x62a8cf013030;  1 drivers
v0x62a8cef6b2f0_0 .net "_012_", 31 0, L_0x62a8cf012c70;  1 drivers
v0x62a8cef6a930_0 .net "_013_", 31 0, L_0x62a8cf012680;  1 drivers
v0x62a8cef6aa10_0 .net "_014_", 31 0, L_0x62a8cf0122c0;  1 drivers
v0x62a8cef6a050_0 .net "_015_", 31 0, L_0x62a8cf001e00;  1 drivers
v0x62a8cef69710_0 .var "_016_", 31 0;
v0x62a8cef697f0_0 .net "_017_", 31 0, L_0x62a8cf013670;  1 drivers
v0x62a8cef68e10_0 .var "_018_", 0 0;
v0x62a8cef68ef0_0 .var "_019_", 0 0;
v0x62a8cef68510_0 .var "_020_", 0 0;
v0x62a8cef685f0_0 .var "_021_", 0 0;
v0x62a8cef67c10_0 .var "_022_", 0 0;
v0x62a8cef67cd0_0 .var "_023_", 0 0;
v0x62a8cef67310_0 .var "_024_", 0 0;
v0x62a8cef673f0_0 .var "_025_", 0 0;
v0x62a8cef66a30_0 .var "_026_", 0 0;
v0x62a8cef66b10_0 .var "_027_", 0 0;
v0x62a8cef66150_0 .var "_028_", 0 0;
v0x62a8cef65810_0 .var "_029_", 0 0;
v0x62a8cef658f0_0 .var "_030_", 0 0;
v0x62a8cef64f10_0 .var "_031_", 0 0;
v0x62a8cef64ff0_0 .var "_032_", 0 0;
v0x62a8cef64610_0 .var "_033_", 0 0;
v0x62a8cef646f0_0 .var "_034_", 0 0;
v0x62a8cef63d10_0 .var "_035_", 0 0;
v0x62a8cef63dd0_0 .var "_036_", 0 0;
v0x62a8cef63410_0 .var "_037_", 0 0;
v0x62a8cef634f0_0 .var "_038_", 0 0;
v0x62a8cef62b30_0 .var "_039_", 0 0;
v0x62a8cef62c10_0 .var "_040_", 0 0;
v0x62a8cef62250_0 .var "_041_", 0 0;
v0x62a8cef61910_0 .var "_042_", 0 0;
v0x62a8cef619f0_0 .var "_043_", 0 0;
v0x62a8cef61010_0 .var "_044_", 0 0;
v0x62a8cef610f0_0 .var "_045_", 0 0;
v0x62a8cef60710_0 .var "_046_", 0 0;
v0x62a8cef607f0_0 .var "_047_", 0 0;
v0x62a8cef5fe10_0 .var "_048_", 0 0;
v0x62a8cef5fed0_0 .var "_049_", 0 0;
v0x62a8cef5f510_0 .net "_050_", 31 0, L_0x62a8cefd5fc0;  1 drivers
v0x62a8cef5f5f0_0 .var "_051_", 31 0;
v0x62a8ceebd0e0_0 .var "_052_", 0 0;
v0x62a8ceebd1c0_0 .var "_053_", 31 0;
v0x62a8cef5ec30_0 .var "_054_", 12 0;
v0x62a8cef5ecd0_0 .var "_055_", 31 0;
v0x62a8cef5e310_0 .net "_056_", 31 0, v0x62a8cef70c10_0;  1 drivers
v0x62a8cef5e3e0_0 .net "_057_", 0 0, L_0x62a8cef981b0;  1 drivers
v0x62a8cef5da10_0 .net "_058_", 0 0, L_0x62a8cef99020;  1 drivers
v0x62a8cef5dad0_0 .net "_059_", 0 0, L_0x62a8cef88b20;  1 drivers
v0x62a8cef5d110_0 .net "_060_", 0 0, L_0x62a8ceeaa6d0;  1 drivers
v0x62a8cef5d1d0_0 .net "_061_", 0 0, L_0x62a8ceeaac80;  1 drivers
v0x62a8cef5c810_0 .net "_062_", 0 0, L_0x62a8ceea8d70;  1 drivers
v0x62a8cef5c8b0_0 .net "_063_", 0 0, L_0x62a8cedf8fe0;  1 drivers
v0x62a8cef5bf10_0 .net "_064_", 0 0, L_0x62a8cefc5650;  1 drivers
v0x62a8cef5bfb0_0 .net "_065_", 0 0, L_0x62a8cefc5860;  1 drivers
v0x62a8cef5b610_0 .net "_066_", 0 0, L_0x62a8cefc5970;  1 drivers
v0x62a8cef5b6d0_0 .net "_067_", 0 0, L_0x62a8cefc5ba0;  1 drivers
v0x62a8cef5ad10_0 .net "_068_", 0 0, L_0x62a8cefc5ce0;  1 drivers
v0x62a8cef5adb0_0 .net "_069_", 0 0, L_0x62a8cefc5b30;  1 drivers
v0x62a8cef5a410_0 .net "_070_", 0 0, L_0x62a8cefc6080;  1 drivers
v0x62a8cef5a4d0_0 .net "_071_", 0 0, L_0x62a8cefc5dd0;  1 drivers
v0x62a8cef59b10_0 .net "_072_", 0 0, L_0x62a8cefc6650;  1 drivers
v0x62a8cef59bb0_0 .net "_073_", 0 0, L_0x62a8cefc6910;  1 drivers
v0x62a8ceebc7c0_0 .net "_074_", 0 0, L_0x62a8cefc6aa0;  1 drivers
v0x62a8ceebc880_0 .net "_075_", 0 0, L_0x62a8cefc6d80;  1 drivers
v0x62a8cef59210_0 .net "_076_", 0 0, L_0x62a8cefc6e70;  1 drivers
v0x62a8cef592b0_0 .net "_077_", 0 0, L_0x62a8cefc70d0;  1 drivers
v0x62a8cef58910_0 .net "_078_", 0 0, L_0x62a8cefc7260;  1 drivers
v0x62a8cef589d0_0 .net "_079_", 0 0, L_0x62a8cefc7580;  1 drivers
v0x62a8cef58010_0 .net "_080_", 0 0, L_0x62a8cefc7710;  1 drivers
v0x62a8cef580b0_0 .net "_081_", 0 0, L_0x62a8cefc7a50;  1 drivers
v0x62a8cef57710_0 .net "_082_", 0 0, L_0x62a8cefc7be0;  1 drivers
v0x62a8cef577d0_0 .net "_083_", 0 0, L_0x62a8cefc7f40;  1 drivers
v0x62a8cef56e10_0 .net "_084_", 0 0, L_0x62a8cefc80d0;  1 drivers
v0x62a8cef56eb0_0 .net "_085_", 0 0, L_0x62a8cefc8450;  1 drivers
v0x62a8cef56510_0 .net "_086_", 0 0, L_0x62a8cefc85e0;  1 drivers
v0x62a8cef565d0_0 .net "_087_", 0 0, L_0x62a8cefc8980;  1 drivers
v0x62a8cef55750_0 .net "_088_", 0 0, L_0x62a8cefc6170;  1 drivers
v0x62a8cef557f0_0 .net "_089_", 0 0, L_0x62a8cefeb620;  1 drivers
v0x62a8cef54990_0 .net "_090_", 0 0, L_0x62a8cefeb8c0;  1 drivers
v0x62a8cef54a50_0 .net "_091_", 0 0, L_0x62a8cefebc30;  1 drivers
v0x62a8cef53bd0_0 .net "_092_", 0 0, L_0x62a8cefebe80;  1 drivers
v0x62a8cef53c70_0 .net "_093_", 0 0, L_0x62a8cefec110;  1 drivers
v0x62a8ceebbec0_0 .net "_094_", 0 0, L_0x62a8cefec750;  1 drivers
v0x62a8ceebbf80_0 .net "_095_", 0 0, L_0x62a8cefecae0;  1 drivers
v0x62a8ceeacbc0_0 .net "_096_", 0 0, L_0x62a8cefecd30;  1 drivers
v0x62a8ceeacc60_0 .net "_097_", 0 0, L_0x62a8cefed0d0;  1 drivers
v0x62a8cef52e10_0 .net "_098_", 0 0, L_0x62a8cefed320;  1 drivers
v0x62a8cef52ed0_0 .net "_099_", 0 0, L_0x62a8cefed660;  1 drivers
v0x62a8cef52050_0 .net "_100_", 0 0, L_0x62a8cefed890;  1 drivers
v0x62a8cef520f0_0 .net "_101_", 0 0, L_0x62a8cefedc80;  1 drivers
v0x62a8cef51290_0 .net "_102_", 0 0, L_0x62a8cefedf00;  1 drivers
v0x62a8cef51350_0 .net "_103_", 0 0, L_0x62a8cefee300;  1 drivers
v0x62a8cef504d0_0 .net "_104_", 0 0, L_0x62a8cefee680;  1 drivers
v0x62a8cef50570_0 .net "_105_", 0 0, L_0x62a8cefeea90;  1 drivers
v0x62a8cef4f710_0 .net "_106_", 0 0, L_0x62a8cefeed10;  1 drivers
v0x62a8cef4f7d0_0 .net "_107_", 0 0, L_0x62a8cefef130;  1 drivers
v0x62a8cef4e950_0 .net "_108_", 0 0, L_0x62a8cefef3b0;  1 drivers
v0x62a8cef4e9f0_0 .net "_109_", 0 0, L_0x62a8cefef630;  1 drivers
v0x62a8ceebb5c0_0 .net "_110_", 0 0, L_0x62a8cefef8b0;  1 drivers
v0x62a8ceebb680_0 .net "_111_", 0 0, L_0x62a8cefefcf0;  1 drivers
v0x62a8cef4db90_0 .net "_112_", 0 0, L_0x62a8cefeff70;  1 drivers
v0x62a8cef4dc30_0 .net "_113_", 0 0, L_0x62a8ceff03c0;  1 drivers
v0x62a8cef4cdd0_0 .net "_114_", 0 0, L_0x62a8ceff07e0;  1 drivers
v0x62a8cef4ce90_0 .net "_115_", 0 0, L_0x62a8ceff0c10;  1 drivers
v0x62a8cef4c010_0 .net "_116_", 0 0, L_0x62a8ceff0e90;  1 drivers
v0x62a8cef4c0b0_0 .net "_117_", 0 0, L_0x62a8ceff1300;  1 drivers
v0x62a8cef4b250_0 .net "_118_", 0 0, L_0x62a8ceff1580;  1 drivers
v0x62a8cef4b310_0 .net "_119_", 0 0, L_0x62a8ceff1830;  1 drivers
v0x62a8cef4a490_0 .net "_120_", 0 0, L_0x62a8cefec220;  1 drivers
v0x62a8cef4a530_0 .net "_121_", 0 0, L_0x62a8ceff2a30;  1 drivers
v0x62a8cef496d0_0 .net "_122_", 0 0, L_0x62a8ceff2b90;  1 drivers
v0x62a8cef49790_0 .net "_123_", 0 0, L_0x62a8ceff2f60;  1 drivers
v0x62a8cef48910_0 .net "_124_", 0 0, L_0x62a8ceff3110;  1 drivers
v0x62a8cef489b0_0 .net "_125_", 0 0, L_0x62a8ceff34f0;  1 drivers
v0x62a8ceebacc0_0 .net "_126_", 0 0, L_0x62a8ceff36a0;  1 drivers
v0x62a8ceebad80_0 .net "_127_", 0 0, L_0x62a8ceff3d00;  1 drivers
v0x62a8cef47b50_0 .net "_128_", 0 0, L_0x62a8ceff3eb0;  1 drivers
v0x62a8cef47bf0_0 .net "_129_", 0 0, L_0x62a8ceff4060;  1 drivers
v0x62a8cef46d90_0 .net "_130_", 0 0, L_0x62a8ceff41c0;  1 drivers
v0x62a8cef46e50_0 .net "_131_", 0 0, L_0x62a8ceff45d0;  1 drivers
v0x62a8cef45fd0_0 .net "_132_", 0 0, L_0x62a8ceff4780;  1 drivers
v0x62a8cef46070_0 .net "_133_", 0 0, L_0x62a8ceff4ba0;  1 drivers
v0x62a8cef45210_0 .net "_134_", 0 0, L_0x62a8ceff5e80;  1 drivers
v0x62a8cef452d0_0 .net "_135_", 0 0, L_0x62a8ceff4df0;  1 drivers
v0x62a8cef44450_0 .net "_136_", 0 0, L_0x62a8ceff4fa0;  1 drivers
v0x62a8cef444f0_0 .net "_137_", 0 0, L_0x62a8ceff53e0;  1 drivers
v0x62a8cef43690_0 .net "_138_", 0 0, L_0x62a8ceff5590;  1 drivers
v0x62a8cef43750_0 .net "_139_", 0 0, L_0x62a8ceff59e0;  1 drivers
v0x62a8cef428d0_0 .net "_140_", 0 0, L_0x62a8ceff5b90;  1 drivers
v0x62a8cef42970_0 .net "_141_", 0 0, L_0x62a8ceff5d40;  1 drivers
v0x62a8ceeba3c0_0 .net "_142_", 0 0, L_0x62a8ceff6350;  1 drivers
v0x62a8ceeba480_0 .net "_143_", 0 0, L_0x62a8ceff67c0;  1 drivers
v0x62a8cef41b10_0 .net "_144_", 0 0, L_0x62a8ceff6970;  1 drivers
v0x62a8cef41bb0_0 .net "_145_", 0 0, L_0x62a8ceff6df0;  1 drivers
v0x62a8cef40d50_0 .net "_146_", 0 0, L_0x62a8ceff6fa0;  1 drivers
v0x62a8cef40e10_0 .net "_147_", 0 0, L_0x62a8ceff7150;  1 drivers
v0x62a8cef3ff90_0 .net "_148_", 0 0, L_0x62a8ceff7300;  1 drivers
v0x62a8cef40030_0 .net "_149_", 0 0, L_0x62a8ceff7a50;  1 drivers
v0x62a8cef3f1d0_0 .net "_150_", 0 0, L_0x62a8ceff7c00;  1 drivers
v0x62a8cef3f290_0 .net "_151_", 0 0, L_0x62a8ceff80b0;  1 drivers
v0x62a8cef3e410_0 .net "_152_", 0 0, L_0x62a8ceff8260;  1 drivers
v0x62a8cef3e4b0_0 .net "_153_", 0 0, L_0x62a8ceff8680;  1 drivers
v0x62a8cef3d650_0 .net "_154_", 0 0, L_0x62a8ceff8b30;  1 drivers
v0x62a8cef3d710_0 .net "_155_", 0 0, L_0x62a8ceff9000;  1 drivers
v0x62a8ceeb9ac0_0 .net "_156_", 0 0, L_0x62a8ceff91b0;  1 drivers
v0x62a8ceeb9b60_0 .net "_157_", 0 0, L_0x62a8ceff9690;  1 drivers
v0x62a8cef3c890_0 .net "_158_", 0 0, L_0x62a8ceff9840;  1 drivers
v0x62a8cef3c950_0 .net "_159_", 0 0, L_0x62a8ceff99f0;  1 drivers
v0x62a8cef3bad0_0 .net "_160_", 0 0, L_0x62a8ceffa460;  1 drivers
v0x62a8cef3bb70_0 .net "_161_", 0 0, L_0x62a8ceffa960;  1 drivers
v0x62a8cee87550_0 .net "_162_", 0 0, L_0x62a8ceffab10;  1 drivers
v0x62a8cee87610_0 .net "_163_", 0 0, L_0x62a8ceffb020;  1 drivers
v0x62a8cee876d0_0 .net "_164_", 0 0, L_0x62a8ceffb1d0;  1 drivers
v0x62a8cee87790_0 .net "_165_", 0 0, L_0x62a8ceffb380;  1 drivers
v0x62a8cee87850_0 .net "_166_", 0 0, L_0x62a8ceffb8f0;  1 drivers
v0x62a8cee87910_0 .net "_167_", 0 0, L_0x62a8ceffbe20;  1 drivers
v0x62a8cee842f0_0 .net "_168_", 0 0, L_0x62a8ceffbfd0;  1 drivers
v0x62a8cee843b0_0 .net "_169_", 0 0, L_0x62a8ceffc510;  1 drivers
v0x62a8cee84470_0 .net "_170_", 0 0, L_0x62a8ceffc6c0;  1 drivers
v0x62a8cee84530_0 .net "_171_", 0 0, L_0x62a8ceffb490;  1 drivers
v0x62a8cee845f0_0 .net "_172_", 0 0, L_0x62a8ceffcd40;  1 drivers
v0x62a8cee846b0_0 .net "_173_", 0 0, L_0x62a8ceffd2a0;  1 drivers
v0x62a8cedbd490_0 .net "_174_", 0 0, L_0x62a8ceffd450;  1 drivers
v0x62a8cedbd550_0 .net "_175_", 0 0, L_0x62a8ceffd9c0;  1 drivers
v0x62a8cedbd610_0 .net "_176_", 0 0, L_0x62a8ceffdb70;  1 drivers
v0x62a8cedbd6d0_0 .net "_177_", 0 0, L_0x62a8ceffdd20;  1 drivers
v0x62a8cedbd790_0 .net "_178_", 0 0, L_0x62a8ceffe290;  1 drivers
v0x62a8cedbd850_0 .net "_179_", 0 0, L_0x62a8ceffe820;  1 drivers
v0x62a8cef9fef0_0 .net "_180_", 0 0, L_0x62a8ceffe9d0;  1 drivers
v0x62a8cef9ff90_0 .net "_181_", 0 0, L_0x62a8ceffef70;  1 drivers
v0x62a8cefa0030_0 .net "_182_", 0 0, L_0x62a8cefff120;  1 drivers
v0x62a8cefa00d0_0 .net "_183_", 0 0, L_0x62a8cefff2d0;  1 drivers
v0x62a8cefa0170_0 .net "_184_", 0 0, L_0x62a8cefff3e0;  1 drivers
v0x62a8cefa0210_0 .net "_185_", 0 0, L_0x62a8cefc4bd0;  1 drivers
v0x62a8cefa02b0_0 .net "_186_", 0 0, L_0x62a8cefd7960;  1 drivers
v0x62a8cefa0350_0 .net "_187_", 0 0, L_0x62a8cefd7ec0;  1 drivers
v0x62a8cefa03f0_0 .net "_188_", 0 0, L_0x62a8cefd8230;  1 drivers
v0x62a8cefa0490_0 .net "_189_", 0 0, L_0x62a8cefd85e0;  1 drivers
v0x62a8cefa0530_0 .net "_190_", 0 0, L_0x62a8cefd8f70;  1 drivers
v0x62a8cefa05d0_0 .net "_191_", 0 0, L_0x62a8cefd8bf0;  1 drivers
v0x62a8cefa0670_0 .net "_192_", 0 0, L_0x62a8cefd9600;  1 drivers
v0x62a8cefa0710_0 .net "_193_", 0 0, L_0x62a8cefd9350;  1 drivers
v0x62a8cefa07b0_0 .net "_194_", 0 0, L_0x62a8cefd9830;  1 drivers
v0x62a8cefa0850_0 .net "_195_", 0 0, L_0x62a8cefd9ba0;  1 drivers
v0x62a8cefa08f0_0 .net "_196_", 0 0, L_0x62a8cefd9fe0;  1 drivers
v0x62a8cefa0990_0 .net "_197_", 0 0, L_0x62a8cefda350;  1 drivers
v0x62a8cefa0a30_0 .net "_198_", 0 0, L_0x62a8cefda5e0;  1 drivers
v0x62a8cefa0ad0_0 .net "_199_", 0 0, L_0x62a8cefda950;  1 drivers
v0x62a8cefa0b70_0 .net "_200_", 0 0, L_0x62a8cefdacc0;  1 drivers
v0x62a8cefa0c10_0 .net "_201_", 0 0, L_0x62a8cefdb030;  1 drivers
v0x62a8cefa0cb0_0 .net "_202_", 0 0, L_0x62a8cefdb3e0;  1 drivers
v0x62a8cefa0d50_0 .net "_203_", 0 0, L_0x62a8cefdb750;  1 drivers
v0x62a8cefa0df0_0 .net "_204_", 0 0, L_0x62a8cefdbb40;  1 drivers
v0x62a8cefa0e90_0 .net "_205_", 0 0, L_0x62a8cefdbeb0;  1 drivers
v0x62a8cefa0f30_0 .net "_206_", 0 0, L_0x62a8cefdc290;  1 drivers
v0x62a8cefa0fd0_0 .net "_207_", 0 0, L_0x62a8cefdc600;  1 drivers
v0x62a8cefa1070_0 .net "_208_", 0 0, L_0x62a8cefdc9d0;  1 drivers
v0x62a8cefa1110_0 .net "_209_", 0 0, L_0x62a8cefdcd40;  1 drivers
v0x62a8cefa11b0_0 .net "_210_", 0 0, L_0x62a8cefdd010;  1 drivers
v0x62a8cefa1250_0 .net "_211_", 0 0, L_0x62a8cefdd380;  1 drivers
v0x62a8cefa12f0_0 .net "_212_", 0 0, L_0x62a8cefde000;  1 drivers
v0x62a8cefa1390_0 .net "_213_", 0 0, L_0x62a8cefdd9c0;  1 drivers
v0x62a8cefa1430_0 .net "_214_", 0 0, L_0x62a8cefddd30;  1 drivers
v0x62a8cefa14d0_0 .net "_215_", 0 0, L_0x62a8cefde190;  1 drivers
v0x62a8cefa1570_0 .net "_216_", 0 0, L_0x62a8cefde500;  1 drivers
v0x62a8cefa1610_0 .net "_217_", 0 0, L_0x62a8cefde8a0;  1 drivers
v0x62a8cefa16b0_0 .net "_218_", 0 0, L_0x62a8cefdec60;  1 drivers
v0x62a8cefa1750_0 .net "_219_", 0 0, L_0x62a8cefdf000;  1 drivers
v0x62a8cefa17f0_0 .net "_220_", 0 0, L_0x62a8cefdfad0;  1 drivers
v0x62a8cefa1890_0 .net "_221_", 0 0, L_0x62a8cefdfda0;  1 drivers
v0x62a8cefa1930_0 .net "_222_", 0 0, L_0x62a8cefdffd0;  1 drivers
v0x62a8cefa19d0_0 .net "_223_", 0 0, L_0x62a8cefe0320;  1 drivers
v0x62a8cefa1a70_0 .net "_224_", 0 0, L_0x62a8cefe05f0;  1 drivers
v0x62a8cefa1b10_0 .net "_225_", 0 0, L_0x62a8cefe08c0;  1 drivers
v0x62a8cefa1bb0_0 .net "_226_", 0 0, L_0x62a8cefe1550;  1 drivers
v0x62a8cefa1c50_0 .net "_227_", 0 0, L_0x62a8cefe0df0;  1 drivers
v0x62a8cefa1cf0_0 .net "_228_", 0 0, L_0x62a8cefe10c0;  1 drivers
v0x62a8cefa1d90_0 .net "_229_", 0 0, L_0x62a8cefe1390;  1 drivers
v0x62a8cefa1e30_0 .net "_230_", 0 0, L_0x62a8cefe1690;  1 drivers
v0x62a8cefa1ed0_0 .net "_231_", 0 0, L_0x62a8cefe1960;  1 drivers
v0x62a8cefa1f70_0 .net "_232_", 0 0, L_0x62a8cefe1c30;  1 drivers
v0x62a8cefa2010_0 .net "_233_", 0 0, L_0x62a8cefe2970;  1 drivers
v0x62a8cefa20b0_0 .net "_234_", 0 0, L_0x62a8cefe2070;  1 drivers
v0x62a8cefa2150_0 .net "_235_", 0 0, L_0x62a8cefe2340;  1 drivers
v0x62a8cefa2210_0 .net "_236_", 0 0, L_0x62a8cefe2610;  1 drivers
v0x62a8cefa22d0_0 .net "_237_", 0 0, L_0x62a8cefe35a0;  1 drivers
v0x62a8cefa2390_0 .net "_238_", 0 0, L_0x62a8cefe2c40;  1 drivers
v0x62a8cefa2450_0 .net "_239_", 0 0, L_0x62a8cefe2f10;  1 drivers
v0x62a8cefa2510_0 .net "_240_", 0 0, L_0x62a8cefe31e0;  1 drivers
v0x62a8cefa25d0_0 .net "_241_", 0 0, L_0x62a8cefe34b0;  1 drivers
v0x62a8cefa2690_0 .net "_242_", 0 0, L_0x62a8cefe3820;  1 drivers
v0x62a8cefa2750_0 .net "_243_", 0 0, L_0x62a8cefe3af0;  1 drivers
v0x62a8cefa2810_0 .net "_244_", 0 0, L_0x62a8cefe3dc0;  1 drivers
v0x62a8cefa28d0_0 .net "_245_", 0 0, L_0x62a8cefe4090;  1 drivers
v0x62a8cefa2990_0 .net "_246_", 0 0, L_0x62a8cefe4370;  1 drivers
v0x62a8cefa2a50_0 .net "_247_", 0 0, L_0x62a8cefe4640;  1 drivers
v0x62a8cefa2b10_0 .net "_248_", 0 0, L_0x62a8cefe4910;  1 drivers
v0x62a8cefa2bd0_0 .net "_249_", 0 0, L_0x62a8cefe4be0;  1 drivers
v0x62a8cefa2c90_0 .net "_250_", 0 0, L_0x62a8cefe4fc0;  1 drivers
v0x62a8cefa2d50_0 .net "_251_", 0 0, L_0x62a8cefe5330;  1 drivers
v0x62a8cefa2e10_0 .net "_252_", 0 0, L_0x62a8cefe5600;  1 drivers
v0x62a8cefa2ed0_0 .net "_253_", 0 0, L_0x62a8cefe58d0;  1 drivers
v0x62a8cefa2f90_0 .net "_254_", 0 0, L_0x62a8cefe6250;  1 drivers
v0x62a8cefa3050_0 .net "_255_", 0 0, L_0x62a8cefe6520;  1 drivers
v0x62a8cefa3110_0 .net "_256_", 0 0, L_0x62a8cefe67f0;  1 drivers
v0x62a8cef9f700_0 .net "_257_", 0 0, L_0x62a8cefe6ac0;  1 drivers
v0x62a8cef9f7c0_0 .net "_258_", 0 0, L_0x62a8cefe7ab0;  1 drivers
v0x62a8cef9f880_0 .net "_259_", 0 0, L_0x62a8cefe7000;  1 drivers
v0x62a8cef9f940_0 .net "_260_", 0 0, L_0x62a8cefe72d0;  1 drivers
v0x62a8cef9fa00_0 .net "_261_", 0 0, L_0x62a8cefe75a0;  1 drivers
v0x62a8cef9fac0_0 .net "_262_", 0 0, L_0x62a8cefe7870;  1 drivers
v0x62a8cef9fb80_0 .net "_263_", 0 0, L_0x62a8cefe7b50;  1 drivers
v0x62a8cef9fc40_0 .net "_264_", 0 0, L_0x62a8cefe7e20;  1 drivers
v0x62a8cef9fd00_0 .net "_265_", 0 0, L_0x62a8cefe80f0;  1 drivers
v0x62a8cef9fdc0_0 .net "_266_", 0 0, L_0x62a8cefe83c0;  1 drivers
v0x62a8cefa41c0_0 .net "_267_", 0 0, L_0x62a8cefe8690;  1 drivers
v0x62a8cefa4260_0 .net "_268_", 0 0, L_0x62a8cefe8990;  1 drivers
v0x62a8cefa4300_0 .net "_269_", 0 0, L_0x62a8cefe8c60;  1 drivers
v0x62a8cefa43a0_0 .net "_270_", 0 0, L_0x62a8cefe8f30;  1 drivers
v0x62a8cefa4460_0 .net "_271_", 0 0, L_0x62a8cefe9200;  1 drivers
v0x62a8cefa4520_0 .net "_272_", 0 0, L_0x62a8cefe94d0;  1 drivers
v0x62a8cefa45e0_0 .net "_273_", 0 0, L_0x62a8cefe9700;  1 drivers
v0x62a8cefa46a0_0 .net "_274_", 0 0, L_0x62a8cefe99d0;  1 drivers
v0x62a8cefa4760_0 .net "_275_", 0 0, L_0x62a8cefe9ca0;  1 drivers
v0x62a8cefa4820_0 .net "_276_", 0 0, L_0x62a8cefe9f70;  1 drivers
v0x62a8cefa48e0_0 .net "_277_", 0 0, L_0x62a8cefea240;  1 drivers
v0x62a8cefa49a0_0 .net "_278_", 0 0, L_0x62a8cefea6d0;  1 drivers
v0x62a8cefa4a60_0 .net "_279_", 0 0, L_0x62a8cefea9a0;  1 drivers
v0x62a8cefa4b20_0 .net "_280_", 0 0, L_0x62a8cefeac70;  1 drivers
v0x62a8cefa4be0_0 .net "_281_", 0 0, L_0x62a8cefeb350;  1 drivers
v0x62a8cefa4ca0_0 .net "_282_", 31 0, L_0x62a8cf000640;  1 drivers
v0x62a8cefa4d80_0 .net "_283_", 31 0, L_0x62a8cf001090;  1 drivers
v0x62a8cefa4e60_0 .net "_284_", 31 0, L_0x62a8cf001c40;  1 drivers
v0x62a8cefa4f40_0 .net "_285_", 31 0, L_0x62a8cf012130;  1 drivers
v0x62a8cefa5020_0 .net "_286_", 31 0, L_0x62a8cf0124f0;  1 drivers
v0x62a8cefa5100_0 .net "_287_", 31 0, L_0x62a8cf012ae0;  1 drivers
v0x62a8cefa51e0_0 .net "_288_", 31 0, L_0x62a8cf012ea0;  1 drivers
v0x62a8cefa52c0_0 .net "_289_", 31 0, L_0x62a8cf014880;  1 drivers
v0x62a8cefa53a0_0 .net *"_ivl_1000", 0 0, L_0x62a8cefea100;  1 drivers
v0x62a8cefa5480_0 .net *"_ivl_1002", 0 0, L_0x62a8cefea1a0;  1 drivers
v0x62a8cefa5560_0 .net *"_ivl_1006", 0 0, L_0x62a8cefeb3f0;  1 drivers
v0x62a8cefa5640_0 .net *"_ivl_1008", 0 0, L_0x62a8cefea630;  1 drivers
v0x62a8cefa5720_0 .net *"_ivl_1012", 0 0, L_0x62a8cefea860;  1 drivers
v0x62a8cefa5800_0 .net *"_ivl_1014", 0 0, L_0x62a8cefea900;  1 drivers
v0x62a8cefa58e0_0 .net *"_ivl_1018", 0 0, L_0x62a8cefeab30;  1 drivers
v0x62a8cefa59c0_0 .net *"_ivl_1020", 0 0, L_0x62a8cefeabd0;  1 drivers
v0x62a8cefa5aa0_0 .net *"_ivl_1024", 0 0, L_0x62a8cefeae00;  1 drivers
v0x62a8cefa5b80_0 .net *"_ivl_1026", 0 0, L_0x62a8cefeb2b0;  1 drivers
v0x62a8cefa5c60_0 .net *"_ivl_103", 0 0, L_0x62a8cefc7b40;  1 drivers
v0x62a8cefa5d40_0 .net *"_ivl_1030", 0 0, L_0x62a8cefeb4e0;  1 drivers
v0x62a8cefa5e20_0 .net *"_ivl_1032", 0 0, L_0x62a8cefeb580;  1 drivers
v0x62a8cefa5f00_0 .net *"_ivl_1036", 0 0, L_0x62a8cefeb730;  1 drivers
v0x62a8cefa5fe0_0 .net *"_ivl_1038", 0 0, L_0x62a8cefeb820;  1 drivers
v0x62a8cefa60c0_0 .net *"_ivl_1042", 0 0, L_0x62a8cefebaf0;  1 drivers
v0x62a8cefa61a0_0 .net *"_ivl_1044", 0 0, L_0x62a8cefebb90;  1 drivers
v0x62a8cefa6280_0 .net *"_ivl_1048", 0 0, L_0x62a8cefebd40;  1 drivers
v0x62a8cefa6360_0 .net *"_ivl_1050", 0 0, L_0x62a8cefebde0;  1 drivers
v0x62a8cefa6440_0 .net *"_ivl_1054", 0 0, L_0x62a8cefeb9d0;  1 drivers
v0x62a8cefa6520_0 .net *"_ivl_1056", 0 0, L_0x62a8cefec070;  1 drivers
v0x62a8cefa6600_0 .net *"_ivl_1060", 0 0, L_0x62a8cefed520;  1 drivers
v0x62a8cefa66e0_0 .net *"_ivl_1062", 0 0, L_0x62a8cefec6b0;  1 drivers
v0x62a8cefa67c0_0 .net *"_ivl_1066", 0 0, L_0x62a8cefec9a0;  1 drivers
v0x62a8cefa68a0_0 .net *"_ivl_1068", 0 0, L_0x62a8cefeca40;  1 drivers
v0x62a8cefa6980_0 .net *"_ivl_107", 0 0, L_0x62a8cefc7db0;  1 drivers
v0x62a8cefa6a60_0 .net *"_ivl_1072", 0 0, L_0x62a8cefecbf0;  1 drivers
v0x62a8cefa6b40_0 .net *"_ivl_1074", 0 0, L_0x62a8cefecc90;  1 drivers
v0x62a8cefa6c20_0 .net *"_ivl_1078", 0 0, L_0x62a8cefecf90;  1 drivers
v0x62a8cefa6d00_0 .net *"_ivl_1080", 0 0, L_0x62a8cefed030;  1 drivers
v0x62a8cefa6de0_0 .net *"_ivl_1084", 0 0, L_0x62a8cefed1e0;  1 drivers
v0x62a8cefa6ec0_0 .net *"_ivl_1086", 0 0, L_0x62a8cefed280;  1 drivers
v0x62a8cefa6fa0_0 .net *"_ivl_1090", 0 0, L_0x62a8cefed430;  1 drivers
v0x62a8cefa7080_0 .net *"_ivl_1092", 0 0, L_0x62a8cefed5c0;  1 drivers
v0x62a8cefa7160_0 .net *"_ivl_1096", 0 0, L_0x62a8cefed750;  1 drivers
v0x62a8cefa7240_0 .net *"_ivl_1098", 0 0, L_0x62a8cefed7f0;  1 drivers
v0x62a8cefa7320_0 .net *"_ivl_11", 0 0, L_0x62a8cefc4f80;  1 drivers
v0x62a8cefa7400_0 .net *"_ivl_1102", 0 0, L_0x62a8cefedb40;  1 drivers
v0x62a8cefa74e0_0 .net *"_ivl_1104", 0 0, L_0x62a8cefedbe0;  1 drivers
v0x62a8cefa75c0_0 .net *"_ivl_1108", 0 0, L_0x62a8cefeddc0;  1 drivers
v0x62a8cefa76a0_0 .net *"_ivl_111", 0 0, L_0x62a8cefc8030;  1 drivers
v0x62a8cefa7780_0 .net *"_ivl_1110", 0 0, L_0x62a8cefede60;  1 drivers
v0x62a8cefa7860_0 .net *"_ivl_1114", 0 0, L_0x62a8cefee1c0;  1 drivers
v0x62a8cefa7940_0 .net *"_ivl_1116", 0 0, L_0x62a8cefee260;  1 drivers
v0x62a8cefa7a20_0 .net *"_ivl_1120", 0 0, L_0x62a8cefef4f0;  1 drivers
v0x62a8cefa7b00_0 .net *"_ivl_1122", 0 0, L_0x62a8cefee5e0;  1 drivers
v0x62a8cefa7be0_0 .net *"_ivl_1126", 0 0, L_0x62a8cefee950;  1 drivers
v0x62a8cefa7cc0_0 .net *"_ivl_1128", 0 0, L_0x62a8cefee9f0;  1 drivers
v0x62a8cefa7da0_0 .net *"_ivl_1132", 0 0, L_0x62a8cefeebd0;  1 drivers
v0x62a8cefa7e80_0 .net *"_ivl_1134", 0 0, L_0x62a8cefeec70;  1 drivers
v0x62a8cefa7f60_0 .net *"_ivl_1138", 0 0, L_0x62a8cefeeff0;  1 drivers
v0x62a8cefa8040_0 .net *"_ivl_1140", 0 0, L_0x62a8cefef090;  1 drivers
v0x62a8cefa8120_0 .net *"_ivl_1144", 0 0, L_0x62a8cefef270;  1 drivers
v0x62a8cefa8200_0 .net *"_ivl_1146", 0 0, L_0x62a8cefef310;  1 drivers
v0x62a8cefa82e0_0 .net *"_ivl_115", 0 0, L_0x62a8cefc82b0;  1 drivers
v0x62a8cefa83c0_0 .net *"_ivl_1150", 0 0, L_0x62a8ceff06a0;  1 drivers
v0x62a8cefa84a0_0 .net *"_ivl_1152", 0 0, L_0x62a8cefef590;  1 drivers
v0x62a8cefa8580_0 .net *"_ivl_1156", 0 0, L_0x62a8cefef770;  1 drivers
v0x62a8cefa8660_0 .net *"_ivl_1158", 0 0, L_0x62a8cefef810;  1 drivers
v0x62a8cefa8740_0 .net *"_ivl_1162", 0 0, L_0x62a8cefefbb0;  1 drivers
v0x62a8cefa8820_0 .net *"_ivl_1164", 0 0, L_0x62a8cefefc50;  1 drivers
v0x62a8cefa8900_0 .net *"_ivl_1168", 0 0, L_0x62a8cefefe30;  1 drivers
v0x62a8cefa89e0_0 .net *"_ivl_1170", 0 0, L_0x62a8cefefed0;  1 drivers
v0x62a8cefa8ac0_0 .net *"_ivl_1174", 0 0, L_0x62a8ceff0280;  1 drivers
v0x62a8cefa8ba0_0 .net *"_ivl_1176", 0 0, L_0x62a8ceff0320;  1 drivers
v0x62a8cefa8c80_0 .net *"_ivl_1180", 0 0, L_0x62a8ceff16f0;  1 drivers
v0x62a8cefa8d60_0 .net *"_ivl_1182", 0 0, L_0x62a8ceff0740;  1 drivers
v0x62a8cefa8e40_0 .net *"_ivl_1186", 0 0, L_0x62a8ceff0ad0;  1 drivers
v0x62a8cefa8f20_0 .net *"_ivl_1188", 0 0, L_0x62a8ceff0b70;  1 drivers
v0x62a8cefa9000_0 .net *"_ivl_119", 0 0, L_0x62a8cefc8540;  1 drivers
v0x62a8cefa90e0_0 .net *"_ivl_1192", 0 0, L_0x62a8ceff0d50;  1 drivers
v0x62a8cefa91c0_0 .net *"_ivl_1194", 0 0, L_0x62a8ceff0df0;  1 drivers
v0x62a8cefa92a0_0 .net *"_ivl_1198", 0 0, L_0x62a8ceff11c0;  1 drivers
v0x62a8cefa9380_0 .net *"_ivl_1200", 0 0, L_0x62a8ceff1260;  1 drivers
v0x62a8cefa9460_0 .net *"_ivl_1204", 0 0, L_0x62a8ceff1440;  1 drivers
v0x62a8cefa9540_0 .net *"_ivl_1206", 0 0, L_0x62a8ceff14e0;  1 drivers
v0x62a8cefa9620_0 .net *"_ivl_1210", 0 0, L_0x62a8ceff2990;  1 drivers
v0x62a8cefa9700_0 .net *"_ivl_1212", 0 0, L_0x62a8ceff1790;  1 drivers
v0x62a8cefa97e0_0 .net *"_ivl_1216", 0 0, L_0x62a8ceff1940;  1 drivers
v0x62a8cefa98c0_0 .net *"_ivl_1218", 0 0, L_0x62a8ceff1df0;  1 drivers
v0x62a8cefa99a0_0 .net *"_ivl_1222", 0 0, L_0x62a8ceff3c60;  1 drivers
v0x62a8cefa9a80_0 .net *"_ivl_1226", 0 0, L_0x62a8ceff2af0;  1 drivers
v0x62a8cefa9b60_0 .net *"_ivl_123", 0 0, L_0x62a8cefc87d0;  1 drivers
v0x62a8cefa9c40_0 .net *"_ivl_1230", 0 0, L_0x62a8ceff2ec0;  1 drivers
v0x62a8cefa9d20_0 .net *"_ivl_1234", 0 0, L_0x62a8ceff3070;  1 drivers
v0x62a8cefa9e00_0 .net *"_ivl_1238", 0 0, L_0x62a8ceff3450;  1 drivers
v0x62a8cefa9ee0_0 .net *"_ivl_1242", 0 0, L_0x62a8ceff3600;  1 drivers
v0x62a8cefa9fc0_0 .net *"_ivl_1246", 0 0, L_0x62a8ceff4d50;  1 drivers
v0x62a8cefaa0a0_0 .net *"_ivl_1250", 0 0, L_0x62a8ceff3e10;  1 drivers
v0x62a8cefaa180_0 .net *"_ivl_1254", 0 0, L_0x62a8ceff3fc0;  1 drivers
v0x62a8cefaa260_0 .net *"_ivl_1258", 0 0, L_0x62a8ceff4120;  1 drivers
v0x62a8cefaa340_0 .net *"_ivl_1262", 0 0, L_0x62a8ceff4530;  1 drivers
v0x62a8cefaa420_0 .net *"_ivl_1266", 0 0, L_0x62a8ceff46e0;  1 drivers
v0x62a8cefaa500_0 .net *"_ivl_127", 0 0, L_0x62a8cefc8e80;  1 drivers
v0x62a8cefaa5e0_0 .net *"_ivl_1270", 0 0, L_0x62a8ceff4b00;  1 drivers
v0x62a8cefaa6c0_0 .net *"_ivl_1274", 0 0, L_0x62a8ceff4cb0;  1 drivers
v0x62a8cefaa7a0_0 .net *"_ivl_1278", 0 0, L_0x62a8ceff6210;  1 drivers
v0x62a8cefaa880_0 .net *"_ivl_1282", 0 0, L_0x62a8ceff4f00;  1 drivers
v0x62a8cefaa960_0 .net *"_ivl_1286", 0 0, L_0x62a8ceff5340;  1 drivers
v0x62a8cefaaa40_0 .net *"_ivl_1290", 0 0, L_0x62a8ceff54f0;  1 drivers
v0x62a8cefaab20_0 .net *"_ivl_1294", 0 0, L_0x62a8ceff5940;  1 drivers
v0x62a8cefaac00_0 .net *"_ivl_1298", 0 0, L_0x62a8ceff5af0;  1 drivers
v0x62a8cefaace0_0 .net *"_ivl_1302", 0 0, L_0x62a8ceff5ca0;  1 drivers
v0x62a8cefaadc0_0 .net *"_ivl_1306", 0 0, L_0x62a8ceff62b0;  1 drivers
v0x62a8cefaaea0_0 .net *"_ivl_1310", 0 0, L_0x62a8ceff6720;  1 drivers
v0x62a8cefaaf80_0 .net *"_ivl_1314", 0 0, L_0x62a8ceff68d0;  1 drivers
v0x62a8cefab060_0 .net *"_ivl_1318", 0 0, L_0x62a8ceff6d50;  1 drivers
v0x62a8cefab140_0 .net *"_ivl_1322", 0 0, L_0x62a8ceff6f00;  1 drivers
v0x62a8cefab220_0 .net *"_ivl_1326", 0 0, L_0x62a8ceff70b0;  1 drivers
v0x62a8cefab300_0 .net *"_ivl_133", 0 0, L_0x62a8cefc9030;  1 drivers
v0x62a8cefab3e0_0 .net *"_ivl_1330", 0 0, L_0x62a8ceff7260;  1 drivers
v0x62a8cefab4c0_0 .net *"_ivl_1334", 0 0, L_0x62a8ceff79b0;  1 drivers
v0x62a8cefab5a0_0 .net *"_ivl_1338", 0 0, L_0x62a8ceff7b60;  1 drivers
v0x62a8cefab680_0 .net *"_ivl_1342", 0 0, L_0x62a8ceff8010;  1 drivers
v0x62a8cefab760_0 .net *"_ivl_1346", 0 0, L_0x62a8ceff81c0;  1 drivers
v0x62a8cefab840_0 .net *"_ivl_135", 0 0, L_0x62a8cefc9220;  1 drivers
v0x62a8cefab920_0 .net *"_ivl_1350", 0 0, L_0x62a8ceffa320;  1 drivers
v0x62a8cefaba00_0 .net *"_ivl_1354", 0 0, L_0x62a8ceff8a90;  1 drivers
v0x62a8cefabae0_0 .net *"_ivl_1358", 0 0, L_0x62a8ceff8f60;  1 drivers
v0x62a8cefabbc0_0 .net *"_ivl_136", 0 0, L_0x62a8cefc9320;  1 drivers
v0x62a8cefabca0_0 .net *"_ivl_1362", 0 0, L_0x62a8ceff9110;  1 drivers
v0x62a8cefabd80_0 .net *"_ivl_1366", 0 0, L_0x62a8ceff95f0;  1 drivers
v0x62a8cefabe60_0 .net *"_ivl_1370", 0 0, L_0x62a8ceff97a0;  1 drivers
v0x62a8cefabf40_0 .net *"_ivl_1374", 0 0, L_0x62a8ceff9950;  1 drivers
v0x62a8cefac020_0 .net *"_ivl_1378", 0 0, L_0x62a8ceffa3c0;  1 drivers
v0x62a8cefac100_0 .net *"_ivl_1382", 0 0, L_0x62a8ceffa8c0;  1 drivers
v0x62a8cefac1e0_0 .net *"_ivl_1386", 0 0, L_0x62a8ceffaa70;  1 drivers
v0x62a8cefac2c0_0 .net *"_ivl_1390", 0 0, L_0x62a8ceffaf80;  1 drivers
v0x62a8cefac3a0_0 .net *"_ivl_1394", 0 0, L_0x62a8ceffb130;  1 drivers
v0x62a8cefac480_0 .net *"_ivl_1398", 0 0, L_0x62a8ceffb2e0;  1 drivers
v0x62a8cefac560_0 .net *"_ivl_1402", 0 0, L_0x62a8ceffb850;  1 drivers
v0x62a8cefac640_0 .net *"_ivl_1406", 0 0, L_0x62a8ceffbd80;  1 drivers
v0x62a8cefac720_0 .net *"_ivl_141", 0 0, L_0x62a8cefc94f0;  1 drivers
v0x62a8cefac800_0 .net *"_ivl_1410", 0 0, L_0x62a8ceffbf30;  1 drivers
v0x62a8cefac8e0_0 .net *"_ivl_1414", 0 0, L_0x62a8ceffc470;  1 drivers
v0x62a8cefac9c0_0 .net *"_ivl_1418", 0 0, L_0x62a8ceffc620;  1 drivers
v0x62a8cefacaa0_0 .net *"_ivl_1422", 0 0, L_0x62a8ceffc7d0;  1 drivers
v0x62a8cefacb80_0 .net *"_ivl_1426", 0 0, L_0x62a8ceffc910;  1 drivers
v0x62a8cefacc60_0 .net *"_ivl_143", 0 0, L_0x62a8cefc95e0;  1 drivers
v0x62a8cefacd40_0 .net *"_ivl_1430", 0 0, L_0x62a8ceffd200;  1 drivers
v0x62a8ceface20_0 .net *"_ivl_1434", 0 0, L_0x62a8ceffd3b0;  1 drivers
v0x62a8cefacf00_0 .net *"_ivl_1438", 0 0, L_0x62a8ceffd920;  1 drivers
v0x62a8cefacfe0_0 .net *"_ivl_144", 0 0, L_0x62a8cefc9810;  1 drivers
v0x62a8cefad0c0_0 .net *"_ivl_1442", 0 0, L_0x62a8ceffdad0;  1 drivers
v0x62a8cefad1a0_0 .net *"_ivl_1446", 0 0, L_0x62a8ceffdc80;  1 drivers
v0x62a8cefad280_0 .net *"_ivl_1450", 0 0, L_0x62a8ceffde30;  1 drivers
v0x62a8cefad360_0 .net *"_ivl_1454", 0 0, L_0x62a8ceffe780;  1 drivers
v0x62a8cefad440_0 .net *"_ivl_1458", 0 0, L_0x62a8ceffe930;  1 drivers
v0x62a8cefad520_0 .net *"_ivl_1462", 0 0, L_0x62a8ceffeed0;  1 drivers
v0x62a8cefad600_0 .net *"_ivl_1466", 0 0, L_0x62a8cefff080;  1 drivers
v0x62a8cefad6e0_0 .net *"_ivl_1470", 0 0, L_0x62a8cefff230;  1 drivers
v0x62a8cefad7c0_0 .net *"_ivl_1474", 0 0, L_0x62a8cefff840;  1 drivers
v0x62a8cefad8a0_0 .net *"_ivl_1478", 0 0, L_0x62a8cf0005a0;  1 drivers
L_0x78dba706e018 .functor BUFT 1, C4<00000000000000000000000011111111>, C4<0>, C4<0>, C4<0>;
v0x62a8cefad980_0 .net/2u *"_ivl_1479", 31 0, L_0x78dba706e018;  1 drivers
L_0x78dba706e060 .functor BUFT 1, C4<00000000000000000000000000000000>, C4<0>, C4<0>, C4<0>;
v0x62a8cefada60_0 .net/2u *"_ivl_1481", 31 0, L_0x78dba706e060;  1 drivers
L_0x78dba706e0a8 .functor BUFT 1, C4<xxxxxxxxxxxxxxxxxxxxxxxxxxxxxxxx>, C4<0>, C4<0>, C4<0>;
v0x62a8cefadb40_0 .net *"_ivl_1485", 31 0, L_0x78dba706e0a8;  1 drivers
v0x62a8cefadc20_0 .net *"_ivl_149", 0 0, L_0x62a8cefc9950;  1 drivers
v0x62a8cefadd00_0 .net *"_ivl_1490", 0 0, L_0x62a8cf000970;  1 drivers
L_0x78dba706e0f0 .functor BUFT 1, C4<000000000000000000000000>, C4<0>, C4<0>, C4<0>;
v0x62a8cefadde0_0 .net/2u *"_ivl_1491", 23 0, L_0x78dba706e0f0;  1 drivers
v0x62a8cefadec0_0 .net *"_ivl_1494", 7 0, L_0x62a8cf000e50;  1 drivers
v0x62a8cefadfa0_0 .net *"_ivl_1495", 31 0, L_0x62a8cf000f20;  1 drivers
L_0x78dba706e138 .functor BUFT 1, C4<xxxxxxxxxxxxxxxxxxxxxxxxxxxxxxxx>, C4<0>, C4<0>, C4<0>;
v0x62a8cefae080_0 .net *"_ivl_1497", 31 0, L_0x78dba706e138;  1 drivers
v0x62a8cefae160_0 .net *"_ivl_15", 0 0, L_0x62a8cefc5140;  1 drivers
L_0x78dba706e180 .functor BUFT 1, C4<xxxxxxxxxxxxxxxxxxxxxxxxxxxxxxxx>, C4<0>, C4<0>, C4<0>;
v0x62a8cefae240_0 .net *"_ivl_1501", 31 0, L_0x78dba706e180;  1 drivers
L_0x78dba706e1c8 .functor BUFT 1, C4<00000000000000000000000000000000>, C4<0>, C4<0>, C4<0>;
v0x62a8cefae320_0 .net/2u *"_ivl_1505", 31 0, L_0x78dba706e1c8;  1 drivers
L_0x78dba706e210 .functor BUFT 1, C4<xxxxxxxxxxxxxxxxxxxxxxxxxxxxxxxx>, C4<0>, C4<0>, C4<0>;
v0x62a8cefae400_0 .net *"_ivl_1509", 31 0, L_0x78dba706e210;  1 drivers
v0x62a8cefae4e0_0 .net *"_ivl_151", 0 0, L_0x62a8cefc9b40;  1 drivers
L_0x78dba706e258 .functor BUFT 1, C4<00000000000000000000000000000000>, C4<0>, C4<0>, C4<0>;
v0x62a8cefae5c0_0 .net/2u *"_ivl_1513", 31 0, L_0x78dba706e258;  1 drivers
L_0x78dba706e2a0 .functor BUFT 1, C4<xxxxxxxxxxxxxxxxxxxxxxxxxxxxxxxx>, C4<0>, C4<0>, C4<0>;
v0x62a8cefae6a0_0 .net *"_ivl_1517", 31 0, L_0x78dba706e2a0;  1 drivers
v0x62a8cefae780_0 .net *"_ivl_152", 0 0, L_0x62a8cefc9be0;  1 drivers
L_0x78dba706e2e8 .functor BUFT 1, C4<00000000000000000000000000000000>, C4<0>, C4<0>, C4<0>;
v0x62a8cefae860_0 .net/2u *"_ivl_1521", 31 0, L_0x78dba706e2e8;  1 drivers
L_0x78dba706e330 .functor BUFT 1, C4<xxxxxxxxxxxxxxxxxxxxxxxxxxxxxxxx>, C4<0>, C4<0>, C4<0>;
v0x62a8cefae940_0 .net *"_ivl_1525", 31 0, L_0x78dba706e330;  1 drivers
L_0x78dba706e378 .functor BUFT 1, C4<00000000000000000000000000000000>, C4<0>, C4<0>, C4<0>;
v0x62a8cefaea20_0 .net/2u *"_ivl_1529", 31 0, L_0x78dba706e378;  1 drivers
L_0x78dba706e3c0 .functor BUFT 1, C4<xxxxxxxxxxxxxxxxxxxxxxxxxxxxxxxx>, C4<0>, C4<0>, C4<0>;
v0x62a8cefaeb00_0 .net *"_ivl_1533", 31 0, L_0x78dba706e3c0;  1 drivers
v0x62a8cefaebe0_0 .net *"_ivl_1538", 0 0, L_0x62a8cf001b70;  1 drivers
L_0x78dba706e408 .functor BUFT 1, C4<11111111000000000000000000000000>, C4<0>, C4<0>, C4<0>;
v0x62a8cefaecc0_0 .net/2u *"_ivl_1539", 31 0, L_0x78dba706e408;  1 drivers
L_0x78dba706e450 .functor BUFT 1, C4<00000000000000000000000000000000>, C4<0>, C4<0>, C4<0>;
v0x62a8cefaeda0_0 .net/2u *"_ivl_1541", 31 0, L_0x78dba706e450;  1 drivers
L_0x78dba706e498 .functor BUFT 1, C4<xxxxxxxxxxxxxxxxxxxxxxxxxxxxxxxx>, C4<0>, C4<0>, C4<0>;
v0x62a8cefaee80_0 .net *"_ivl_1545", 31 0, L_0x78dba706e498;  1 drivers
v0x62a8cefaef60_0 .net *"_ivl_1550", 0 0, L_0x62a8cf001f90;  1 drivers
v0x62a8cefaf040_0 .net *"_ivl_1552", 7 0, L_0x62a8cf013350;  1 drivers
L_0x78dba706e4e0 .functor BUFT 1, C4<xxxxxxxxxxxxxxxxxxxxxxxx>, C4<0>, C4<0>, C4<0>;
v0x62a8cefaf120_0 .net *"_ivl_1553", 23 0, L_0x78dba706e4e0;  1 drivers
v0x62a8cefaf200_0 .net *"_ivl_1555", 31 0, L_0x62a8cf012090;  1 drivers
L_0x78dba706e528 .functor BUFT 1, C4<xxxxxxxxxxxxxxxxxxxxxxxxxxxxxxxx>, C4<0>, C4<0>, C4<0>;
v0x62a8cefaf2e0_0 .net *"_ivl_1557", 31 0, L_0x78dba706e528;  1 drivers
L_0x78dba706e570 .functor BUFT 1, C4<xxxxxxxxxxxxxxxxxxxxxxxxxxxxxxxx>, C4<0>, C4<0>, C4<0>;
v0x62a8cefaf3c0_0 .net *"_ivl_1561", 31 0, L_0x78dba706e570;  1 drivers
v0x62a8cefaf4a0_0 .net *"_ivl_1566", 0 0, L_0x62a8cf012450;  1 drivers
L_0x78dba706e5b8 .functor BUFT 1, C4<00000000111111110000000000000000>, C4<0>, C4<0>, C4<0>;
v0x62a8cefaf580_0 .net/2u *"_ivl_1567", 31 0, L_0x78dba706e5b8;  1 drivers
L_0x78dba706e600 .functor BUFT 1, C4<00000000000000000000000000000000>, C4<0>, C4<0>, C4<0>;
v0x62a8cefaf660_0 .net/2u *"_ivl_1569", 31 0, L_0x78dba706e600;  1 drivers
v0x62a8cefaf740_0 .net *"_ivl_157", 0 0, L_0x62a8cefc9ee0;  1 drivers
L_0x78dba706e648 .functor BUFT 1, C4<xxxxxxxxxxxxxxxxxxxxxxxxxxxxxxxx>, C4<0>, C4<0>, C4<0>;
v0x62a8cefaf820_0 .net *"_ivl_1573", 31 0, L_0x78dba706e648;  1 drivers
v0x62a8cefaf900_0 .net *"_ivl_1578", 0 0, L_0x62a8cf012810;  1 drivers
L_0x78dba706e690 .functor BUFT 1, C4<00000000>, C4<0>, C4<0>, C4<0>;
v0x62a8cefaf9e0_0 .net/2u *"_ivl_1579", 7 0, L_0x78dba706e690;  1 drivers
v0x62a8cefafac0_0 .net *"_ivl_1582", 7 0, L_0x62a8cf0128b0;  1 drivers
L_0x78dba706e6d8 .functor BUFT 1, C4<xxxxxxxxxxxxxxxx>, C4<0>, C4<0>, C4<0>;
v0x62a8cefafba0_0 .net *"_ivl_1583", 15 0, L_0x78dba706e6d8;  1 drivers
v0x62a8cefafc80_0 .net *"_ivl_1585", 31 0, L_0x62a8cf012950;  1 drivers
L_0x78dba706e720 .functor BUFT 1, C4<xxxxxxxxxxxxxxxxxxxxxxxxxxxxxxxx>, C4<0>, C4<0>, C4<0>;
v0x62a8cefafd60_0 .net *"_ivl_1587", 31 0, L_0x78dba706e720;  1 drivers
v0x62a8cefafe40_0 .net *"_ivl_159", 0 0, L_0x62a8cefc9f80;  1 drivers
L_0x78dba706e768 .functor BUFT 1, C4<xxxxxxxxxxxxxxxxxxxxxxxxxxxxxxxx>, C4<0>, C4<0>, C4<0>;
v0x62a8cefaff20_0 .net *"_ivl_1591", 31 0, L_0x78dba706e768;  1 drivers
v0x62a8cefb0000_0 .net *"_ivl_1596", 0 0, L_0x62a8cf012e00;  1 drivers
L_0x78dba706e7b0 .functor BUFT 1, C4<00000000000000001111111100000000>, C4<0>, C4<0>, C4<0>;
v0x62a8cefb00e0_0 .net/2u *"_ivl_1597", 31 0, L_0x78dba706e7b0;  1 drivers
L_0x78dba706e7f8 .functor BUFT 1, C4<00000000000000000000000000000000>, C4<0>, C4<0>, C4<0>;
v0x62a8cefb01c0_0 .net/2u *"_ivl_1599", 31 0, L_0x78dba706e7f8;  1 drivers
v0x62a8cefb02a0_0 .net *"_ivl_160", 0 0, L_0x62a8cefca190;  1 drivers
L_0x78dba706e840 .functor BUFT 1, C4<xxxxxxxxxxxxxxxxxxxxxxxxxxxxxxxx>, C4<0>, C4<0>, C4<0>;
v0x62a8cefb0380_0 .net *"_ivl_1603", 31 0, L_0x78dba706e840;  1 drivers
v0x62a8cefb0460_0 .net *"_ivl_1608", 0 0, L_0x62a8cf0131c0;  1 drivers
L_0x78dba706e888 .functor BUFT 1, C4<0000000000000000>, C4<0>, C4<0>, C4<0>;
v0x62a8cefb0540_0 .net/2u *"_ivl_1609", 15 0, L_0x78dba706e888;  1 drivers
v0x62a8cefb0620_0 .net *"_ivl_1612", 7 0, L_0x62a8cf013260;  1 drivers
L_0x78dba706e8d0 .functor BUFT 1, C4<xxxxxxxx>, C4<0>, C4<0>, C4<0>;
v0x62a8cefb0700_0 .net *"_ivl_1613", 7 0, L_0x78dba706e8d0;  1 drivers
v0x62a8cefb07e0_0 .net *"_ivl_1615", 31 0, L_0x62a8cf014740;  1 drivers
L_0x78dba706e918 .functor BUFT 1, C4<xxxxxxxxxxxxxxxxxxxxxxxxxxxxxxxx>, C4<0>, C4<0>, C4<0>;
v0x62a8cefb08c0_0 .net *"_ivl_1617", 31 0, L_0x78dba706e918;  1 drivers
L_0x78dba706e960 .functor BUFT 1, C4<xxxxxxxxxxxxxxxxxxxxxxxxxxxxxxxx>, C4<0>, C4<0>, C4<0>;
v0x62a8cefb09a0_0 .net *"_ivl_1621", 31 0, L_0x78dba706e960;  1 drivers
v0x62a8cefb0a80_0 .net *"_ivl_165", 0 0, L_0x62a8cefca290;  1 drivers
v0x62a8cefb0b60_0 .net *"_ivl_167", 0 0, L_0x62a8cefca4b0;  1 drivers
v0x62a8cefb0c40_0 .net *"_ivl_168", 0 0, L_0x62a8cefca550;  1 drivers
v0x62a8cefb0d20_0 .net *"_ivl_173", 0 0, L_0x62a8cefca880;  1 drivers
v0x62a8cefb0e00_0 .net *"_ivl_175", 0 0, L_0x62a8cefca920;  1 drivers
v0x62a8cefb0ee0_0 .net *"_ivl_176", 0 0, L_0x62a8cefcab60;  1 drivers
v0x62a8cefb0fc0_0 .net *"_ivl_181", 0 0, L_0x62a8cefcad00;  1 drivers
v0x62a8cefb10a0_0 .net *"_ivl_183", 0 0, L_0x62a8cefcaf50;  1 drivers
v0x62a8cefb1180_0 .net *"_ivl_184", 0 0, L_0x62a8cefcaff0;  1 drivers
v0x62a8cefb1260_0 .net *"_ivl_189", 0 0, L_0x62a8cefcb350;  1 drivers
v0x62a8cefb1340_0 .net *"_ivl_19", 0 0, L_0x62a8cefc5210;  1 drivers
v0x62a8cefb1420_0 .net *"_ivl_191", 0 0, L_0x62a8cefcb3f0;  1 drivers
v0x62a8cefb1500_0 .net *"_ivl_192", 0 0, L_0x62a8cefcb660;  1 drivers
v0x62a8cefb15e0_0 .net *"_ivl_197", 0 0, L_0x62a8cefcb800;  1 drivers
v0x62a8cefa31f0_0 .net *"_ivl_199", 0 0, L_0x62a8cefcba80;  1 drivers
v0x62a8cefa32d0_0 .net *"_ivl_200", 0 0, L_0x62a8cefcbb20;  1 drivers
v0x62a8cefa33b0_0 .net *"_ivl_205", 0 0, L_0x62a8cefcbeb0;  1 drivers
v0x62a8cefa3490_0 .net *"_ivl_207", 0 0, L_0x62a8cefcbf50;  1 drivers
v0x62a8cefa3570_0 .net *"_ivl_208", 0 0, L_0x62a8cefcc1f0;  1 drivers
v0x62a8cefa3650_0 .net *"_ivl_213", 0 0, L_0x62a8cefcc390;  1 drivers
v0x62a8cefa3730_0 .net *"_ivl_215", 0 0, L_0x62a8cefcc640;  1 drivers
v0x62a8cefa3810_0 .net *"_ivl_216", 0 0, L_0x62a8cefcc6e0;  1 drivers
v0x62a8cefa38f0_0 .net *"_ivl_221", 0 0, L_0x62a8cefccaa0;  1 drivers
v0x62a8cefa39d0_0 .net *"_ivl_223", 0 0, L_0x62a8cefccb40;  1 drivers
v0x62a8cefa3ab0_0 .net *"_ivl_224", 0 0, L_0x62a8cefcce10;  1 drivers
v0x62a8cefa3b90_0 .net *"_ivl_229", 0 0, L_0x62a8cefccfb0;  1 drivers
v0x62a8cefa3c70_0 .net *"_ivl_23", 0 0, L_0x62a8cefc5340;  1 drivers
v0x62a8cefa3d50_0 .net *"_ivl_231", 0 0, L_0x62a8cefcd290;  1 drivers
v0x62a8cefa3e30_0 .net *"_ivl_232", 0 0, L_0x62a8cefcd330;  1 drivers
v0x62a8cefa3f10_0 .net *"_ivl_237", 0 0, L_0x62a8cefcd720;  1 drivers
v0x62a8cefa3ff0_0 .net *"_ivl_239", 0 0, L_0x62a8cefcd7c0;  1 drivers
v0x62a8cefa40d0_0 .net *"_ivl_240", 0 0, L_0x62a8cefcdac0;  1 drivers
v0x62a8cefb3690_0 .net *"_ivl_245", 0 0, L_0x62a8cefcdc30;  1 drivers
v0x62a8cefb3770_0 .net *"_ivl_247", 0 0, L_0x62a8cefcdf40;  1 drivers
v0x62a8cefb3850_0 .net *"_ivl_248", 0 0, L_0x62a8cefcdfe0;  1 drivers
v0x62a8cefb3930_0 .net *"_ivl_253", 0 0, L_0x62a8cefce400;  1 drivers
v0x62a8cefb3a10_0 .net *"_ivl_255", 0 0, L_0x62a8cefce4a0;  1 drivers
v0x62a8cefb3af0_0 .net *"_ivl_256", 0 0, L_0x62a8cefce7d0;  1 drivers
v0x62a8cefb3bd0_0 .net *"_ivl_261", 0 0, L_0x62a8cefce970;  1 drivers
v0x62a8cefb3cb0_0 .net *"_ivl_263", 0 0, L_0x62a8cefcecb0;  1 drivers
v0x62a8cefb3d90_0 .net *"_ivl_264", 0 0, L_0x62a8cefced50;  1 drivers
v0x62a8cefb3e70_0 .net *"_ivl_269", 0 0, L_0x62a8cefcf1a0;  1 drivers
v0x62a8cefb3f50_0 .net *"_ivl_27", 0 0, L_0x62a8cefc5470;  1 drivers
v0x62a8cefb4030_0 .net *"_ivl_271", 0 0, L_0x62a8cefcf240;  1 drivers
v0x62a8cefb4110_0 .net *"_ivl_272", 0 0, L_0x62a8cefcf5a0;  1 drivers
v0x62a8cefb41f0_0 .net *"_ivl_277", 0 0, L_0x62a8cefcf740;  1 drivers
v0x62a8cefb42d0_0 .net *"_ivl_279", 0 0, L_0x62a8cefcfab0;  1 drivers
v0x62a8cefb43b0_0 .net *"_ivl_280", 0 0, L_0x62a8cefcfb50;  1 drivers
v0x62a8cefb4490_0 .net *"_ivl_285", 0 0, L_0x62a8cefcffd0;  1 drivers
v0x62a8cefb4570_0 .net *"_ivl_287", 0 0, L_0x62a8cefd0070;  1 drivers
v0x62a8cefb4650_0 .net *"_ivl_288", 0 0, L_0x62a8cefd0400;  1 drivers
v0x62a8cefb4730_0 .net *"_ivl_293", 0 0, L_0x62a8cefd05a0;  1 drivers
v0x62a8cefb4810_0 .net *"_ivl_295", 0 0, L_0x62a8cefd0940;  1 drivers
v0x62a8cefb48f0_0 .net *"_ivl_296", 0 0, L_0x62a8cefd09e0;  1 drivers
v0x62a8cefb49d0_0 .net *"_ivl_3", 0 0, L_0x62a8cefc4d00;  1 drivers
v0x62a8cefb4ab0_0 .net *"_ivl_301", 0 0, L_0x62a8cefd0e90;  1 drivers
v0x62a8cefb4b90_0 .net *"_ivl_303", 0 0, L_0x62a8cefd0f30;  1 drivers
v0x62a8cefb4c70_0 .net *"_ivl_304", 0 0, L_0x62a8cefd12f0;  1 drivers
v0x62a8cefb4d50_0 .net *"_ivl_309", 0 0, L_0x62a8cefd1490;  1 drivers
v0x62a8cefb4e30_0 .net *"_ivl_31", 0 0, L_0x62a8cefc55b0;  1 drivers
v0x62a8cefb4f10_0 .net *"_ivl_311", 0 0, L_0x62a8cefd1860;  1 drivers
v0x62a8cefb4ff0_0 .net *"_ivl_312", 0 0, L_0x62a8cefd1900;  1 drivers
v0x62a8cefb50d0_0 .net *"_ivl_317", 0 0, L_0x62a8cefd1de0;  1 drivers
v0x62a8cefb51b0_0 .net *"_ivl_319", 0 0, L_0x62a8cefd1e80;  1 drivers
v0x62a8cefb5290_0 .net *"_ivl_320", 0 0, L_0x62a8cefd2270;  1 drivers
v0x62a8cefb5370_0 .net *"_ivl_325", 0 0, L_0x62a8cefd2410;  1 drivers
v0x62a8cefb5450_0 .net *"_ivl_327", 0 0, L_0x62a8cefd2810;  1 drivers
v0x62a8cefb5530_0 .net *"_ivl_328", 0 0, L_0x62a8cefd28b0;  1 drivers
v0x62a8cefb5610_0 .net *"_ivl_333", 0 0, L_0x62a8cefd2dc0;  1 drivers
v0x62a8cefb56f0_0 .net *"_ivl_335", 0 0, L_0x62a8cefd2e60;  1 drivers
v0x62a8cefb57d0_0 .net *"_ivl_336", 0 0, L_0x62a8cefd3280;  1 drivers
v0x62a8cefb58b0_0 .net *"_ivl_341", 0 0, L_0x62a8cefd3420;  1 drivers
v0x62a8cefb5990_0 .net *"_ivl_343", 0 0, L_0x62a8cefd3850;  1 drivers
v0x62a8cefb5a70_0 .net *"_ivl_344", 0 0, L_0x62a8cefd38f0;  1 drivers
v0x62a8cefb5b50_0 .net *"_ivl_349", 0 0, L_0x62a8cefd3e30;  1 drivers
v0x62a8cefb5c30_0 .net *"_ivl_35", 0 0, L_0x62a8cefc5760;  1 drivers
v0x62a8cefb5d10_0 .net *"_ivl_351", 0 0, L_0x62a8cefd3ed0;  1 drivers
v0x62a8cefb5df0_0 .net *"_ivl_352", 0 0, L_0x62a8cefd4320;  1 drivers
v0x62a8cefb5ed0_0 .net *"_ivl_357", 0 0, L_0x62a8cefd44c0;  1 drivers
v0x62a8cefb5fb0_0 .net *"_ivl_359", 0 0, L_0x62a8cefd4920;  1 drivers
v0x62a8cefb6090_0 .net *"_ivl_360", 0 0, L_0x62a8cefd49c0;  1 drivers
v0x62a8cefb6170_0 .net *"_ivl_365", 0 0, L_0x62a8cefd4f30;  1 drivers
v0x62a8cefb6250_0 .net *"_ivl_367", 0 0, L_0x62a8cefd4fd0;  1 drivers
v0x62a8cefb6330_0 .net *"_ivl_368", 0 0, L_0x62a8cefd5450;  1 drivers
v0x62a8cefb6410_0 .net *"_ivl_373", 0 0, L_0x62a8cefd55f0;  1 drivers
v0x62a8cefb64f0_0 .net *"_ivl_375", 0 0, L_0x62a8cefd5a80;  1 drivers
v0x62a8cefb65d0_0 .net *"_ivl_376", 0 0, L_0x62a8cefd5b20;  1 drivers
v0x62a8cefb66b0_0 .net *"_ivl_382", 0 0, L_0x62a8cefd6a10;  1 drivers
v0x62a8cefb6790_0 .net *"_ivl_384", 0 0, L_0x62a8cefd72d0;  1 drivers
v0x62a8cefb6870_0 .net *"_ivl_385", 0 0, L_0x62a8cefd7780;  1 drivers
v0x62a8cefb6950_0 .net *"_ivl_39", 0 0, L_0x62a8cefc58d0;  1 drivers
v0x62a8cefb6a30_0 .net *"_ivl_390", 0 0, L_0x62a8cefd7e20;  1 drivers
v0x62a8cefb6b10_0 .net *"_ivl_392", 0 0, L_0x62a8cefd7820;  1 drivers
v0x62a8cefb6bf0_0 .net *"_ivl_394", 0 0, L_0x62a8cefd78c0;  1 drivers
v0x62a8cefb6cd0_0 .net *"_ivl_398", 0 0, L_0x62a8cefd7af0;  1 drivers
v0x62a8cefb6db0_0 .net *"_ivl_400", 0 0, L_0x62a8cefd8310;  1 drivers
v0x62a8cefb6e90_0 .net *"_ivl_402", 0 0, L_0x62a8cefd83b0;  1 drivers
v0x62a8cefb6f70_0 .net *"_ivl_406", 0 0, L_0x62a8cefd8050;  1 drivers
v0x62a8cefb7050_0 .net *"_ivl_408", 0 0, L_0x62a8cefd80f0;  1 drivers
v0x62a8cefb7130_0 .net *"_ivl_410", 0 0, L_0x62a8cefd8190;  1 drivers
v0x62a8cefb7210_0 .net *"_ivl_414", 0 0, L_0x62a8cefd8a10;  1 drivers
v0x62a8cefb72f0_0 .net *"_ivl_416", 0 0, L_0x62a8cefd84a0;  1 drivers
v0x62a8cefb73d0_0 .net *"_ivl_418", 0 0, L_0x62a8cefd8540;  1 drivers
v0x62a8cefb74b0_0 .net *"_ivl_422", 0 0, L_0x62a8cefd86d0;  1 drivers
v0x62a8cefb7590_0 .net *"_ivl_424", 0 0, L_0x62a8cefd8770;  1 drivers
v0x62a8cefb7670_0 .net *"_ivl_426", 0 0, L_0x62a8cefd8810;  1 drivers
v0x62a8cefb7750_0 .net *"_ivl_43", 0 0, L_0x62a8cefc5a90;  1 drivers
v0x62a8cefb7830_0 .net *"_ivl_430", 0 0, L_0x62a8cefd9060;  1 drivers
v0x62a8cefb7910_0 .net *"_ivl_432", 0 0, L_0x62a8cefd8ab0;  1 drivers
v0x62a8cefb79f0_0 .net *"_ivl_434", 0 0, L_0x62a8cefd8b50;  1 drivers
v0x62a8cefb7ad0_0 .net *"_ivl_438", 0 0, L_0x62a8cefd8d80;  1 drivers
v0x62a8cefb7bb0_0 .net *"_ivl_440", 0 0, L_0x62a8cefd8e20;  1 drivers
v0x62a8cefb7c90_0 .net *"_ivl_442", 0 0, L_0x62a8cefd8ec0;  1 drivers
v0x62a8cefb7d70_0 .net *"_ivl_446", 0 0, L_0x62a8cefd9790;  1 drivers
v0x62a8cefb7e50_0 .net *"_ivl_448", 0 0, L_0x62a8cefd9100;  1 drivers
v0x62a8cefb7f30_0 .net *"_ivl_450", 0 0, L_0x62a8cefd91a0;  1 drivers
v0x62a8cefb8010_0 .net *"_ivl_454", 0 0, L_0x62a8cefd94e0;  1 drivers
v0x62a8cefb80f0_0 .net *"_ivl_456", 0 0, L_0x62a8cefd9d60;  1 drivers
v0x62a8cefb81d0_0 .net *"_ivl_458", 0 0, L_0x62a8cefd9e00;  1 drivers
v0x62a8cefb82b0_0 .net *"_ivl_462", 0 0, L_0x62a8cefd99c0;  1 drivers
v0x62a8cefb8390_0 .net *"_ivl_464", 0 0, L_0x62a8cefd9a60;  1 drivers
v0x62a8cefb8470_0 .net *"_ivl_466", 0 0, L_0x62a8cefd9b00;  1 drivers
v0x62a8cefb8550_0 .net *"_ivl_47", 0 0, L_0x62a8cefc5c40;  1 drivers
v0x62a8cefb8630_0 .net *"_ivl_470", 0 0, L_0x62a8cefda400;  1 drivers
v0x62a8cefb8710_0 .net *"_ivl_472", 0 0, L_0x62a8cefd9ea0;  1 drivers
v0x62a8cefb87f0_0 .net *"_ivl_474", 0 0, L_0x62a8cefd9f40;  1 drivers
v0x62a8cefb88d0_0 .net *"_ivl_478", 0 0, L_0x62a8cefda170;  1 drivers
v0x62a8cefb89b0_0 .net *"_ivl_480", 0 0, L_0x62a8cefda210;  1 drivers
v0x62a8cefb8a90_0 .net *"_ivl_482", 0 0, L_0x62a8cefda2b0;  1 drivers
v0x62a8cefb8b70_0 .net *"_ivl_486", 0 0, L_0x62a8cefdaae0;  1 drivers
v0x62a8cefb8c50_0 .net *"_ivl_488", 0 0, L_0x62a8cefda4a0;  1 drivers
v0x62a8cefb8d30_0 .net *"_ivl_490", 0 0, L_0x62a8cefda540;  1 drivers
v0x62a8cefb8e10_0 .net *"_ivl_494", 0 0, L_0x62a8cefda770;  1 drivers
v0x62a8cefb8ef0_0 .net *"_ivl_496", 0 0, L_0x62a8cefda810;  1 drivers
v0x62a8cefb8fd0_0 .net *"_ivl_498", 0 0, L_0x62a8cefda8b0;  1 drivers
v0x62a8cefb90b0_0 .net *"_ivl_502", 0 0, L_0x62a8cefdb200;  1 drivers
v0x62a8cefb9190_0 .net *"_ivl_504", 0 0, L_0x62a8cefdab80;  1 drivers
v0x62a8cefb9270_0 .net *"_ivl_506", 0 0, L_0x62a8cefdac20;  1 drivers
v0x62a8cefb9350_0 .net *"_ivl_51", 0 0, L_0x62a8cefc5e40;  1 drivers
v0x62a8cefb9430_0 .net *"_ivl_510", 0 0, L_0x62a8cefdae50;  1 drivers
v0x62a8cefb9510_0 .net *"_ivl_512", 0 0, L_0x62a8cefdaef0;  1 drivers
v0x62a8cefb95f0_0 .net *"_ivl_514", 0 0, L_0x62a8cefdaf90;  1 drivers
v0x62a8cefb96d0_0 .net *"_ivl_518", 0 0, L_0x62a8cefdb960;  1 drivers
v0x62a8cefb97b0_0 .net *"_ivl_520", 0 0, L_0x62a8cefdb2a0;  1 drivers
v0x62a8cefb9890_0 .net *"_ivl_522", 0 0, L_0x62a8cefdb340;  1 drivers
v0x62a8cefb9970_0 .net *"_ivl_526", 0 0, L_0x62a8cefdb570;  1 drivers
v0x62a8cefb9a50_0 .net *"_ivl_528", 0 0, L_0x62a8cefdb610;  1 drivers
v0x62a8cefb9b30_0 .net *"_ivl_530", 0 0, L_0x62a8cefdb6b0;  1 drivers
v0x62a8cefb9c10_0 .net *"_ivl_534", 0 0, L_0x62a8cefdc0b0;  1 drivers
v0x62a8cefb9cf0_0 .net *"_ivl_536", 0 0, L_0x62a8cefdba00;  1 drivers
v0x62a8cefb9dd0_0 .net *"_ivl_538", 0 0, L_0x62a8cefdbaa0;  1 drivers
v0x62a8cefb9eb0_0 .net *"_ivl_542", 0 0, L_0x62a8cefdbcd0;  1 drivers
v0x62a8cefb9f90_0 .net *"_ivl_544", 0 0, L_0x62a8cefdbd70;  1 drivers
v0x62a8cefba070_0 .net *"_ivl_546", 0 0, L_0x62a8cefdbe10;  1 drivers
v0x62a8cefba150_0 .net *"_ivl_55", 0 0, L_0x62a8cefc5fe0;  1 drivers
v0x62a8cefba230_0 .net *"_ivl_550", 0 0, L_0x62a8cefdc7f0;  1 drivers
v0x62a8cefba310_0 .net *"_ivl_552", 0 0, L_0x62a8cefdc150;  1 drivers
v0x62a8cefba3f0_0 .net *"_ivl_554", 0 0, L_0x62a8cefdc1f0;  1 drivers
v0x62a8cefba4d0_0 .net *"_ivl_558", 0 0, L_0x62a8cefdc420;  1 drivers
v0x62a8cefba5b0_0 .net *"_ivl_560", 0 0, L_0x62a8cefdc4c0;  1 drivers
v0x62a8cefba690_0 .net *"_ivl_562", 0 0, L_0x62a8cefdc560;  1 drivers
v0x62a8cefba770_0 .net *"_ivl_566", 0 0, L_0x62a8cefdcf70;  1 drivers
v0x62a8cefba850_0 .net *"_ivl_568", 0 0, L_0x62a8cefdc890;  1 drivers
v0x62a8cefba930_0 .net *"_ivl_570", 0 0, L_0x62a8cefdc930;  1 drivers
v0x62a8cefbaa10_0 .net *"_ivl_574", 0 0, L_0x62a8cefdcb60;  1 drivers
v0x62a8cefbaaf0_0 .net *"_ivl_576", 0 0, L_0x62a8cefdcc00;  1 drivers
v0x62a8cefbabd0_0 .net *"_ivl_578", 0 0, L_0x62a8cefdcca0;  1 drivers
v0x62a8cefbacb0_0 .net *"_ivl_582", 0 0, L_0x62a8cefdced0;  1 drivers
v0x62a8cefbad90_0 .net *"_ivl_584", 0 0, L_0x62a8cefdd740;  1 drivers
v0x62a8cefbae70_0 .net *"_ivl_586", 0 0, L_0x62a8cefdd7e0;  1 drivers
v0x62a8cefbaf50_0 .net *"_ivl_59", 0 0, L_0x62a8cefc61f0;  1 drivers
v0x62a8cefbb030_0 .net *"_ivl_590", 0 0, L_0x62a8cefdd1a0;  1 drivers
v0x62a8cefbb110_0 .net *"_ivl_592", 0 0, L_0x62a8cefdd240;  1 drivers
v0x62a8cefbb1f0_0 .net *"_ivl_594", 0 0, L_0x62a8cefdd2e0;  1 drivers
v0x62a8cefbb2d0_0 .net *"_ivl_598", 0 0, L_0x62a8cefdd510;  1 drivers
v0x62a8cefbb3b0_0 .net *"_ivl_600", 0 0, L_0x62a8cefdd5b0;  1 drivers
v0x62a8cefbb490_0 .net *"_ivl_602", 0 0, L_0x62a8cefdd650;  1 drivers
v0x62a8cefbb570_0 .net *"_ivl_606", 0 0, L_0x62a8cefde0f0;  1 drivers
v0x62a8cefbb650_0 .net *"_ivl_608", 0 0, L_0x62a8cefdd880;  1 drivers
v0x62a8cefbb730_0 .net *"_ivl_610", 0 0, L_0x62a8cefdd920;  1 drivers
v0x62a8cefbb810_0 .net *"_ivl_614", 0 0, L_0x62a8cefddb50;  1 drivers
v0x62a8cefbb8f0_0 .net *"_ivl_616", 0 0, L_0x62a8cefddbf0;  1 drivers
v0x62a8cefbb9d0_0 .net *"_ivl_618", 0 0, L_0x62a8cefddc90;  1 drivers
v0x62a8cefbbab0_0 .net *"_ivl_622", 0 0, L_0x62a8cefddec0;  1 drivers
v0x62a8cefbbb90_0 .net *"_ivl_624", 0 0, L_0x62a8cefddf60;  1 drivers
v0x62a8cefbbc70_0 .net *"_ivl_626", 0 0, L_0x62a8cefde960;  1 drivers
v0x62a8cefbbd50_0 .net *"_ivl_63", 0 0, L_0x62a8cefc65b0;  1 drivers
v0x62a8cefbbe30_0 .net *"_ivl_630", 0 0, L_0x62a8cefde320;  1 drivers
v0x62a8cefbbf10_0 .net *"_ivl_632", 0 0, L_0x62a8cefde3c0;  1 drivers
v0x62a8cefbbff0_0 .net *"_ivl_634", 0 0, L_0x62a8cefde460;  1 drivers
v0x62a8cefbc0d0_0 .net *"_ivl_638", 0 0, L_0x62a8cefde6c0;  1 drivers
v0x62a8cefbc1b0_0 .net *"_ivl_640", 0 0, L_0x62a8cefde760;  1 drivers
v0x62a8cefbc290_0 .net *"_ivl_642", 0 0, L_0x62a8cefde800;  1 drivers
v0x62a8cefbc370_0 .net *"_ivl_646", 0 0, L_0x62a8cefdeaf0;  1 drivers
v0x62a8cefbc450_0 .net *"_ivl_648", 0 0, L_0x62a8cefdeb90;  1 drivers
v0x62a8cefbc530_0 .net *"_ivl_652", 0 0, L_0x62a8cefdee20;  1 drivers
v0x62a8cefbc610_0 .net *"_ivl_654", 0 0, L_0x62a8cefdef10;  1 drivers
v0x62a8cefbc6f0_0 .net *"_ivl_658", 0 0, L_0x62a8cefe0280;  1 drivers
v0x62a8cefbc7d0_0 .net *"_ivl_660", 0 0, L_0x62a8cefdfa30;  1 drivers
v0x62a8cefbc8b0_0 .net *"_ivl_664", 0 0, L_0x62a8cefdfc60;  1 drivers
v0x62a8cefbc990_0 .net *"_ivl_666", 0 0, L_0x62a8cefdfd00;  1 drivers
v0x62a8cefbca70_0 .net *"_ivl_67", 0 0, L_0x62a8cefc67d0;  1 drivers
v0x62a8cefbcb50_0 .net *"_ivl_670", 0 0, L_0x62a8cefdfe90;  1 drivers
v0x62a8cefbcc30_0 .net *"_ivl_672", 0 0, L_0x62a8cefdff30;  1 drivers
v0x62a8cefbcd10_0 .net *"_ivl_676", 0 0, L_0x62a8cefe0160;  1 drivers
v0x62a8cefbcdf0_0 .net *"_ivl_678", 0 0, L_0x62a8cefe0bc0;  1 drivers
v0x62a8cefbced0_0 .net *"_ivl_682", 0 0, L_0x62a8cefe04b0;  1 drivers
v0x62a8cefbcfb0_0 .net *"_ivl_684", 0 0, L_0x62a8cefe0550;  1 drivers
v0x62a8cefbd090_0 .net *"_ivl_688", 0 0, L_0x62a8cefe0780;  1 drivers
v0x62a8cefbd170_0 .net *"_ivl_690", 0 0, L_0x62a8cefe0820;  1 drivers
v0x62a8cefbd250_0 .net *"_ivl_694", 0 0, L_0x62a8cefe0a50;  1 drivers
v0x62a8cefbd330_0 .net *"_ivl_696", 0 0, L_0x62a8cefe0af0;  1 drivers
v0x62a8cefbd410_0 .net *"_ivl_7", 0 0, L_0x62a8cefc4e90;  1 drivers
v0x62a8cefbd4f0_0 .net *"_ivl_700", 0 0, L_0x62a8cefe0cb0;  1 drivers
v0x62a8cefbd5d0_0 .net *"_ivl_702", 0 0, L_0x62a8cefe0d50;  1 drivers
v0x62a8cefbd6b0_0 .net *"_ivl_706", 0 0, L_0x62a8cefe0f80;  1 drivers
v0x62a8cefbd790_0 .net *"_ivl_708", 0 0, L_0x62a8cefe1020;  1 drivers
v0x62a8cefbd870_0 .net *"_ivl_71", 0 0, L_0x62a8cefc6a00;  1 drivers
v0x62a8cefbd950_0 .net *"_ivl_712", 0 0, L_0x62a8cefe1250;  1 drivers
v0x62a8cefbda30_0 .net *"_ivl_714", 0 0, L_0x62a8cefe12f0;  1 drivers
v0x62a8cefbdb10_0 .net *"_ivl_718", 0 0, L_0x62a8cefe1f30;  1 drivers
v0x62a8cefbdbf0_0 .net *"_ivl_720", 0 0, L_0x62a8cefe15f0;  1 drivers
v0x62a8cefbdcd0_0 .net *"_ivl_724", 0 0, L_0x62a8cefe1820;  1 drivers
v0x62a8cefbddb0_0 .net *"_ivl_726", 0 0, L_0x62a8cefe18c0;  1 drivers
v0x62a8cefbde90_0 .net *"_ivl_730", 0 0, L_0x62a8cefe1af0;  1 drivers
v0x62a8cefbdf70_0 .net *"_ivl_732", 0 0, L_0x62a8cefe1b90;  1 drivers
v0x62a8cefbe050_0 .net *"_ivl_736", 0 0, L_0x62a8cefe1dc0;  1 drivers
v0x62a8cefbe130_0 .net *"_ivl_738", 0 0, L_0x62a8cefe1e60;  1 drivers
v0x62a8cefbe210_0 .net *"_ivl_742", 0 0, L_0x62a8cefe2b00;  1 drivers
v0x62a8cefbe2f0_0 .net *"_ivl_744", 0 0, L_0x62a8cefe1fd0;  1 drivers
v0x62a8cefbe3d0_0 .net *"_ivl_748", 0 0, L_0x62a8cefe2200;  1 drivers
v0x62a8cefbe4b0_0 .net *"_ivl_75", 0 0, L_0x62a8cefc6c30;  1 drivers
v0x62a8cefbe590_0 .net *"_ivl_750", 0 0, L_0x62a8cefe22a0;  1 drivers
v0x62a8cefbe670_0 .net *"_ivl_754", 0 0, L_0x62a8cefe24d0;  1 drivers
v0x62a8cefbe750_0 .net *"_ivl_756", 0 0, L_0x62a8cefe2570;  1 drivers
v0x62a8cefbe830_0 .net *"_ivl_760", 0 0, L_0x62a8cefe27a0;  1 drivers
v0x62a8cefbe910_0 .net *"_ivl_762", 0 0, L_0x62a8cefe2840;  1 drivers
v0x62a8cefbe9f0_0 .net *"_ivl_766", 0 0, L_0x62a8cefe36e0;  1 drivers
v0x62a8cefbead0_0 .net *"_ivl_768", 0 0, L_0x62a8cefe2ba0;  1 drivers
v0x62a8cefbebb0_0 .net *"_ivl_772", 0 0, L_0x62a8cefe2dd0;  1 drivers
v0x62a8cefbec90_0 .net *"_ivl_774", 0 0, L_0x62a8cefe2e70;  1 drivers
v0x62a8cefbed70_0 .net *"_ivl_778", 0 0, L_0x62a8cefe30a0;  1 drivers
v0x62a8cefbee50_0 .net *"_ivl_780", 0 0, L_0x62a8cefe3140;  1 drivers
v0x62a8cefbef30_0 .net *"_ivl_784", 0 0, L_0x62a8cefe3370;  1 drivers
v0x62a8cefbf010_0 .net *"_ivl_786", 0 0, L_0x62a8cefe3410;  1 drivers
v0x62a8cefbf0f0_0 .net *"_ivl_79", 0 0, L_0x62a8cefc6870;  1 drivers
v0x62a8cefbf1d0_0 .net *"_ivl_790", 0 0, L_0x62a8cefe4230;  1 drivers
v0x62a8cefbf2b0_0 .net *"_ivl_792", 0 0, L_0x62a8cefe3780;  1 drivers
v0x62a8cefbf390_0 .net *"_ivl_796", 0 0, L_0x62a8cefe39b0;  1 drivers
v0x62a8cefbf470_0 .net *"_ivl_798", 0 0, L_0x62a8cefe3a50;  1 drivers
v0x62a8cefbf550_0 .net *"_ivl_802", 0 0, L_0x62a8cefe3c80;  1 drivers
v0x62a8cefbf630_0 .net *"_ivl_804", 0 0, L_0x62a8cefe3d20;  1 drivers
v0x62a8cefbf710_0 .net *"_ivl_808", 0 0, L_0x62a8cefe3f50;  1 drivers
v0x62a8cefbf7f0_0 .net *"_ivl_810", 0 0, L_0x62a8cefe3ff0;  1 drivers
v0x62a8cefbf8d0_0 .net *"_ivl_814", 0 0, L_0x62a8cefe4de0;  1 drivers
v0x62a8cefbf9b0_0 .net *"_ivl_816", 0 0, L_0x62a8cefe42d0;  1 drivers
v0x62a8cefbfa90_0 .net *"_ivl_820", 0 0, L_0x62a8cefe4500;  1 drivers
v0x62a8cefbfb70_0 .net *"_ivl_822", 0 0, L_0x62a8cefe45a0;  1 drivers
v0x62a8cefbfc50_0 .net *"_ivl_826", 0 0, L_0x62a8cefe47d0;  1 drivers
v0x62a8cefbfd30_0 .net *"_ivl_828", 0 0, L_0x62a8cefe4870;  1 drivers
v0x62a8cefbfe10_0 .net *"_ivl_83", 0 0, L_0x62a8cefc6b90;  1 drivers
v0x62a8cefbfef0_0 .net *"_ivl_832", 0 0, L_0x62a8cefe4aa0;  1 drivers
v0x62a8cefbffd0_0 .net *"_ivl_834", 0 0, L_0x62a8cefe4b40;  1 drivers
v0x62a8cefc00b0_0 .net *"_ivl_838", 0 0, L_0x62a8cefe4e80;  1 drivers
v0x62a8cefc0190_0 .net *"_ivl_840", 0 0, L_0x62a8cefe4f20;  1 drivers
v0x62a8cefc0270_0 .net *"_ivl_844", 0 0, L_0x62a8cefe5150;  1 drivers
v0x62a8cefc0350_0 .net *"_ivl_846", 0 0, L_0x62a8cefe5240;  1 drivers
v0x62a8cefc0430_0 .net *"_ivl_850", 0 0, L_0x62a8cefe54c0;  1 drivers
v0x62a8cefc0510_0 .net *"_ivl_852", 0 0, L_0x62a8cefe5560;  1 drivers
v0x62a8cefc05f0_0 .net *"_ivl_856", 0 0, L_0x62a8cefe5790;  1 drivers
v0x62a8cefc06d0_0 .net *"_ivl_858", 0 0, L_0x62a8cefe5830;  1 drivers
v0x62a8cefc07b0_0 .net *"_ivl_862", 0 0, L_0x62a8cefe6d80;  1 drivers
v0x62a8cefc0890_0 .net *"_ivl_864", 0 0, L_0x62a8cefe61b0;  1 drivers
v0x62a8cefc0970_0 .net *"_ivl_868", 0 0, L_0x62a8cefe63e0;  1 drivers
v0x62a8cefc0a50_0 .net *"_ivl_87", 0 0, L_0x62a8cefc71c0;  1 drivers
v0x62a8cefc0b30_0 .net *"_ivl_870", 0 0, L_0x62a8cefe6480;  1 drivers
v0x62a8cefc0c10_0 .net *"_ivl_874", 0 0, L_0x62a8cefe66b0;  1 drivers
v0x62a8cefc0cf0_0 .net *"_ivl_876", 0 0, L_0x62a8cefe6750;  1 drivers
v0x62a8cefc0dd0_0 .net *"_ivl_880", 0 0, L_0x62a8cefe6980;  1 drivers
v0x62a8cefc0eb0_0 .net *"_ivl_882", 0 0, L_0x62a8cefe6a20;  1 drivers
v0x62a8cefc0f90_0 .net *"_ivl_886", 0 0, L_0x62a8cefe6c50;  1 drivers
v0x62a8cefc1070_0 .net *"_ivl_888", 0 0, L_0x62a8cefe7a10;  1 drivers
v0x62a8cefc1150_0 .net *"_ivl_892", 0 0, L_0x62a8cefe6ec0;  1 drivers
v0x62a8cefc1230_0 .net *"_ivl_894", 0 0, L_0x62a8cefe6f60;  1 drivers
v0x62a8cefc1310_0 .net *"_ivl_898", 0 0, L_0x62a8cefe7190;  1 drivers
v0x62a8cefc13f0_0 .net *"_ivl_900", 0 0, L_0x62a8cefe7230;  1 drivers
v0x62a8cefc14d0_0 .net *"_ivl_904", 0 0, L_0x62a8cefe7460;  1 drivers
v0x62a8cefc15b0_0 .net *"_ivl_906", 0 0, L_0x62a8cefe7500;  1 drivers
v0x62a8cefc1690_0 .net *"_ivl_91", 0 0, L_0x62a8cefc7410;  1 drivers
v0x62a8cefc1770_0 .net *"_ivl_910", 0 0, L_0x62a8cefe7730;  1 drivers
v0x62a8cefc1850_0 .net *"_ivl_912", 0 0, L_0x62a8cefe77d0;  1 drivers
v0x62a8cefc1930_0 .net *"_ivl_916", 0 0, L_0x62a8cefe87b0;  1 drivers
v0x62a8cefc1a10_0 .net *"_ivl_918", 0 0, L_0x62a8cefe8850;  1 drivers
v0x62a8cefc1af0_0 .net *"_ivl_922", 0 0, L_0x62a8cefe7ce0;  1 drivers
v0x62a8cefc1bd0_0 .net *"_ivl_924", 0 0, L_0x62a8cefe7d80;  1 drivers
v0x62a8cefc1cb0_0 .net *"_ivl_928", 0 0, L_0x62a8cefe7fb0;  1 drivers
v0x62a8cefc1d90_0 .net *"_ivl_930", 0 0, L_0x62a8cefe8050;  1 drivers
v0x62a8cefc1e70_0 .net *"_ivl_934", 0 0, L_0x62a8cefe8280;  1 drivers
v0x62a8cefc1f50_0 .net *"_ivl_936", 0 0, L_0x62a8cefe8320;  1 drivers
v0x62a8cefc2030_0 .net *"_ivl_940", 0 0, L_0x62a8cefe8550;  1 drivers
v0x62a8cefc2110_0 .net *"_ivl_942", 0 0, L_0x62a8cefe85f0;  1 drivers
v0x62a8cefc21f0_0 .net *"_ivl_946", 0 0, L_0x62a8cefe9660;  1 drivers
v0x62a8cefc22d0_0 .net *"_ivl_948", 0 0, L_0x62a8cefe88f0;  1 drivers
v0x62a8cefc23b0_0 .net *"_ivl_95", 0 0, L_0x62a8cefc7670;  1 drivers
v0x62a8cefc2490_0 .net *"_ivl_952", 0 0, L_0x62a8cefe8b20;  1 drivers
v0x62a8cefc2570_0 .net *"_ivl_954", 0 0, L_0x62a8cefe8bc0;  1 drivers
v0x62a8cefc2650_0 .net *"_ivl_958", 0 0, L_0x62a8cefe8df0;  1 drivers
v0x62a8cefc2730_0 .net *"_ivl_960", 0 0, L_0x62a8cefe8e90;  1 drivers
v0x62a8cefc2810_0 .net *"_ivl_964", 0 0, L_0x62a8cefe90c0;  1 drivers
v0x62a8cefc28f0_0 .net *"_ivl_966", 0 0, L_0x62a8cefe9160;  1 drivers
v0x62a8cefc29d0_0 .net *"_ivl_970", 0 0, L_0x62a8cefe9390;  1 drivers
v0x62a8cefc2ab0_0 .net *"_ivl_972", 0 0, L_0x62a8cefe9430;  1 drivers
v0x62a8cefc2b90_0 .net *"_ivl_976", 0 0, L_0x62a8cefea4f0;  1 drivers
v0x62a8cefc2c70_0 .net *"_ivl_978", 0 0, L_0x62a8cefea590;  1 drivers
v0x62a8cefc2d50_0 .net *"_ivl_982", 0 0, L_0x62a8cefe9890;  1 drivers
v0x62a8cefc2e30_0 .net *"_ivl_984", 0 0, L_0x62a8cefe9930;  1 drivers
v0x62a8cefc2f10_0 .net *"_ivl_988", 0 0, L_0x62a8cefe9b60;  1 drivers
v0x62a8cefc2ff0_0 .net *"_ivl_99", 0 0, L_0x62a8cefc78d0;  1 drivers
v0x62a8cefc30d0_0 .net *"_ivl_990", 0 0, L_0x62a8cefe9c00;  1 drivers
v0x62a8cefc31b0_0 .net *"_ivl_994", 0 0, L_0x62a8cefe9e30;  1 drivers
v0x62a8cefc3290_0 .net *"_ivl_996", 0 0, L_0x62a8cefe9ed0;  1 drivers
v0x62a8cefc3370_0 .net "clk", 0 0, v0x62a8cefc4270_0;  alias, 1 drivers
v0x62a8cefc3410_0 .net "raddr", 12 0, v0x62a8cefc4500_0;  alias, 1 drivers
v0x62a8cefc34d0_0 .net "rdata", 31 0, L_0x62a8cefd7d30;  alias, 1 drivers
v0x62a8cefc3590_0 .net "re", 0 0, v0x62a8cefc4680_0;  alias, 1 drivers
v0x62a8cefc3650_0 .net "waddr", 12 0, v0x62a8cefc4770_0;  alias, 1 drivers
v0x62a8cefc3730_0 .net "wbyte_en", 3 0, v0x62a8cefc4880_0;  alias, 1 drivers
v0x62a8cefc3810_0 .net "wdata", 31 0, v0x62a8cefc4990_0;  alias, 1 drivers
v0x62a8cefc38f0_0 .net "we", 0 0, v0x62a8cefc4ae0_0;  alias, 1 drivers
L_0x62a8cefc4bd0 .cmp/eq 13, v0x62a8cefc4500_0, v0x62a8cef5ec30_0;
L_0x62a8cefc4d00 .part v0x62a8cef5ecd0_0, 0, 1;
L_0x62a8cefc4e90 .part v0x62a8cef5ecd0_0, 1, 1;
L_0x62a8cefc4f80 .part v0x62a8cef5ecd0_0, 2, 1;
L_0x62a8cefc5140 .part v0x62a8cef5ecd0_0, 3, 1;
L_0x62a8cefc5210 .part v0x62a8cef5ecd0_0, 4, 1;
L_0x62a8cefc5340 .part v0x62a8cef5ecd0_0, 5, 1;
L_0x62a8cefc5470 .part v0x62a8cef5ecd0_0, 6, 1;
L_0x62a8cefc55b0 .part v0x62a8cef5ecd0_0, 7, 1;
L_0x62a8cefc5760 .part v0x62a8cef5ecd0_0, 8, 1;
L_0x62a8cefc58d0 .part v0x62a8cef5ecd0_0, 9, 1;
L_0x62a8cefc5a90 .part v0x62a8cef5ecd0_0, 10, 1;
L_0x62a8cefc5c40 .part v0x62a8cef5ecd0_0, 11, 1;
L_0x62a8cefc5e40 .part v0x62a8cef5ecd0_0, 12, 1;
L_0x62a8cefc5fe0 .part v0x62a8cef5ecd0_0, 13, 1;
L_0x62a8cefc61f0 .part v0x62a8cef5ecd0_0, 14, 1;
L_0x62a8cefc65b0 .part v0x62a8cef5ecd0_0, 15, 1;
L_0x62a8cefc67d0 .part v0x62a8cef5ecd0_0, 16, 1;
L_0x62a8cefc6a00 .part v0x62a8cef5ecd0_0, 17, 1;
L_0x62a8cefc6c30 .part v0x62a8cef5ecd0_0, 18, 1;
L_0x62a8cefc6870 .part v0x62a8cef5ecd0_0, 19, 1;
L_0x62a8cefc6b90 .part v0x62a8cef5ecd0_0, 20, 1;
L_0x62a8cefc71c0 .part v0x62a8cef5ecd0_0, 21, 1;
L_0x62a8cefc7410 .part v0x62a8cef5ecd0_0, 22, 1;
L_0x62a8cefc7670 .part v0x62a8cef5ecd0_0, 23, 1;
L_0x62a8cefc78d0 .part v0x62a8cef5ecd0_0, 24, 1;
L_0x62a8cefc7b40 .part v0x62a8cef5ecd0_0, 25, 1;
L_0x62a8cefc7db0 .part v0x62a8cef5ecd0_0, 26, 1;
L_0x62a8cefc8030 .part v0x62a8cef5ecd0_0, 27, 1;
L_0x62a8cefc82b0 .part v0x62a8cef5ecd0_0, 28, 1;
L_0x62a8cefc8540 .part v0x62a8cef5ecd0_0, 29, 1;
L_0x62a8cefc87d0 .part v0x62a8cef5ecd0_0, 30, 1;
L_0x62a8cefc8e80 .part v0x62a8cef5ecd0_0, 31, 1;
L_0x62a8cefc9030 .part v0x62a8cef69710_0, 0, 1;
L_0x62a8cefc9220 .part L_0x62a8cf013670, 0, 1;
L_0x62a8cefc9320 .functor MUXZ 1, L_0x62a8cefc9220, L_0x62a8cefc9030, v0x62a8cef68e10_0, C4<>;
L_0x62a8cefc94f0 .part v0x62a8cef69710_0, 1, 1;
L_0x62a8cefc95e0 .part L_0x62a8cf013670, 1, 1;
L_0x62a8cefc9810 .functor MUXZ 1, L_0x62a8cefc95e0, L_0x62a8cefc94f0, v0x62a8cef68ef0_0, C4<>;
L_0x62a8cefc9950 .part v0x62a8cef69710_0, 2, 1;
L_0x62a8cefc9b40 .part L_0x62a8cf013670, 2, 1;
L_0x62a8cefc9be0 .functor MUXZ 1, L_0x62a8cefc9b40, L_0x62a8cefc9950, v0x62a8cef68510_0, C4<>;
L_0x62a8cefc9ee0 .part v0x62a8cef69710_0, 3, 1;
L_0x62a8cefc9f80 .part L_0x62a8cf013670, 3, 1;
L_0x62a8cefca190 .functor MUXZ 1, L_0x62a8cefc9f80, L_0x62a8cefc9ee0, v0x62a8cef685f0_0, C4<>;
L_0x62a8cefca290 .part v0x62a8cef69710_0, 4, 1;
L_0x62a8cefca4b0 .part L_0x62a8cf013670, 4, 1;
L_0x62a8cefca550 .functor MUXZ 1, L_0x62a8cefca4b0, L_0x62a8cefca290, v0x62a8cef67c10_0, C4<>;
L_0x62a8cefca880 .part v0x62a8cef69710_0, 5, 1;
L_0x62a8cefca920 .part L_0x62a8cf013670, 5, 1;
L_0x62a8cefcab60 .functor MUXZ 1, L_0x62a8cefca920, L_0x62a8cefca880, v0x62a8cef67cd0_0, C4<>;
L_0x62a8cefcad00 .part v0x62a8cef69710_0, 6, 1;
L_0x62a8cefcaf50 .part L_0x62a8cf013670, 6, 1;
L_0x62a8cefcaff0 .functor MUXZ 1, L_0x62a8cefcaf50, L_0x62a8cefcad00, v0x62a8cef67310_0, C4<>;
L_0x62a8cefcb350 .part v0x62a8cef69710_0, 7, 1;
L_0x62a8cefcb3f0 .part L_0x62a8cf013670, 7, 1;
L_0x62a8cefcb660 .functor MUXZ 1, L_0x62a8cefcb3f0, L_0x62a8cefcb350, v0x62a8cef673f0_0, C4<>;
L_0x62a8cefcb800 .part v0x62a8cef69710_0, 8, 1;
L_0x62a8cefcba80 .part L_0x62a8cf013670, 8, 1;
L_0x62a8cefcbb20 .functor MUXZ 1, L_0x62a8cefcba80, L_0x62a8cefcb800, v0x62a8cef66a30_0, C4<>;
L_0x62a8cefcbeb0 .part v0x62a8cef69710_0, 9, 1;
L_0x62a8cefcbf50 .part L_0x62a8cf013670, 9, 1;
L_0x62a8cefcc1f0 .functor MUXZ 1, L_0x62a8cefcbf50, L_0x62a8cefcbeb0, v0x62a8cef66b10_0, C4<>;
L_0x62a8cefcc390 .part v0x62a8cef69710_0, 10, 1;
L_0x62a8cefcc640 .part L_0x62a8cf013670, 10, 1;
L_0x62a8cefcc6e0 .functor MUXZ 1, L_0x62a8cefcc640, L_0x62a8cefcc390, v0x62a8cef66150_0, C4<>;
L_0x62a8cefccaa0 .part v0x62a8cef69710_0, 11, 1;
L_0x62a8cefccb40 .part L_0x62a8cf013670, 11, 1;
L_0x62a8cefcce10 .functor MUXZ 1, L_0x62a8cefccb40, L_0x62a8cefccaa0, v0x62a8cef65810_0, C4<>;
L_0x62a8cefccfb0 .part v0x62a8cef69710_0, 12, 1;
L_0x62a8cefcd290 .part L_0x62a8cf013670, 12, 1;
L_0x62a8cefcd330 .functor MUXZ 1, L_0x62a8cefcd290, L_0x62a8cefccfb0, v0x62a8cef658f0_0, C4<>;
L_0x62a8cefcd720 .part v0x62a8cef69710_0, 13, 1;
L_0x62a8cefcd7c0 .part L_0x62a8cf013670, 13, 1;
L_0x62a8cefcdac0 .functor MUXZ 1, L_0x62a8cefcd7c0, L_0x62a8cefcd720, v0x62a8cef64f10_0, C4<>;
L_0x62a8cefcdc30 .part v0x62a8cef69710_0, 14, 1;
L_0x62a8cefcdf40 .part L_0x62a8cf013670, 14, 1;
L_0x62a8cefcdfe0 .functor MUXZ 1, L_0x62a8cefcdf40, L_0x62a8cefcdc30, v0x62a8cef64ff0_0, C4<>;
L_0x62a8cefce400 .part v0x62a8cef69710_0, 15, 1;
L_0x62a8cefce4a0 .part L_0x62a8cf013670, 15, 1;
L_0x62a8cefce7d0 .functor MUXZ 1, L_0x62a8cefce4a0, L_0x62a8cefce400, v0x62a8cef64610_0, C4<>;
L_0x62a8cefce970 .part v0x62a8cef69710_0, 16, 1;
L_0x62a8cefcecb0 .part L_0x62a8cf013670, 16, 1;
L_0x62a8cefced50 .functor MUXZ 1, L_0x62a8cefcecb0, L_0x62a8cefce970, v0x62a8cef646f0_0, C4<>;
L_0x62a8cefcf1a0 .part v0x62a8cef69710_0, 17, 1;
L_0x62a8cefcf240 .part L_0x62a8cf013670, 17, 1;
L_0x62a8cefcf5a0 .functor MUXZ 1, L_0x62a8cefcf240, L_0x62a8cefcf1a0, v0x62a8cef63d10_0, C4<>;
L_0x62a8cefcf740 .part v0x62a8cef69710_0, 18, 1;
L_0x62a8cefcfab0 .part L_0x62a8cf013670, 18, 1;
L_0x62a8cefcfb50 .functor MUXZ 1, L_0x62a8cefcfab0, L_0x62a8cefcf740, v0x62a8cef63dd0_0, C4<>;
L_0x62a8cefcffd0 .part v0x62a8cef69710_0, 19, 1;
L_0x62a8cefd0070 .part L_0x62a8cf013670, 19, 1;
L_0x62a8cefd0400 .functor MUXZ 1, L_0x62a8cefd0070, L_0x62a8cefcffd0, v0x62a8cef63410_0, C4<>;
L_0x62a8cefd05a0 .part v0x62a8cef69710_0, 20, 1;
L_0x62a8cefd0940 .part L_0x62a8cf013670, 20, 1;
L_0x62a8cefd09e0 .functor MUXZ 1, L_0x62a8cefd0940, L_0x62a8cefd05a0, v0x62a8cef634f0_0, C4<>;
L_0x62a8cefd0e90 .part v0x62a8cef69710_0, 21, 1;
L_0x62a8cefd0f30 .part L_0x62a8cf013670, 21, 1;
L_0x62a8cefd12f0 .functor MUXZ 1, L_0x62a8cefd0f30, L_0x62a8cefd0e90, v0x62a8cef62b30_0, C4<>;
L_0x62a8cefd1490 .part v0x62a8cef69710_0, 22, 1;
L_0x62a8cefd1860 .part L_0x62a8cf013670, 22, 1;
L_0x62a8cefd1900 .functor MUXZ 1, L_0x62a8cefd1860, L_0x62a8cefd1490, v0x62a8cef62c10_0, C4<>;
L_0x62a8cefd1de0 .part v0x62a8cef69710_0, 23, 1;
L_0x62a8cefd1e80 .part L_0x62a8cf013670, 23, 1;
L_0x62a8cefd2270 .functor MUXZ 1, L_0x62a8cefd1e80, L_0x62a8cefd1de0, v0x62a8cef62250_0, C4<>;
L_0x62a8cefd2410 .part v0x62a8cef69710_0, 24, 1;
L_0x62a8cefd2810 .part L_0x62a8cf013670, 24, 1;
L_0x62a8cefd28b0 .functor MUXZ 1, L_0x62a8cefd2810, L_0x62a8cefd2410, v0x62a8cef61910_0, C4<>;
L_0x62a8cefd2dc0 .part v0x62a8cef69710_0, 25, 1;
L_0x62a8cefd2e60 .part L_0x62a8cf013670, 25, 1;
L_0x62a8cefd3280 .functor MUXZ 1, L_0x62a8cefd2e60, L_0x62a8cefd2dc0, v0x62a8cef619f0_0, C4<>;
L_0x62a8cefd3420 .part v0x62a8cef69710_0, 26, 1;
L_0x62a8cefd3850 .part L_0x62a8cf013670, 26, 1;
L_0x62a8cefd38f0 .functor MUXZ 1, L_0x62a8cefd3850, L_0x62a8cefd3420, v0x62a8cef61010_0, C4<>;
L_0x62a8cefd3e30 .part v0x62a8cef69710_0, 27, 1;
L_0x62a8cefd3ed0 .part L_0x62a8cf013670, 27, 1;
L_0x62a8cefd4320 .functor MUXZ 1, L_0x62a8cefd3ed0, L_0x62a8cefd3e30, v0x62a8cef610f0_0, C4<>;
L_0x62a8cefd44c0 .part v0x62a8cef69710_0, 28, 1;
L_0x62a8cefd4920 .part L_0x62a8cf013670, 28, 1;
L_0x62a8cefd49c0 .functor MUXZ 1, L_0x62a8cefd4920, L_0x62a8cefd44c0, v0x62a8cef60710_0, C4<>;
L_0x62a8cefd4f30 .part v0x62a8cef69710_0, 29, 1;
L_0x62a8cefd4fd0 .part L_0x62a8cf013670, 29, 1;
L_0x62a8cefd5450 .functor MUXZ 1, L_0x62a8cefd4fd0, L_0x62a8cefd4f30, v0x62a8cef607f0_0, C4<>;
L_0x62a8cefd55f0 .part v0x62a8cef69710_0, 30, 1;
L_0x62a8cefd5a80 .part L_0x62a8cf013670, 30, 1;
L_0x62a8cefd5b20 .functor MUXZ 1, L_0x62a8cefd5a80, L_0x62a8cefd55f0, v0x62a8cef5fe10_0, C4<>;
LS_0x62a8cefd5fc0_0_0 .concat8 [ 1 1 1 1], L_0x62a8cefc9320, L_0x62a8cefc9810, L_0x62a8cefc9be0, L_0x62a8cefca190;
LS_0x62a8cefd5fc0_0_4 .concat8 [ 1 1 1 1], L_0x62a8cefca550, L_0x62a8cefcab60, L_0x62a8cefcaff0, L_0x62a8cefcb660;
LS_0x62a8cefd5fc0_0_8 .concat8 [ 1 1 1 1], L_0x62a8cefcbb20, L_0x62a8cefcc1f0, L_0x62a8cefcc6e0, L_0x62a8cefcce10;
LS_0x62a8cefd5fc0_0_12 .concat8 [ 1 1 1 1], L_0x62a8cefcd330, L_0x62a8cefcdac0, L_0x62a8cefcdfe0, L_0x62a8cefce7d0;
LS_0x62a8cefd5fc0_0_16 .concat8 [ 1 1 1 1], L_0x62a8cefced50, L_0x62a8cefcf5a0, L_0x62a8cefcfb50, L_0x62a8cefd0400;
LS_0x62a8cefd5fc0_0_20 .concat8 [ 1 1 1 1], L_0x62a8cefd09e0, L_0x62a8cefd12f0, L_0x62a8cefd1900, L_0x62a8cefd2270;
LS_0x62a8cefd5fc0_0_24 .concat8 [ 1 1 1 1], L_0x62a8cefd28b0, L_0x62a8cefd3280, L_0x62a8cefd38f0, L_0x62a8cefd4320;
LS_0x62a8cefd5fc0_0_28 .concat8 [ 1 1 1 1], L_0x62a8cefd49c0, L_0x62a8cefd5450, L_0x62a8cefd5b20, L_0x62a8cefd7780;
LS_0x62a8cefd5fc0_1_0 .concat8 [ 4 4 4 4], LS_0x62a8cefd5fc0_0_0, LS_0x62a8cefd5fc0_0_4, LS_0x62a8cefd5fc0_0_8, LS_0x62a8cefd5fc0_0_12;
LS_0x62a8cefd5fc0_1_4 .concat8 [ 4 4 4 4], LS_0x62a8cefd5fc0_0_16, LS_0x62a8cefd5fc0_0_20, LS_0x62a8cefd5fc0_0_24, LS_0x62a8cefd5fc0_0_28;
L_0x62a8cefd5fc0 .concat8 [ 16 16 0 0], LS_0x62a8cefd5fc0_1_0, LS_0x62a8cefd5fc0_1_4;
L_0x62a8cefd6a10 .part v0x62a8cef69710_0, 31, 1;
L_0x62a8cefd72d0 .part L_0x62a8cf013670, 31, 1;
L_0x62a8cefd7780 .functor MUXZ 1, L_0x62a8cefd72d0, L_0x62a8cefd6a10, v0x62a8cef5fed0_0, C4<>;
L_0x62a8cefd7d30 .functor MUXZ 32, v0x62a8cef5f5f0_0, L_0x62a8cefd5fc0, v0x62a8ceebd0e0_0, C4<>;
L_0x62a8cefd7e20 .part L_0x62a8cf0016b0, 0, 1;
L_0x62a8cefd7820 .part L_0x62a8cf0017d0, 0, 1;
L_0x62a8cefd78c0 .part L_0x62a8cf001a30, 0, 1;
L_0x62a8cefd7960 .functor MUXZ 1, L_0x62a8cefd78c0, L_0x62a8cefd7820, L_0x62a8cefd7e20, C4<>;
L_0x62a8cefd7af0 .part L_0x62a8cf0016b0, 1, 1;
L_0x62a8cefd8310 .part L_0x62a8cf0017d0, 1, 1;
L_0x62a8cefd83b0 .part L_0x62a8cf001a30, 1, 1;
L_0x62a8cefd7ec0 .functor MUXZ 1, L_0x62a8cefd83b0, L_0x62a8cefd8310, L_0x62a8cefd7af0, C4<>;
L_0x62a8cefd8050 .part L_0x62a8cf0016b0, 2, 1;
L_0x62a8cefd80f0 .part L_0x62a8cf0017d0, 2, 1;
L_0x62a8cefd8190 .part L_0x62a8cf001a30, 2, 1;
L_0x62a8cefd8230 .functor MUXZ 1, L_0x62a8cefd8190, L_0x62a8cefd80f0, L_0x62a8cefd8050, C4<>;
L_0x62a8cefd8a10 .part L_0x62a8cf0016b0, 3, 1;
L_0x62a8cefd84a0 .part L_0x62a8cf0017d0, 3, 1;
L_0x62a8cefd8540 .part L_0x62a8cf001a30, 3, 1;
L_0x62a8cefd85e0 .functor MUXZ 1, L_0x62a8cefd8540, L_0x62a8cefd84a0, L_0x62a8cefd8a10, C4<>;
L_0x62a8cefd86d0 .part L_0x62a8cf0016b0, 4, 1;
L_0x62a8cefd8770 .part L_0x62a8cf0017d0, 4, 1;
L_0x62a8cefd8810 .part L_0x62a8cf001a30, 4, 1;
L_0x62a8cefd8f70 .functor MUXZ 1, L_0x62a8cefd8810, L_0x62a8cefd8770, L_0x62a8cefd86d0, C4<>;
L_0x62a8cefd9060 .part L_0x62a8cf0016b0, 5, 1;
L_0x62a8cefd8ab0 .part L_0x62a8cf0017d0, 5, 1;
L_0x62a8cefd8b50 .part L_0x62a8cf001a30, 5, 1;
L_0x62a8cefd8bf0 .functor MUXZ 1, L_0x62a8cefd8b50, L_0x62a8cefd8ab0, L_0x62a8cefd9060, C4<>;
L_0x62a8cefd8d80 .part L_0x62a8cf0016b0, 6, 1;
L_0x62a8cefd8e20 .part L_0x62a8cf0017d0, 6, 1;
L_0x62a8cefd8ec0 .part L_0x62a8cf001a30, 6, 1;
L_0x62a8cefd9600 .functor MUXZ 1, L_0x62a8cefd8ec0, L_0x62a8cefd8e20, L_0x62a8cefd8d80, C4<>;
L_0x62a8cefd9790 .part L_0x62a8cf0016b0, 7, 1;
L_0x62a8cefd9100 .part L_0x62a8cf0017d0, 7, 1;
L_0x62a8cefd91a0 .part L_0x62a8cf001a30, 7, 1;
L_0x62a8cefd9350 .functor MUXZ 1, L_0x62a8cefd91a0, L_0x62a8cefd9100, L_0x62a8cefd9790, C4<>;
L_0x62a8cefd94e0 .part L_0x62a8cf0016b0, 8, 1;
L_0x62a8cefd9d60 .part L_0x62a8cf0017d0, 8, 1;
L_0x62a8cefd9e00 .part L_0x62a8cf001a30, 8, 1;
L_0x62a8cefd9830 .functor MUXZ 1, L_0x62a8cefd9e00, L_0x62a8cefd9d60, L_0x62a8cefd94e0, C4<>;
L_0x62a8cefd99c0 .part L_0x62a8cf0016b0, 9, 1;
L_0x62a8cefd9a60 .part L_0x62a8cf0017d0, 9, 1;
L_0x62a8cefd9b00 .part L_0x62a8cf001a30, 9, 1;
L_0x62a8cefd9ba0 .functor MUXZ 1, L_0x62a8cefd9b00, L_0x62a8cefd9a60, L_0x62a8cefd99c0, C4<>;
L_0x62a8cefda400 .part L_0x62a8cf0016b0, 10, 1;
L_0x62a8cefd9ea0 .part L_0x62a8cf0017d0, 10, 1;
L_0x62a8cefd9f40 .part L_0x62a8cf001a30, 10, 1;
L_0x62a8cefd9fe0 .functor MUXZ 1, L_0x62a8cefd9f40, L_0x62a8cefd9ea0, L_0x62a8cefda400, C4<>;
L_0x62a8cefda170 .part L_0x62a8cf0016b0, 11, 1;
L_0x62a8cefda210 .part L_0x62a8cf0017d0, 11, 1;
L_0x62a8cefda2b0 .part L_0x62a8cf001a30, 11, 1;
L_0x62a8cefda350 .functor MUXZ 1, L_0x62a8cefda2b0, L_0x62a8cefda210, L_0x62a8cefda170, C4<>;
L_0x62a8cefdaae0 .part L_0x62a8cf0016b0, 12, 1;
L_0x62a8cefda4a0 .part L_0x62a8cf0017d0, 12, 1;
L_0x62a8cefda540 .part L_0x62a8cf001a30, 12, 1;
L_0x62a8cefda5e0 .functor MUXZ 1, L_0x62a8cefda540, L_0x62a8cefda4a0, L_0x62a8cefdaae0, C4<>;
L_0x62a8cefda770 .part L_0x62a8cf0016b0, 13, 1;
L_0x62a8cefda810 .part L_0x62a8cf0017d0, 13, 1;
L_0x62a8cefda8b0 .part L_0x62a8cf001a30, 13, 1;
L_0x62a8cefda950 .functor MUXZ 1, L_0x62a8cefda8b0, L_0x62a8cefda810, L_0x62a8cefda770, C4<>;
L_0x62a8cefdb200 .part L_0x62a8cf0016b0, 14, 1;
L_0x62a8cefdab80 .part L_0x62a8cf0017d0, 14, 1;
L_0x62a8cefdac20 .part L_0x62a8cf001a30, 14, 1;
L_0x62a8cefdacc0 .functor MUXZ 1, L_0x62a8cefdac20, L_0x62a8cefdab80, L_0x62a8cefdb200, C4<>;
L_0x62a8cefdae50 .part L_0x62a8cf0016b0, 15, 1;
L_0x62a8cefdaef0 .part L_0x62a8cf0017d0, 15, 1;
L_0x62a8cefdaf90 .part L_0x62a8cf001a30, 15, 1;
L_0x62a8cefdb030 .functor MUXZ 1, L_0x62a8cefdaf90, L_0x62a8cefdaef0, L_0x62a8cefdae50, C4<>;
L_0x62a8cefdb960 .part L_0x62a8cf0016b0, 16, 1;
L_0x62a8cefdb2a0 .part L_0x62a8cf0017d0, 16, 1;
L_0x62a8cefdb340 .part L_0x62a8cf001a30, 16, 1;
L_0x62a8cefdb3e0 .functor MUXZ 1, L_0x62a8cefdb340, L_0x62a8cefdb2a0, L_0x62a8cefdb960, C4<>;
L_0x62a8cefdb570 .part L_0x62a8cf0016b0, 17, 1;
L_0x62a8cefdb610 .part L_0x62a8cf0017d0, 17, 1;
L_0x62a8cefdb6b0 .part L_0x62a8cf001a30, 17, 1;
L_0x62a8cefdb750 .functor MUXZ 1, L_0x62a8cefdb6b0, L_0x62a8cefdb610, L_0x62a8cefdb570, C4<>;
L_0x62a8cefdc0b0 .part L_0x62a8cf0016b0, 18, 1;
L_0x62a8cefdba00 .part L_0x62a8cf0017d0, 18, 1;
L_0x62a8cefdbaa0 .part L_0x62a8cf001a30, 18, 1;
L_0x62a8cefdbb40 .functor MUXZ 1, L_0x62a8cefdbaa0, L_0x62a8cefdba00, L_0x62a8cefdc0b0, C4<>;
L_0x62a8cefdbcd0 .part L_0x62a8cf0016b0, 19, 1;
L_0x62a8cefdbd70 .part L_0x62a8cf0017d0, 19, 1;
L_0x62a8cefdbe10 .part L_0x62a8cf001a30, 19, 1;
L_0x62a8cefdbeb0 .functor MUXZ 1, L_0x62a8cefdbe10, L_0x62a8cefdbd70, L_0x62a8cefdbcd0, C4<>;
L_0x62a8cefdc7f0 .part L_0x62a8cf0016b0, 20, 1;
L_0x62a8cefdc150 .part L_0x62a8cf0017d0, 20, 1;
L_0x62a8cefdc1f0 .part L_0x62a8cf001a30, 20, 1;
L_0x62a8cefdc290 .functor MUXZ 1, L_0x62a8cefdc1f0, L_0x62a8cefdc150, L_0x62a8cefdc7f0, C4<>;
L_0x62a8cefdc420 .part L_0x62a8cf0016b0, 21, 1;
L_0x62a8cefdc4c0 .part L_0x62a8cf0017d0, 21, 1;
L_0x62a8cefdc560 .part L_0x62a8cf001a30, 21, 1;
L_0x62a8cefdc600 .functor MUXZ 1, L_0x62a8cefdc560, L_0x62a8cefdc4c0, L_0x62a8cefdc420, C4<>;
L_0x62a8cefdcf70 .part L_0x62a8cf0016b0, 22, 1;
L_0x62a8cefdc890 .part L_0x62a8cf0017d0, 22, 1;
L_0x62a8cefdc930 .part L_0x62a8cf001a30, 22, 1;
L_0x62a8cefdc9d0 .functor MUXZ 1, L_0x62a8cefdc930, L_0x62a8cefdc890, L_0x62a8cefdcf70, C4<>;
L_0x62a8cefdcb60 .part L_0x62a8cf0016b0, 23, 1;
L_0x62a8cefdcc00 .part L_0x62a8cf0017d0, 23, 1;
L_0x62a8cefdcca0 .part L_0x62a8cf001a30, 23, 1;
L_0x62a8cefdcd40 .functor MUXZ 1, L_0x62a8cefdcca0, L_0x62a8cefdcc00, L_0x62a8cefdcb60, C4<>;
L_0x62a8cefdced0 .part L_0x62a8cf0016b0, 24, 1;
L_0x62a8cefdd740 .part L_0x62a8cf0017d0, 24, 1;
L_0x62a8cefdd7e0 .part L_0x62a8cf001a30, 24, 1;
L_0x62a8cefdd010 .functor MUXZ 1, L_0x62a8cefdd7e0, L_0x62a8cefdd740, L_0x62a8cefdced0, C4<>;
L_0x62a8cefdd1a0 .part L_0x62a8cf0016b0, 25, 1;
L_0x62a8cefdd240 .part L_0x62a8cf0017d0, 25, 1;
L_0x62a8cefdd2e0 .part L_0x62a8cf001a30, 25, 1;
L_0x62a8cefdd380 .functor MUXZ 1, L_0x62a8cefdd2e0, L_0x62a8cefdd240, L_0x62a8cefdd1a0, C4<>;
L_0x62a8cefdd510 .part L_0x62a8cf0016b0, 26, 1;
L_0x62a8cefdd5b0 .part L_0x62a8cf0017d0, 26, 1;
L_0x62a8cefdd650 .part L_0x62a8cf001a30, 26, 1;
L_0x62a8cefde000 .functor MUXZ 1, L_0x62a8cefdd650, L_0x62a8cefdd5b0, L_0x62a8cefdd510, C4<>;
L_0x62a8cefde0f0 .part L_0x62a8cf0016b0, 27, 1;
L_0x62a8cefdd880 .part L_0x62a8cf0017d0, 27, 1;
L_0x62a8cefdd920 .part L_0x62a8cf001a30, 27, 1;
L_0x62a8cefdd9c0 .functor MUXZ 1, L_0x62a8cefdd920, L_0x62a8cefdd880, L_0x62a8cefde0f0, C4<>;
L_0x62a8cefddb50 .part L_0x62a8cf0016b0, 28, 1;
L_0x62a8cefddbf0 .part L_0x62a8cf0017d0, 28, 1;
L_0x62a8cefddc90 .part L_0x62a8cf001a30, 28, 1;
L_0x62a8cefddd30 .functor MUXZ 1, L_0x62a8cefddc90, L_0x62a8cefddbf0, L_0x62a8cefddb50, C4<>;
L_0x62a8cefddec0 .part L_0x62a8cf0016b0, 29, 1;
L_0x62a8cefddf60 .part L_0x62a8cf0017d0, 29, 1;
L_0x62a8cefde960 .part L_0x62a8cf001a30, 29, 1;
L_0x62a8cefde190 .functor MUXZ 1, L_0x62a8cefde960, L_0x62a8cefddf60, L_0x62a8cefddec0, C4<>;
L_0x62a8cefde320 .part L_0x62a8cf0016b0, 30, 1;
L_0x62a8cefde3c0 .part L_0x62a8cf0017d0, 30, 1;
L_0x62a8cefde460 .part L_0x62a8cf001a30, 30, 1;
L_0x62a8cefde500 .functor MUXZ 1, L_0x62a8cefde460, L_0x62a8cefde3c0, L_0x62a8cefde320, C4<>;
L_0x62a8cefde6c0 .part L_0x62a8cf0016b0, 31, 1;
L_0x62a8cefde760 .part L_0x62a8cf0017d0, 31, 1;
L_0x62a8cefde800 .part L_0x62a8cf001a30, 31, 1;
L_0x62a8cefde8a0 .functor MUXZ 1, L_0x62a8cefde800, L_0x62a8cefde760, L_0x62a8cefde6c0, C4<>;
L_0x62a8cefdeaf0 .part L_0x62a8cf0014f0, 0, 1;
L_0x62a8cefdeb90 .part L_0x62a8cf001590, 0, 1;
L_0x62a8cefdec60 .functor MUXZ 1, L_0x62a8cefd7960, L_0x62a8cefdeb90, L_0x62a8cefdeaf0, C4<>;
L_0x62a8cefdee20 .part L_0x62a8cf0014f0, 1, 1;
L_0x62a8cefdef10 .part L_0x62a8cf001590, 1, 1;
L_0x62a8cefdf000 .functor MUXZ 1, L_0x62a8cefd7ec0, L_0x62a8cefdef10, L_0x62a8cefdee20, C4<>;
L_0x62a8cefe0280 .part L_0x62a8cf0014f0, 2, 1;
L_0x62a8cefdfa30 .part L_0x62a8cf001590, 2, 1;
L_0x62a8cefdfad0 .functor MUXZ 1, L_0x62a8cefd8230, L_0x62a8cefdfa30, L_0x62a8cefe0280, C4<>;
L_0x62a8cefdfc60 .part L_0x62a8cf0014f0, 3, 1;
L_0x62a8cefdfd00 .part L_0x62a8cf001590, 3, 1;
L_0x62a8cefdfda0 .functor MUXZ 1, L_0x62a8cefd85e0, L_0x62a8cefdfd00, L_0x62a8cefdfc60, C4<>;
L_0x62a8cefdfe90 .part L_0x62a8cf0014f0, 4, 1;
L_0x62a8cefdff30 .part L_0x62a8cf001590, 4, 1;
L_0x62a8cefdffd0 .functor MUXZ 1, L_0x62a8cefd8f70, L_0x62a8cefdff30, L_0x62a8cefdfe90, C4<>;
L_0x62a8cefe0160 .part L_0x62a8cf0014f0, 5, 1;
L_0x62a8cefe0bc0 .part L_0x62a8cf001590, 5, 1;
L_0x62a8cefe0320 .functor MUXZ 1, L_0x62a8cefd8bf0, L_0x62a8cefe0bc0, L_0x62a8cefe0160, C4<>;
L_0x62a8cefe04b0 .part L_0x62a8cf0014f0, 6, 1;
L_0x62a8cefe0550 .part L_0x62a8cf001590, 6, 1;
L_0x62a8cefe05f0 .functor MUXZ 1, L_0x62a8cefd9600, L_0x62a8cefe0550, L_0x62a8cefe04b0, C4<>;
L_0x62a8cefe0780 .part L_0x62a8cf0014f0, 7, 1;
L_0x62a8cefe0820 .part L_0x62a8cf001590, 7, 1;
L_0x62a8cefe08c0 .functor MUXZ 1, L_0x62a8cefd9350, L_0x62a8cefe0820, L_0x62a8cefe0780, C4<>;
L_0x62a8cefe0a50 .part L_0x62a8cf0014f0, 8, 1;
L_0x62a8cefe0af0 .part L_0x62a8cf001590, 8, 1;
L_0x62a8cefe1550 .functor MUXZ 1, L_0x62a8cefd9830, L_0x62a8cefe0af0, L_0x62a8cefe0a50, C4<>;
L_0x62a8cefe0cb0 .part L_0x62a8cf0014f0, 9, 1;
L_0x62a8cefe0d50 .part L_0x62a8cf001590, 9, 1;
L_0x62a8cefe0df0 .functor MUXZ 1, L_0x62a8cefd9ba0, L_0x62a8cefe0d50, L_0x62a8cefe0cb0, C4<>;
L_0x62a8cefe0f80 .part L_0x62a8cf0014f0, 10, 1;
L_0x62a8cefe1020 .part L_0x62a8cf001590, 10, 1;
L_0x62a8cefe10c0 .functor MUXZ 1, L_0x62a8cefd9fe0, L_0x62a8cefe1020, L_0x62a8cefe0f80, C4<>;
L_0x62a8cefe1250 .part L_0x62a8cf0014f0, 11, 1;
L_0x62a8cefe12f0 .part L_0x62a8cf001590, 11, 1;
L_0x62a8cefe1390 .functor MUXZ 1, L_0x62a8cefda350, L_0x62a8cefe12f0, L_0x62a8cefe1250, C4<>;
L_0x62a8cefe1f30 .part L_0x62a8cf0014f0, 12, 1;
L_0x62a8cefe15f0 .part L_0x62a8cf001590, 12, 1;
L_0x62a8cefe1690 .functor MUXZ 1, L_0x62a8cefda5e0, L_0x62a8cefe15f0, L_0x62a8cefe1f30, C4<>;
L_0x62a8cefe1820 .part L_0x62a8cf0014f0, 13, 1;
L_0x62a8cefe18c0 .part L_0x62a8cf001590, 13, 1;
L_0x62a8cefe1960 .functor MUXZ 1, L_0x62a8cefda950, L_0x62a8cefe18c0, L_0x62a8cefe1820, C4<>;
L_0x62a8cefe1af0 .part L_0x62a8cf0014f0, 14, 1;
L_0x62a8cefe1b90 .part L_0x62a8cf001590, 14, 1;
L_0x62a8cefe1c30 .functor MUXZ 1, L_0x62a8cefdacc0, L_0x62a8cefe1b90, L_0x62a8cefe1af0, C4<>;
L_0x62a8cefe1dc0 .part L_0x62a8cf0014f0, 15, 1;
L_0x62a8cefe1e60 .part L_0x62a8cf001590, 15, 1;
L_0x62a8cefe2970 .functor MUXZ 1, L_0x62a8cefdb030, L_0x62a8cefe1e60, L_0x62a8cefe1dc0, C4<>;
L_0x62a8cefe2b00 .part L_0x62a8cf0014f0, 16, 1;
L_0x62a8cefe1fd0 .part L_0x62a8cf001590, 16, 1;
L_0x62a8cefe2070 .functor MUXZ 1, L_0x62a8cefdb3e0, L_0x62a8cefe1fd0, L_0x62a8cefe2b00, C4<>;
L_0x62a8cefe2200 .part L_0x62a8cf0014f0, 17, 1;
L_0x62a8cefe22a0 .part L_0x62a8cf001590, 17, 1;
L_0x62a8cefe2340 .functor MUXZ 1, L_0x62a8cefdb750, L_0x62a8cefe22a0, L_0x62a8cefe2200, C4<>;
L_0x62a8cefe24d0 .part L_0x62a8cf0014f0, 18, 1;
L_0x62a8cefe2570 .part L_0x62a8cf001590, 18, 1;
L_0x62a8cefe2610 .functor MUXZ 1, L_0x62a8cefdbb40, L_0x62a8cefe2570, L_0x62a8cefe24d0, C4<>;
L_0x62a8cefe27a0 .part L_0x62a8cf0014f0, 19, 1;
L_0x62a8cefe2840 .part L_0x62a8cf001590, 19, 1;
L_0x62a8cefe35a0 .functor MUXZ 1, L_0x62a8cefdbeb0, L_0x62a8cefe2840, L_0x62a8cefe27a0, C4<>;
L_0x62a8cefe36e0 .part L_0x62a8cf0014f0, 20, 1;
L_0x62a8cefe2ba0 .part L_0x62a8cf001590, 20, 1;
L_0x62a8cefe2c40 .functor MUXZ 1, L_0x62a8cefdc290, L_0x62a8cefe2ba0, L_0x62a8cefe36e0, C4<>;
L_0x62a8cefe2dd0 .part L_0x62a8cf0014f0, 21, 1;
L_0x62a8cefe2e70 .part L_0x62a8cf001590, 21, 1;
L_0x62a8cefe2f10 .functor MUXZ 1, L_0x62a8cefdc600, L_0x62a8cefe2e70, L_0x62a8cefe2dd0, C4<>;
L_0x62a8cefe30a0 .part L_0x62a8cf0014f0, 22, 1;
L_0x62a8cefe3140 .part L_0x62a8cf001590, 22, 1;
L_0x62a8cefe31e0 .functor MUXZ 1, L_0x62a8cefdc9d0, L_0x62a8cefe3140, L_0x62a8cefe30a0, C4<>;
L_0x62a8cefe3370 .part L_0x62a8cf0014f0, 23, 1;
L_0x62a8cefe3410 .part L_0x62a8cf001590, 23, 1;
L_0x62a8cefe34b0 .functor MUXZ 1, L_0x62a8cefdcd40, L_0x62a8cefe3410, L_0x62a8cefe3370, C4<>;
L_0x62a8cefe4230 .part L_0x62a8cf0014f0, 24, 1;
L_0x62a8cefe3780 .part L_0x62a8cf001590, 24, 1;
L_0x62a8cefe3820 .functor MUXZ 1, L_0x62a8cefdd010, L_0x62a8cefe3780, L_0x62a8cefe4230, C4<>;
L_0x62a8cefe39b0 .part L_0x62a8cf0014f0, 25, 1;
L_0x62a8cefe3a50 .part L_0x62a8cf001590, 25, 1;
L_0x62a8cefe3af0 .functor MUXZ 1, L_0x62a8cefdd380, L_0x62a8cefe3a50, L_0x62a8cefe39b0, C4<>;
L_0x62a8cefe3c80 .part L_0x62a8cf0014f0, 26, 1;
L_0x62a8cefe3d20 .part L_0x62a8cf001590, 26, 1;
L_0x62a8cefe3dc0 .functor MUXZ 1, L_0x62a8cefde000, L_0x62a8cefe3d20, L_0x62a8cefe3c80, C4<>;
L_0x62a8cefe3f50 .part L_0x62a8cf0014f0, 27, 1;
L_0x62a8cefe3ff0 .part L_0x62a8cf001590, 27, 1;
L_0x62a8cefe4090 .functor MUXZ 1, L_0x62a8cefdd9c0, L_0x62a8cefe3ff0, L_0x62a8cefe3f50, C4<>;
L_0x62a8cefe4de0 .part L_0x62a8cf0014f0, 28, 1;
L_0x62a8cefe42d0 .part L_0x62a8cf001590, 28, 1;
L_0x62a8cefe4370 .functor MUXZ 1, L_0x62a8cefddd30, L_0x62a8cefe42d0, L_0x62a8cefe4de0, C4<>;
L_0x62a8cefe4500 .part L_0x62a8cf0014f0, 29, 1;
L_0x62a8cefe45a0 .part L_0x62a8cf001590, 29, 1;
L_0x62a8cefe4640 .functor MUXZ 1, L_0x62a8cefde190, L_0x62a8cefe45a0, L_0x62a8cefe4500, C4<>;
L_0x62a8cefe47d0 .part L_0x62a8cf0014f0, 30, 1;
L_0x62a8cefe4870 .part L_0x62a8cf001590, 30, 1;
L_0x62a8cefe4910 .functor MUXZ 1, L_0x62a8cefde500, L_0x62a8cefe4870, L_0x62a8cefe47d0, C4<>;
L_0x62a8cefe4aa0 .part L_0x62a8cf0014f0, 31, 1;
L_0x62a8cefe4b40 .part L_0x62a8cf001590, 31, 1;
L_0x62a8cefe4be0 .functor MUXZ 1, L_0x62a8cefde8a0, L_0x62a8cefe4b40, L_0x62a8cefe4aa0, C4<>;
L_0x62a8cefe4e80 .part L_0x62a8cf001310, 0, 1;
L_0x62a8cefe4f20 .part L_0x62a8cf001400, 0, 1;
L_0x62a8cefe4fc0 .functor MUXZ 1, L_0x62a8cefdec60, L_0x62a8cefe4f20, L_0x62a8cefe4e80, C4<>;
L_0x62a8cefe5150 .part L_0x62a8cf001310, 1, 1;
L_0x62a8cefe5240 .part L_0x62a8cf001400, 1, 1;
L_0x62a8cefe5330 .functor MUXZ 1, L_0x62a8cefdf000, L_0x62a8cefe5240, L_0x62a8cefe5150, C4<>;
L_0x62a8cefe54c0 .part L_0x62a8cf001310, 2, 1;
L_0x62a8cefe5560 .part L_0x62a8cf001400, 2, 1;
L_0x62a8cefe5600 .functor MUXZ 1, L_0x62a8cefdfad0, L_0x62a8cefe5560, L_0x62a8cefe54c0, C4<>;
L_0x62a8cefe5790 .part L_0x62a8cf001310, 3, 1;
L_0x62a8cefe5830 .part L_0x62a8cf001400, 3, 1;
L_0x62a8cefe58d0 .functor MUXZ 1, L_0x62a8cefdfda0, L_0x62a8cefe5830, L_0x62a8cefe5790, C4<>;
L_0x62a8cefe6d80 .part L_0x62a8cf001310, 4, 1;
L_0x62a8cefe61b0 .part L_0x62a8cf001400, 4, 1;
L_0x62a8cefe6250 .functor MUXZ 1, L_0x62a8cefdffd0, L_0x62a8cefe61b0, L_0x62a8cefe6d80, C4<>;
L_0x62a8cefe63e0 .part L_0x62a8cf001310, 5, 1;
L_0x62a8cefe6480 .part L_0x62a8cf001400, 5, 1;
L_0x62a8cefe6520 .functor MUXZ 1, L_0x62a8cefe0320, L_0x62a8cefe6480, L_0x62a8cefe63e0, C4<>;
L_0x62a8cefe66b0 .part L_0x62a8cf001310, 6, 1;
L_0x62a8cefe6750 .part L_0x62a8cf001400, 6, 1;
L_0x62a8cefe67f0 .functor MUXZ 1, L_0x62a8cefe05f0, L_0x62a8cefe6750, L_0x62a8cefe66b0, C4<>;
L_0x62a8cefe6980 .part L_0x62a8cf001310, 7, 1;
L_0x62a8cefe6a20 .part L_0x62a8cf001400, 7, 1;
L_0x62a8cefe6ac0 .functor MUXZ 1, L_0x62a8cefe08c0, L_0x62a8cefe6a20, L_0x62a8cefe6980, C4<>;
L_0x62a8cefe6c50 .part L_0x62a8cf001310, 8, 1;
L_0x62a8cefe7a10 .part L_0x62a8cf001400, 8, 1;
L_0x62a8cefe7ab0 .functor MUXZ 1, L_0x62a8cefe1550, L_0x62a8cefe7a10, L_0x62a8cefe6c50, C4<>;
L_0x62a8cefe6ec0 .part L_0x62a8cf001310, 9, 1;
L_0x62a8cefe6f60 .part L_0x62a8cf001400, 9, 1;
L_0x62a8cefe7000 .functor MUXZ 1, L_0x62a8cefe0df0, L_0x62a8cefe6f60, L_0x62a8cefe6ec0, C4<>;
L_0x62a8cefe7190 .part L_0x62a8cf001310, 10, 1;
L_0x62a8cefe7230 .part L_0x62a8cf001400, 10, 1;
L_0x62a8cefe72d0 .functor MUXZ 1, L_0x62a8cefe10c0, L_0x62a8cefe7230, L_0x62a8cefe7190, C4<>;
L_0x62a8cefe7460 .part L_0x62a8cf001310, 11, 1;
L_0x62a8cefe7500 .part L_0x62a8cf001400, 11, 1;
L_0x62a8cefe75a0 .functor MUXZ 1, L_0x62a8cefe1390, L_0x62a8cefe7500, L_0x62a8cefe7460, C4<>;
L_0x62a8cefe7730 .part L_0x62a8cf001310, 12, 1;
L_0x62a8cefe77d0 .part L_0x62a8cf001400, 12, 1;
L_0x62a8cefe7870 .functor MUXZ 1, L_0x62a8cefe1690, L_0x62a8cefe77d0, L_0x62a8cefe7730, C4<>;
L_0x62a8cefe87b0 .part L_0x62a8cf001310, 13, 1;
L_0x62a8cefe8850 .part L_0x62a8cf001400, 13, 1;
L_0x62a8cefe7b50 .functor MUXZ 1, L_0x62a8cefe1960, L_0x62a8cefe8850, L_0x62a8cefe87b0, C4<>;
L_0x62a8cefe7ce0 .part L_0x62a8cf001310, 14, 1;
L_0x62a8cefe7d80 .part L_0x62a8cf001400, 14, 1;
L_0x62a8cefe7e20 .functor MUXZ 1, L_0x62a8cefe1c30, L_0x62a8cefe7d80, L_0x62a8cefe7ce0, C4<>;
L_0x62a8cefe7fb0 .part L_0x62a8cf001310, 15, 1;
L_0x62a8cefe8050 .part L_0x62a8cf001400, 15, 1;
L_0x62a8cefe80f0 .functor MUXZ 1, L_0x62a8cefe2970, L_0x62a8cefe8050, L_0x62a8cefe7fb0, C4<>;
L_0x62a8cefe8280 .part L_0x62a8cf001310, 16, 1;
L_0x62a8cefe8320 .part L_0x62a8cf001400, 16, 1;
L_0x62a8cefe83c0 .functor MUXZ 1, L_0x62a8cefe2070, L_0x62a8cefe8320, L_0x62a8cefe8280, C4<>;
L_0x62a8cefe8550 .part L_0x62a8cf001310, 17, 1;
L_0x62a8cefe85f0 .part L_0x62a8cf001400, 17, 1;
L_0x62a8cefe8690 .functor MUXZ 1, L_0x62a8cefe2340, L_0x62a8cefe85f0, L_0x62a8cefe8550, C4<>;
L_0x62a8cefe9660 .part L_0x62a8cf001310, 18, 1;
L_0x62a8cefe88f0 .part L_0x62a8cf001400, 18, 1;
L_0x62a8cefe8990 .functor MUXZ 1, L_0x62a8cefe2610, L_0x62a8cefe88f0, L_0x62a8cefe9660, C4<>;
L_0x62a8cefe8b20 .part L_0x62a8cf001310, 19, 1;
L_0x62a8cefe8bc0 .part L_0x62a8cf001400, 19, 1;
L_0x62a8cefe8c60 .functor MUXZ 1, L_0x62a8cefe35a0, L_0x62a8cefe8bc0, L_0x62a8cefe8b20, C4<>;
L_0x62a8cefe8df0 .part L_0x62a8cf001310, 20, 1;
L_0x62a8cefe8e90 .part L_0x62a8cf001400, 20, 1;
L_0x62a8cefe8f30 .functor MUXZ 1, L_0x62a8cefe2c40, L_0x62a8cefe8e90, L_0x62a8cefe8df0, C4<>;
L_0x62a8cefe90c0 .part L_0x62a8cf001310, 21, 1;
L_0x62a8cefe9160 .part L_0x62a8cf001400, 21, 1;
L_0x62a8cefe9200 .functor MUXZ 1, L_0x62a8cefe2f10, L_0x62a8cefe9160, L_0x62a8cefe90c0, C4<>;
L_0x62a8cefe9390 .part L_0x62a8cf001310, 22, 1;
L_0x62a8cefe9430 .part L_0x62a8cf001400, 22, 1;
L_0x62a8cefe94d0 .functor MUXZ 1, L_0x62a8cefe31e0, L_0x62a8cefe9430, L_0x62a8cefe9390, C4<>;
L_0x62a8cefea4f0 .part L_0x62a8cf001310, 23, 1;
L_0x62a8cefea590 .part L_0x62a8cf001400, 23, 1;
L_0x62a8cefe9700 .functor MUXZ 1, L_0x62a8cefe34b0, L_0x62a8cefea590, L_0x62a8cefea4f0, C4<>;
L_0x62a8cefe9890 .part L_0x62a8cf001310, 24, 1;
L_0x62a8cefe9930 .part L_0x62a8cf001400, 24, 1;
L_0x62a8cefe99d0 .functor MUXZ 1, L_0x62a8cefe3820, L_0x62a8cefe9930, L_0x62a8cefe9890, C4<>;
L_0x62a8cefe9b60 .part L_0x62a8cf001310, 25, 1;
L_0x62a8cefe9c00 .part L_0x62a8cf001400, 25, 1;
L_0x62a8cefe9ca0 .functor MUXZ 1, L_0x62a8cefe3af0, L_0x62a8cefe9c00, L_0x62a8cefe9b60, C4<>;
L_0x62a8cefe9e30 .part L_0x62a8cf001310, 26, 1;
L_0x62a8cefe9ed0 .part L_0x62a8cf001400, 26, 1;
L_0x62a8cefe9f70 .functor MUXZ 1, L_0x62a8cefe3dc0, L_0x62a8cefe9ed0, L_0x62a8cefe9e30, C4<>;
L_0x62a8cefea100 .part L_0x62a8cf001310, 27, 1;
L_0x62a8cefea1a0 .part L_0x62a8cf001400, 27, 1;
L_0x62a8cefea240 .functor MUXZ 1, L_0x62a8cefe4090, L_0x62a8cefea1a0, L_0x62a8cefea100, C4<>;
L_0x62a8cefeb3f0 .part L_0x62a8cf001310, 28, 1;
L_0x62a8cefea630 .part L_0x62a8cf001400, 28, 1;
L_0x62a8cefea6d0 .functor MUXZ 1, L_0x62a8cefe4370, L_0x62a8cefea630, L_0x62a8cefeb3f0, C4<>;
L_0x62a8cefea860 .part L_0x62a8cf001310, 29, 1;
L_0x62a8cefea900 .part L_0x62a8cf001400, 29, 1;
L_0x62a8cefea9a0 .functor MUXZ 1, L_0x62a8cefe4640, L_0x62a8cefea900, L_0x62a8cefea860, C4<>;
L_0x62a8cefeab30 .part L_0x62a8cf001310, 30, 1;
L_0x62a8cefeabd0 .part L_0x62a8cf001400, 30, 1;
L_0x62a8cefeac70 .functor MUXZ 1, L_0x62a8cefe4910, L_0x62a8cefeabd0, L_0x62a8cefeab30, C4<>;
L_0x62a8cefeae00 .part L_0x62a8cf001310, 31, 1;
L_0x62a8cefeb2b0 .part L_0x62a8cf001400, 31, 1;
L_0x62a8cefeb350 .functor MUXZ 1, L_0x62a8cefe4be0, L_0x62a8cefeb2b0, L_0x62a8cefeae00, C4<>;
L_0x62a8cefeb4e0 .part L_0x62a8cf0018f0, 0, 1;
L_0x62a8cefeb580 .part L_0x62a8cf0016b0, 0, 1;
L_0x62a8cefeb730 .part L_0x62a8cf0018f0, 1, 1;
L_0x62a8cefeb820 .part L_0x62a8cf0016b0, 1, 1;
L_0x62a8cefebaf0 .part L_0x62a8cf0018f0, 2, 1;
L_0x62a8cefebb90 .part L_0x62a8cf0016b0, 2, 1;
L_0x62a8cefebd40 .part L_0x62a8cf0018f0, 3, 1;
L_0x62a8cefebde0 .part L_0x62a8cf0016b0, 3, 1;
L_0x62a8cefeb9d0 .part L_0x62a8cf0018f0, 4, 1;
L_0x62a8cefec070 .part L_0x62a8cf0016b0, 4, 1;
L_0x62a8cefed520 .part L_0x62a8cf0018f0, 5, 1;
L_0x62a8cefec6b0 .part L_0x62a8cf0016b0, 5, 1;
L_0x62a8cefec9a0 .part L_0x62a8cf0018f0, 6, 1;
L_0x62a8cefeca40 .part L_0x62a8cf0016b0, 6, 1;
L_0x62a8cefecbf0 .part L_0x62a8cf0018f0, 7, 1;
L_0x62a8cefecc90 .part L_0x62a8cf0016b0, 7, 1;
L_0x62a8cefecf90 .part L_0x62a8cf0018f0, 8, 1;
L_0x62a8cefed030 .part L_0x62a8cf0016b0, 8, 1;
L_0x62a8cefed1e0 .part L_0x62a8cf0018f0, 9, 1;
L_0x62a8cefed280 .part L_0x62a8cf0016b0, 9, 1;
L_0x62a8cefed430 .part L_0x62a8cf0018f0, 10, 1;
L_0x62a8cefed5c0 .part L_0x62a8cf0016b0, 10, 1;
L_0x62a8cefed750 .part L_0x62a8cf0018f0, 11, 1;
L_0x62a8cefed7f0 .part L_0x62a8cf0016b0, 11, 1;
L_0x62a8cefedb40 .part L_0x62a8cf0018f0, 12, 1;
L_0x62a8cefedbe0 .part L_0x62a8cf0016b0, 12, 1;
L_0x62a8cefeddc0 .part L_0x62a8cf0018f0, 13, 1;
L_0x62a8cefede60 .part L_0x62a8cf0016b0, 13, 1;
L_0x62a8cefee1c0 .part L_0x62a8cf0018f0, 14, 1;
L_0x62a8cefee260 .part L_0x62a8cf0016b0, 14, 1;
L_0x62a8cefef4f0 .part L_0x62a8cf0018f0, 15, 1;
L_0x62a8cefee5e0 .part L_0x62a8cf0016b0, 15, 1;
L_0x62a8cefee950 .part L_0x62a8cf0018f0, 16, 1;
L_0x62a8cefee9f0 .part L_0x62a8cf0016b0, 16, 1;
L_0x62a8cefeebd0 .part L_0x62a8cf0018f0, 17, 1;
L_0x62a8cefeec70 .part L_0x62a8cf0016b0, 17, 1;
L_0x62a8cefeeff0 .part L_0x62a8cf0018f0, 18, 1;
L_0x62a8cefef090 .part L_0x62a8cf0016b0, 18, 1;
L_0x62a8cefef270 .part L_0x62a8cf0018f0, 19, 1;
L_0x62a8cefef310 .part L_0x62a8cf0016b0, 19, 1;
L_0x62a8ceff06a0 .part L_0x62a8cf0018f0, 20, 1;
L_0x62a8cefef590 .part L_0x62a8cf0016b0, 20, 1;
L_0x62a8cefef770 .part L_0x62a8cf0018f0, 21, 1;
L_0x62a8cefef810 .part L_0x62a8cf0016b0, 21, 1;
L_0x62a8cefefbb0 .part L_0x62a8cf0018f0, 22, 1;
L_0x62a8cefefc50 .part L_0x62a8cf0016b0, 22, 1;
L_0x62a8cefefe30 .part L_0x62a8cf0018f0, 23, 1;
L_0x62a8cefefed0 .part L_0x62a8cf0016b0, 23, 1;
L_0x62a8ceff0280 .part L_0x62a8cf0018f0, 24, 1;
L_0x62a8ceff0320 .part L_0x62a8cf0016b0, 24, 1;
L_0x62a8ceff16f0 .part L_0x62a8cf0018f0, 25, 1;
L_0x62a8ceff0740 .part L_0x62a8cf0016b0, 25, 1;
L_0x62a8ceff0ad0 .part L_0x62a8cf0018f0, 26, 1;
L_0x62a8ceff0b70 .part L_0x62a8cf0016b0, 26, 1;
L_0x62a8ceff0d50 .part L_0x62a8cf0018f0, 27, 1;
L_0x62a8ceff0df0 .part L_0x62a8cf0016b0, 27, 1;
L_0x62a8ceff11c0 .part L_0x62a8cf0018f0, 28, 1;
L_0x62a8ceff1260 .part L_0x62a8cf0016b0, 28, 1;
L_0x62a8ceff1440 .part L_0x62a8cf0018f0, 29, 1;
L_0x62a8ceff14e0 .part L_0x62a8cf0016b0, 29, 1;
L_0x62a8ceff2990 .part L_0x62a8cf0018f0, 30, 1;
L_0x62a8ceff1790 .part L_0x62a8cf0016b0, 30, 1;
L_0x62a8ceff1940 .part L_0x62a8cf0018f0, 31, 1;
L_0x62a8ceff1df0 .part L_0x62a8cf0016b0, 31, 1;
L_0x62a8ceff3c60 .part L_0x62a8cf0014f0, 0, 1;
L_0x62a8ceff2af0 .part L_0x62a8cf0014f0, 1, 1;
L_0x62a8ceff2ec0 .part L_0x62a8cf0014f0, 2, 1;
L_0x62a8ceff3070 .part L_0x62a8cf0014f0, 3, 1;
L_0x62a8ceff3450 .part L_0x62a8cf0014f0, 4, 1;
L_0x62a8ceff3600 .part L_0x62a8cf0014f0, 5, 1;
L_0x62a8ceff4d50 .part L_0x62a8cf0014f0, 6, 1;
L_0x62a8ceff3e10 .part L_0x62a8cf0014f0, 7, 1;
L_0x62a8ceff3fc0 .part L_0x62a8cf0014f0, 8, 1;
L_0x62a8ceff4120 .part L_0x62a8cf0014f0, 9, 1;
L_0x62a8ceff4530 .part L_0x62a8cf0014f0, 10, 1;
L_0x62a8ceff46e0 .part L_0x62a8cf0014f0, 11, 1;
L_0x62a8ceff4b00 .part L_0x62a8cf0014f0, 12, 1;
L_0x62a8ceff4cb0 .part L_0x62a8cf0014f0, 13, 1;
L_0x62a8ceff6210 .part L_0x62a8cf0014f0, 14, 1;
L_0x62a8ceff4f00 .part L_0x62a8cf0014f0, 15, 1;
L_0x62a8ceff5340 .part L_0x62a8cf0014f0, 16, 1;
L_0x62a8ceff54f0 .part L_0x62a8cf0014f0, 17, 1;
L_0x62a8ceff5940 .part L_0x62a8cf0014f0, 18, 1;
L_0x62a8ceff5af0 .part L_0x62a8cf0014f0, 19, 1;
L_0x62a8ceff5ca0 .part L_0x62a8cf0014f0, 20, 1;
L_0x62a8ceff62b0 .part L_0x62a8cf0014f0, 21, 1;
L_0x62a8ceff6720 .part L_0x62a8cf0014f0, 22, 1;
L_0x62a8ceff68d0 .part L_0x62a8cf0014f0, 23, 1;
L_0x62a8ceff6d50 .part L_0x62a8cf0014f0, 24, 1;
L_0x62a8ceff6f00 .part L_0x62a8cf0014f0, 25, 1;
L_0x62a8ceff70b0 .part L_0x62a8cf0014f0, 26, 1;
L_0x62a8ceff7260 .part L_0x62a8cf0014f0, 27, 1;
L_0x62a8ceff79b0 .part L_0x62a8cf0014f0, 28, 1;
L_0x62a8ceff7b60 .part L_0x62a8cf0014f0, 29, 1;
L_0x62a8ceff8010 .part L_0x62a8cf0014f0, 30, 1;
L_0x62a8ceff81c0 .part L_0x62a8cf0014f0, 31, 1;
L_0x62a8ceffa320 .part L_0x62a8cf001310, 0, 1;
L_0x62a8ceff8a90 .part L_0x62a8cf001310, 1, 1;
L_0x62a8ceff8f60 .part L_0x62a8cf001310, 2, 1;
L_0x62a8ceff9110 .part L_0x62a8cf001310, 3, 1;
L_0x62a8ceff95f0 .part L_0x62a8cf001310, 4, 1;
L_0x62a8ceff97a0 .part L_0x62a8cf001310, 5, 1;
L_0x62a8ceff9950 .part L_0x62a8cf001310, 6, 1;
L_0x62a8ceffa3c0 .part L_0x62a8cf001310, 7, 1;
L_0x62a8ceffa8c0 .part L_0x62a8cf001310, 8, 1;
L_0x62a8ceffaa70 .part L_0x62a8cf001310, 9, 1;
L_0x62a8ceffaf80 .part L_0x62a8cf001310, 10, 1;
L_0x62a8ceffb130 .part L_0x62a8cf001310, 11, 1;
L_0x62a8ceffb2e0 .part L_0x62a8cf001310, 12, 1;
L_0x62a8ceffb850 .part L_0x62a8cf001310, 13, 1;
L_0x62a8ceffbd80 .part L_0x62a8cf001310, 14, 1;
L_0x62a8ceffbf30 .part L_0x62a8cf001310, 15, 1;
L_0x62a8ceffc470 .part L_0x62a8cf001310, 16, 1;
L_0x62a8ceffc620 .part L_0x62a8cf001310, 17, 1;
L_0x62a8ceffc7d0 .part L_0x62a8cf001310, 18, 1;
L_0x62a8ceffc910 .part L_0x62a8cf001310, 19, 1;
L_0x62a8ceffd200 .part L_0x62a8cf001310, 20, 1;
L_0x62a8ceffd3b0 .part L_0x62a8cf001310, 21, 1;
L_0x62a8ceffd920 .part L_0x62a8cf001310, 22, 1;
L_0x62a8ceffdad0 .part L_0x62a8cf001310, 23, 1;
L_0x62a8ceffdc80 .part L_0x62a8cf001310, 24, 1;
L_0x62a8ceffde30 .part L_0x62a8cf001310, 25, 1;
L_0x62a8ceffe780 .part L_0x62a8cf001310, 26, 1;
L_0x62a8ceffe930 .part L_0x62a8cf001310, 27, 1;
L_0x62a8ceffeed0 .part L_0x62a8cf001310, 28, 1;
L_0x62a8cefff080 .part L_0x62a8cf001310, 29, 1;
L_0x62a8cefff230 .part L_0x62a8cf001310, 30, 1;
L_0x62a8cefff840 .part L_0x62a8cf001310, 31, 1;
L_0x62a8cf0005a0 .part v0x62a8cefc4880_0, 0, 1;
L_0x62a8cf000640 .functor MUXZ 32, L_0x78dba706e060, L_0x78dba706e018, L_0x62a8cf0005a0, C4<>;
L_0x62a8cf000830 .functor MUXZ 32, L_0x78dba706e0a8, L_0x62a8cf000640, v0x62a8cefc4ae0_0, C4<>;
L_0x62a8cf000970 .part v0x62a8cefc4880_0, 0, 1;
L_0x62a8cf000e50 .part v0x62a8cefc4990_0, 0, 8;
L_0x62a8cf000f20 .concat [ 8 24 0 0], L_0x62a8cf000e50, L_0x78dba706e0f0;
L_0x62a8cf001090 .functor MUXZ 32, L_0x78dba706e138, L_0x62a8cf000f20, L_0x62a8cf000970, C4<>;
L_0x62a8cf001220 .functor MUXZ 32, L_0x78dba706e180, L_0x62a8cf001090, v0x62a8cefc4ae0_0, C4<>;
L_0x62a8cf001310 .functor MUXZ 32, L_0x78dba706e1c8, L_0x62a8cf001e00, v0x62a8cefc4ae0_0, C4<>;
L_0x62a8cf001400 .functor MUXZ 32, L_0x78dba706e210, L_0x62a8cf0122c0, v0x62a8cefc4ae0_0, C4<>;
L_0x62a8cf0014f0 .functor MUXZ 32, L_0x78dba706e258, L_0x62a8cf012680, v0x62a8cefc4ae0_0, C4<>;
L_0x62a8cf001590 .functor MUXZ 32, L_0x78dba706e2a0, L_0x62a8cf012c70, v0x62a8cefc4ae0_0, C4<>;
L_0x62a8cf0016b0 .functor MUXZ 32, L_0x78dba706e2e8, L_0x62a8cf013030, v0x62a8cefc4ae0_0, C4<>;
L_0x62a8cf0017d0 .functor MUXZ 32, L_0x78dba706e330, L_0x62a8cf0134e0, v0x62a8cefc4ae0_0, C4<>;
L_0x62a8cf0018f0 .functor MUXZ 32, L_0x78dba706e378, L_0x62a8cf000830, v0x62a8cefc4ae0_0, C4<>;
L_0x62a8cf001a30 .functor MUXZ 32, L_0x78dba706e3c0, L_0x62a8cf001220, v0x62a8cefc4ae0_0, C4<>;
L_0x62a8cf001b70 .part v0x62a8cefc4880_0, 3, 1;
L_0x62a8cf001c40 .functor MUXZ 32, L_0x78dba706e450, L_0x78dba706e408, L_0x62a8cf001b70, C4<>;
L_0x62a8cf001e00 .functor MUXZ 32, L_0x78dba706e498, L_0x62a8cf001c40, v0x62a8cefc4ae0_0, C4<>;
L_0x62a8cf001f90 .part v0x62a8cefc4880_0, 3, 1;
L_0x62a8cf013350 .part v0x62a8cefc4990_0, 24, 8;
L_0x62a8cf012090 .concat [ 24 8 0 0], L_0x78dba706e4e0, L_0x62a8cf013350;
L_0x62a8cf012130 .functor MUXZ 32, L_0x78dba706e528, L_0x62a8cf012090, L_0x62a8cf001f90, C4<>;
L_0x62a8cf0122c0 .functor MUXZ 32, L_0x78dba706e570, L_0x62a8cf012130, v0x62a8cefc4ae0_0, C4<>;
L_0x62a8cf012450 .part v0x62a8cefc4880_0, 2, 1;
L_0x62a8cf0124f0 .functor MUXZ 32, L_0x78dba706e600, L_0x78dba706e5b8, L_0x62a8cf012450, C4<>;
L_0x62a8cf012680 .functor MUXZ 32, L_0x78dba706e648, L_0x62a8cf0124f0, v0x62a8cefc4ae0_0, C4<>;
L_0x62a8cf012810 .part v0x62a8cefc4880_0, 2, 1;
L_0x62a8cf0128b0 .part v0x62a8cefc4990_0, 16, 8;
L_0x62a8cf012950 .concat [ 16 8 8 0], L_0x78dba706e6d8, L_0x62a8cf0128b0, L_0x78dba706e690;
L_0x62a8cf012ae0 .functor MUXZ 32, L_0x78dba706e720, L_0x62a8cf012950, L_0x62a8cf012810, C4<>;
L_0x62a8cf012c70 .functor MUXZ 32, L_0x78dba706e768, L_0x62a8cf012ae0, v0x62a8cefc4ae0_0, C4<>;
L_0x62a8cf012e00 .part v0x62a8cefc4880_0, 1, 1;
L_0x62a8cf012ea0 .functor MUXZ 32, L_0x78dba706e7f8, L_0x78dba706e7b0, L_0x62a8cf012e00, C4<>;
L_0x62a8cf013030 .functor MUXZ 32, L_0x78dba706e840, L_0x62a8cf012ea0, v0x62a8cefc4ae0_0, C4<>;
L_0x62a8cf0131c0 .part v0x62a8cefc4880_0, 1, 1;
L_0x62a8cf013260 .part v0x62a8cefc4990_0, 8, 8;
L_0x62a8cf014740 .concat [ 8 8 16 0], L_0x78dba706e8d0, L_0x62a8cf013260, L_0x78dba706e888;
L_0x62a8cf014880 .functor MUXZ 32, L_0x78dba706e918, L_0x62a8cf014740, L_0x62a8cf0131c0, C4<>;
L_0x62a8cf0134e0 .functor MUXZ 32, L_0x78dba706e960, L_0x62a8cf014880, v0x62a8cefc4ae0_0, C4<>;
S_0x62a8cef71e10 .scope module, "mem_inst" "$__RAMGEM_SYNC_" 4 668, 5 15 0, S_0x62a8cef73010;
 .timescale 0 0;
    .port_info 0 /INPUT 1 "PORT_R_CLK";
    .port_info 1 /INPUT 13 "PORT_R_ADDR";
    .port_info 2 /OUTPUT 32 "PORT_R_RD_DATA";
    .port_info 3 /INPUT 1 "PORT_W_CLK";
    .port_info 4 /INPUT 13 "PORT_W_ADDR";
    .port_info 5 /INPUT 32 "PORT_W_WR_DATA";
    .port_info 6 /INPUT 32 "PORT_W_WR_EN";
v0x62a8ceeaada0_0 .net "PORT_R_ADDR", 12 0, v0x62a8cefc4500_0;  alias, 1 drivers
v0x62a8ceea8f10_0 .net "PORT_R_CLK", 0 0, v0x62a8cefc4270_0;  alias, 1 drivers
v0x62a8cef70c10_0 .var "PORT_R_RD_DATA", 31 0;
v0x62a8cef70cb0_0 .net "PORT_W_ADDR", 12 0, v0x62a8cef5ec30_0;  1 drivers
v0x62a8cef70310_0 .net "PORT_W_CLK", 0 0, v0x62a8cefc4270_0;  alias, 1 drivers
v0x62a8cef70400_0 .net "PORT_W_WR_DATA", 31 0, v0x62a8ceebd1c0_0;  1 drivers
v0x62a8cef6fa10_0 .net "PORT_W_WR_EN", 31 0, v0x62a8cef5ecd0_0;  1 drivers
v0x62a8cef6faf0_0 .var/i "i", 31 0;
v0x62a8cef6f130 .array "mem", 8191 0, 31 0;
E_0x62a8cedf7d30 .event posedge, v0x62a8ceea8f10_0;
    .scope S_0x62a8cef71e10;
T_2 ;
    %wait E_0x62a8cedf7d30;
    %load/vec4 v0x62a8ceeaada0_0;
    %pad/u 15;
    %ix/vec4 4;
    %load/vec4a v0x62a8cef6f130, 4;
    %assign/vec4 v0x62a8cef70c10_0, 0;
    %jmp T_2;
    .thread T_2;
    .scope S_0x62a8cef71e10;
T_3 ;
    %wait E_0x62a8cedf7d30;
    %pushi/vec4 0, 0, 32;
    %store/vec4 v0x62a8cef6faf0_0, 0, 32;
T_3.0 ;
    %load/vec4 v0x62a8cef6faf0_0;
    %cmpi/s 32, 0, 32;
    %jmp/0xz T_3.1, 5;
    %load/vec4 v0x62a8cef6fa10_0;
    %load/vec4 v0x62a8cef6faf0_0;
    %part/s 1;
    %flag_set/vec4 8;
    %jmp/0xz  T_3.2, 8;
    %load/vec4 v0x62a8cef70400_0;
    %load/vec4 v0x62a8cef6faf0_0;
    %part/s 1;
    %load/vec4 v0x62a8cef70cb0_0;
    %pad/u 15;
    %ix/vec4 4;
    %flag_mov 8, 4;
    %ix/getv/s 5, v0x62a8cef6faf0_0;
    %flag_or 8, 4;
    %ix/load 6, 0, 0; Constant delay
    %ix/mov 3, 4;
    %flag_mov 4, 8;
    %assign/vec4/a/d v0x62a8cef6f130, 5, 6;
T_3.2 ;
    %load/vec4 v0x62a8cef6faf0_0;
    %addi 1, 0, 32;
    %store/vec4 v0x62a8cef6faf0_0, 0, 32;
    %jmp T_3.0;
T_3.1 ;
    %jmp T_3;
    .thread T_3;
    .scope S_0x62a8cef73010;
T_4 ;
    %wait E_0x62a8cedf7d30;
    %load/vec4 v0x62a8ceebd1c0_0;
    %assign/vec4 v0x62a8cef69710_0, 0;
    %jmp T_4;
    .thread T_4;
    .scope S_0x62a8cef73010;
T_5 ;
    %wait E_0x62a8cedf7d30;
    %load/vec4 v0x62a8cef5e3e0_0;
    %assign/vec4 v0x62a8cef68e10_0, 0;
    %jmp T_5;
    .thread T_5;
    .scope S_0x62a8cef73010;
T_6 ;
    %wait E_0x62a8cedf7d30;
    %load/vec4 v0x62a8cef5da10_0;
    %assign/vec4 v0x62a8cef68ef0_0, 0;
    %jmp T_6;
    .thread T_6;
    .scope S_0x62a8cef73010;
T_7 ;
    %wait E_0x62a8cedf7d30;
    %load/vec4 v0x62a8cef5dad0_0;
    %assign/vec4 v0x62a8cef68510_0, 0;
    %jmp T_7;
    .thread T_7;
    .scope S_0x62a8cef73010;
T_8 ;
    %wait E_0x62a8cedf7d30;
    %load/vec4 v0x62a8cef5d110_0;
    %assign/vec4 v0x62a8cef685f0_0, 0;
    %jmp T_8;
    .thread T_8;
    .scope S_0x62a8cef73010;
T_9 ;
    %wait E_0x62a8cedf7d30;
    %load/vec4 v0x62a8cef5d1d0_0;
    %assign/vec4 v0x62a8cef67c10_0, 0;
    %jmp T_9;
    .thread T_9;
    .scope S_0x62a8cef73010;
T_10 ;
    %wait E_0x62a8cedf7d30;
    %load/vec4 v0x62a8cef5c810_0;
    %assign/vec4 v0x62a8cef67cd0_0, 0;
    %jmp T_10;
    .thread T_10;
    .scope S_0x62a8cef73010;
T_11 ;
    %wait E_0x62a8cedf7d30;
    %load/vec4 v0x62a8cef5c8b0_0;
    %assign/vec4 v0x62a8cef67310_0, 0;
    %jmp T_11;
    .thread T_11;
    .scope S_0x62a8cef73010;
T_12 ;
    %wait E_0x62a8cedf7d30;
    %load/vec4 v0x62a8cef5bf10_0;
    %assign/vec4 v0x62a8cef673f0_0, 0;
    %jmp T_12;
    .thread T_12;
    .scope S_0x62a8cef73010;
T_13 ;
    %wait E_0x62a8cedf7d30;
    %load/vec4 v0x62a8cef5bfb0_0;
    %assign/vec4 v0x62a8cef66a30_0, 0;
    %jmp T_13;
    .thread T_13;
    .scope S_0x62a8cef73010;
T_14 ;
    %wait E_0x62a8cedf7d30;
    %load/vec4 v0x62a8cef5b610_0;
    %assign/vec4 v0x62a8cef66b10_0, 0;
    %jmp T_14;
    .thread T_14;
    .scope S_0x62a8cef73010;
T_15 ;
    %wait E_0x62a8cedf7d30;
    %load/vec4 v0x62a8cef5b6d0_0;
    %assign/vec4 v0x62a8cef66150_0, 0;
    %jmp T_15;
    .thread T_15;
    .scope S_0x62a8cef73010;
T_16 ;
    %wait E_0x62a8cedf7d30;
    %load/vec4 v0x62a8cef5ad10_0;
    %assign/vec4 v0x62a8cef65810_0, 0;
    %jmp T_16;
    .thread T_16;
    .scope S_0x62a8cef73010;
T_17 ;
    %wait E_0x62a8cedf7d30;
    %load/vec4 v0x62a8cef5adb0_0;
    %assign/vec4 v0x62a8cef658f0_0, 0;
    %jmp T_17;
    .thread T_17;
    .scope S_0x62a8cef73010;
T_18 ;
    %wait E_0x62a8cedf7d30;
    %load/vec4 v0x62a8cef5a410_0;
    %assign/vec4 v0x62a8cef64f10_0, 0;
    %jmp T_18;
    .thread T_18;
    .scope S_0x62a8cef73010;
T_19 ;
    %wait E_0x62a8cedf7d30;
    %load/vec4 v0x62a8cef5a4d0_0;
    %assign/vec4 v0x62a8cef64ff0_0, 0;
    %jmp T_19;
    .thread T_19;
    .scope S_0x62a8cef73010;
T_20 ;
    %wait E_0x62a8cedf7d30;
    %load/vec4 v0x62a8cef59b10_0;
    %assign/vec4 v0x62a8cef64610_0, 0;
    %jmp T_20;
    .thread T_20;
    .scope S_0x62a8cef73010;
T_21 ;
    %wait E_0x62a8cedf7d30;
    %load/vec4 v0x62a8cef59bb0_0;
    %assign/vec4 v0x62a8cef646f0_0, 0;
    %jmp T_21;
    .thread T_21;
    .scope S_0x62a8cef73010;
T_22 ;
    %wait E_0x62a8cedf7d30;
    %load/vec4 v0x62a8ceebc7c0_0;
    %assign/vec4 v0x62a8cef63d10_0, 0;
    %jmp T_22;
    .thread T_22;
    .scope S_0x62a8cef73010;
T_23 ;
    %wait E_0x62a8cedf7d30;
    %load/vec4 v0x62a8ceebc880_0;
    %assign/vec4 v0x62a8cef63dd0_0, 0;
    %jmp T_23;
    .thread T_23;
    .scope S_0x62a8cef73010;
T_24 ;
    %wait E_0x62a8cedf7d30;
    %load/vec4 v0x62a8cef59210_0;
    %assign/vec4 v0x62a8cef63410_0, 0;
    %jmp T_24;
    .thread T_24;
    .scope S_0x62a8cef73010;
T_25 ;
    %wait E_0x62a8cedf7d30;
    %load/vec4 v0x62a8cef592b0_0;
    %assign/vec4 v0x62a8cef634f0_0, 0;
    %jmp T_25;
    .thread T_25;
    .scope S_0x62a8cef73010;
T_26 ;
    %wait E_0x62a8cedf7d30;
    %load/vec4 v0x62a8cef58910_0;
    %assign/vec4 v0x62a8cef62b30_0, 0;
    %jmp T_26;
    .thread T_26;
    .scope S_0x62a8cef73010;
T_27 ;
    %wait E_0x62a8cedf7d30;
    %load/vec4 v0x62a8cef589d0_0;
    %assign/vec4 v0x62a8cef62c10_0, 0;
    %jmp T_27;
    .thread T_27;
    .scope S_0x62a8cef73010;
T_28 ;
    %wait E_0x62a8cedf7d30;
    %load/vec4 v0x62a8cef58010_0;
    %assign/vec4 v0x62a8cef62250_0, 0;
    %jmp T_28;
    .thread T_28;
    .scope S_0x62a8cef73010;
T_29 ;
    %wait E_0x62a8cedf7d30;
    %load/vec4 v0x62a8cef580b0_0;
    %assign/vec4 v0x62a8cef61910_0, 0;
    %jmp T_29;
    .thread T_29;
    .scope S_0x62a8cef73010;
T_30 ;
    %wait E_0x62a8cedf7d30;
    %load/vec4 v0x62a8cef57710_0;
    %assign/vec4 v0x62a8cef619f0_0, 0;
    %jmp T_30;
    .thread T_30;
    .scope S_0x62a8cef73010;
T_31 ;
    %wait E_0x62a8cedf7d30;
    %load/vec4 v0x62a8cef577d0_0;
    %assign/vec4 v0x62a8cef61010_0, 0;
    %jmp T_31;
    .thread T_31;
    .scope S_0x62a8cef73010;
T_32 ;
    %wait E_0x62a8cedf7d30;
    %load/vec4 v0x62a8cef56e10_0;
    %assign/vec4 v0x62a8cef610f0_0, 0;
    %jmp T_32;
    .thread T_32;
    .scope S_0x62a8cef73010;
T_33 ;
    %wait E_0x62a8cedf7d30;
    %load/vec4 v0x62a8cef56eb0_0;
    %assign/vec4 v0x62a8cef60710_0, 0;
    %jmp T_33;
    .thread T_33;
    .scope S_0x62a8cef73010;
T_34 ;
    %wait E_0x62a8cedf7d30;
    %load/vec4 v0x62a8cef56510_0;
    %assign/vec4 v0x62a8cef607f0_0, 0;
    %jmp T_34;
    .thread T_34;
    .scope S_0x62a8cef73010;
T_35 ;
    %wait E_0x62a8cedf7d30;
    %load/vec4 v0x62a8cef565d0_0;
    %assign/vec4 v0x62a8cef5fe10_0, 0;
    %jmp T_35;
    .thread T_35;
    .scope S_0x62a8cef73010;
T_36 ;
    %wait E_0x62a8cedf7d30;
    %load/vec4 v0x62a8cef55750_0;
    %assign/vec4 v0x62a8cef5fed0_0, 0;
    %jmp T_36;
    .thread T_36;
    .scope S_0x62a8cef73010;
T_37 ;
    %wait E_0x62a8cedf7d30;
    %load/vec4 v0x62a8cefc3590_0;
    %assign/vec4 v0x62a8ceebd0e0_0, 0;
    %jmp T_37;
    .thread T_37;
    .scope S_0x62a8cef73010;
T_38 ;
    %wait E_0x62a8cedf7d30;
    %load/vec4 v0x62a8cefc34d0_0;
    %assign/vec4 v0x62a8cef5f5f0_0, 0;
    %jmp T_38;
    .thread T_38;
    .scope S_0x62a8cef73010;
T_39 ;
    %wait E_0x62a8cedf7d30;
    %load/vec4 v0x62a8cefa4be0_0;
    %load/vec4 v0x62a8cefa4b20_0;
    %concat/vec4; draw_concat_vec4
    %load/vec4 v0x62a8cefa4a60_0;
    %concat/vec4; draw_concat_vec4
    %load/vec4 v0x62a8cefa49a0_0;
    %concat/vec4; draw_concat_vec4
    %load/vec4 v0x62a8cefa48e0_0;
    %concat/vec4; draw_concat_vec4
    %load/vec4 v0x62a8cefa4820_0;
    %concat/vec4; draw_concat_vec4
    %load/vec4 v0x62a8cefa4760_0;
    %concat/vec4; draw_concat_vec4
    %load/vec4 v0x62a8cefa46a0_0;
    %concat/vec4; draw_concat_vec4
    %load/vec4 v0x62a8cefa45e0_0;
    %concat/vec4; draw_concat_vec4
    %load/vec4 v0x62a8cefa4520_0;
    %concat/vec4; draw_concat_vec4
    %load/vec4 v0x62a8cefa4460_0;
    %concat/vec4; draw_concat_vec4
    %load/vec4 v0x62a8cefa43a0_0;
    %concat/vec4; draw_concat_vec4
    %load/vec4 v0x62a8cefa4300_0;
    %concat/vec4; draw_concat_vec4
    %load/vec4 v0x62a8cefa4260_0;
    %concat/vec4; draw_concat_vec4
    %load/vec4 v0x62a8cefa41c0_0;
    %concat/vec4; draw_concat_vec4
    %load/vec4 v0x62a8cef9fdc0_0;
    %concat/vec4; draw_concat_vec4
    %load/vec4 v0x62a8cef9fd00_0;
    %concat/vec4; draw_concat_vec4
    %load/vec4 v0x62a8cef9fc40_0;
    %concat/vec4; draw_concat_vec4
    %load/vec4 v0x62a8cef9fb80_0;
    %concat/vec4; draw_concat_vec4
    %load/vec4 v0x62a8cef9fac0_0;
    %concat/vec4; draw_concat_vec4
    %load/vec4 v0x62a8cef9fa00_0;
    %concat/vec4; draw_concat_vec4
    %load/vec4 v0x62a8cef9f940_0;
    %concat/vec4; draw_concat_vec4
    %load/vec4 v0x62a8cef9f880_0;
    %concat/vec4; draw_concat_vec4
    %load/vec4 v0x62a8cef9f7c0_0;
    %concat/vec4; draw_concat_vec4
    %load/vec4 v0x62a8cef9f700_0;
    %concat/vec4; draw_concat_vec4
    %load/vec4 v0x62a8cefa3110_0;
    %concat/vec4; draw_concat_vec4
    %load/vec4 v0x62a8cefa3050_0;
    %concat/vec4; draw_concat_vec4
    %load/vec4 v0x62a8cefa2f90_0;
    %concat/vec4; draw_concat_vec4
    %load/vec4 v0x62a8cefa2ed0_0;
    %concat/vec4; draw_concat_vec4
    %load/vec4 v0x62a8cefa2e10_0;
    %concat/vec4; draw_concat_vec4
    %load/vec4 v0x62a8cefa2d50_0;
    %concat/vec4; draw_concat_vec4
    %load/vec4 v0x62a8cefa2c90_0;
    %concat/vec4; draw_concat_vec4
    %assign/vec4 v0x62a8ceebd1c0_0, 0;
    %jmp T_39;
    .thread T_39;
    .scope S_0x62a8cef73010;
T_40 ;
    %wait E_0x62a8cedf7d30;
    %load/vec4 v0x62a8cefc3650_0;
    %assign/vec4 v0x62a8cef5ec30_0, 0;
    %jmp T_40;
    .thread T_40;
    .scope S_0x62a8cef73010;
T_41 ;
    %wait E_0x62a8cedf7d30;
    %load/vec4 v0x62a8cefa0170_0;
    %load/vec4 v0x62a8cefa00d0_0;
    %concat/vec4; draw_concat_vec4
    %load/vec4 v0x62a8cefa0030_0;
    %concat/vec4; draw_concat_vec4
    %load/vec4 v0x62a8cef9ff90_0;
    %concat/vec4; draw_concat_vec4
    %load/vec4 v0x62a8cef9fef0_0;
    %concat/vec4; draw_concat_vec4
    %load/vec4 v0x62a8cedbd850_0;
    %concat/vec4; draw_concat_vec4
    %load/vec4 v0x62a8cedbd790_0;
    %concat/vec4; draw_concat_vec4
    %load/vec4 v0x62a8cedbd6d0_0;
    %concat/vec4; draw_concat_vec4
    %load/vec4 v0x62a8cedbd610_0;
    %concat/vec4; draw_concat_vec4
    %load/vec4 v0x62a8cedbd550_0;
    %concat/vec4; draw_concat_vec4
    %load/vec4 v0x62a8cedbd490_0;
    %concat/vec4; draw_concat_vec4
    %load/vec4 v0x62a8cee846b0_0;
    %concat/vec4; draw_concat_vec4
    %load/vec4 v0x62a8cee845f0_0;
    %concat/vec4; draw_concat_vec4
    %load/vec4 v0x62a8cee84530_0;
    %concat/vec4; draw_concat_vec4
    %load/vec4 v0x62a8cee84470_0;
    %concat/vec4; draw_concat_vec4
    %load/vec4 v0x62a8cee843b0_0;
    %concat/vec4; draw_concat_vec4
    %load/vec4 v0x62a8cee842f0_0;
    %concat/vec4; draw_concat_vec4
    %load/vec4 v0x62a8cee87910_0;
    %concat/vec4; draw_concat_vec4
    %load/vec4 v0x62a8cee87850_0;
    %concat/vec4; draw_concat_vec4
    %load/vec4 v0x62a8cee87790_0;
    %concat/vec4; draw_concat_vec4
    %load/vec4 v0x62a8cee876d0_0;
    %concat/vec4; draw_concat_vec4
    %load/vec4 v0x62a8cee87610_0;
    %concat/vec4; draw_concat_vec4
    %load/vec4 v0x62a8cee87550_0;
    %concat/vec4; draw_concat_vec4
    %load/vec4 v0x62a8cef3bb70_0;
    %concat/vec4; draw_concat_vec4
    %load/vec4 v0x62a8cef3bad0_0;
    %concat/vec4; draw_concat_vec4
    %load/vec4 v0x62a8cef3c950_0;
    %concat/vec4; draw_concat_vec4
    %load/vec4 v0x62a8cef3c890_0;
    %concat/vec4; draw_concat_vec4
    %load/vec4 v0x62a8ceeb9b60_0;
    %concat/vec4; draw_concat_vec4
    %load/vec4 v0x62a8ceeb9ac0_0;
    %concat/vec4; draw_concat_vec4
    %load/vec4 v0x62a8cef3d710_0;
    %concat/vec4; draw_concat_vec4
    %load/vec4 v0x62a8cef3d650_0;
    %concat/vec4; draw_concat_vec4
    %load/vec4 v0x62a8cef3e4b0_0;
    %concat/vec4; draw_concat_vec4
    %assign/vec4 v0x62a8cef5ecd0_0, 0;
    %jmp T_41;
    .thread T_41;
    .scope S_0x62a8cef35740;
T_42 ;
    %pushi/vec4 0, 0, 32;
    %store/vec4 v0x62a8cefc4330_0, 0, 32;
    %end;
    .thread T_42, $init;
    .scope S_0x62a8cef35740;
T_43 ;
    %delay 5000, 0;
    %load/vec4 v0x62a8cefc4270_0;
    %inv;
    %store/vec4 v0x62a8cefc4270_0, 0, 1;
    %jmp T_43;
    .thread T_43;
    .scope S_0x62a8cef35740;
T_44 ;
    %pushi/vec4 0, 0, 1;
    %store/vec4 v0x62a8cefc4270_0, 0, 1;
    %pushi/vec4 0, 0, 1;
    %store/vec4 v0x62a8cefc4ae0_0, 0, 1;
    %pushi/vec4 0, 0, 4;
    %store/vec4 v0x62a8cefc4880_0, 0, 4;
    %pushi/vec4 0, 0, 13;
    %store/vec4 v0x62a8cefc4770_0, 0, 13;
    %pushi/vec4 0, 0, 32;
    %store/vec4 v0x62a8cefc4990_0, 0, 32;
    %pushi/vec4 0, 0, 1;
    %store/vec4 v0x62a8cefc4680_0, 0, 1;
    %pushi/vec4 0, 0, 13;
    %store/vec4 v0x62a8cefc4500_0, 0, 13;
    %pushi/vec4 10, 0, 13;
    %store/vec4 v0x62a8cef99140_0, 0, 13;
    %pushi/vec4 3735928559, 0, 32;
    %store/vec4 v0x62a8ceeaa7f0_0, 0, 32;
    %pushi/vec4 15, 0, 4;
    %store/vec4 v0x62a8cef8efb0_0, 0, 4;
    %fork TD_tb_ram_sync.do_write, S_0x62a8cef74b10;
    %join;
    %pushi/vec4 10, 0, 13;
    %store/vec4 v0x62a8cef97fb0_0, 0, 13;
    %pushi/vec4 3735928559, 0, 32;
    %store/vec4 v0x62a8cef982d0_0, 0, 32;
    %fork TD_tb_ram_sync.do_read_check, S_0x62a8cef34900;
    %join;
    %pushi/vec4 20, 0, 13;
    %store/vec4 v0x62a8cef99140_0, 0, 13;
    %pushi/vec4 305419896, 0, 32;
    %store/vec4 v0x62a8ceeaa7f0_0, 0, 32;
    %pushi/vec4 15, 0, 4;
    %store/vec4 v0x62a8cef8efb0_0, 0, 4;
    %fork TD_tb_ram_sync.do_write, S_0x62a8cef74b10;
    %join;
    %pushi/vec4 20, 0, 13;
    %store/vec4 v0x62a8cef97fb0_0, 0, 13;
    %pushi/vec4 305419896, 0, 32;
    %store/vec4 v0x62a8cef982d0_0, 0, 32;
    %fork TD_tb_ram_sync.do_read_check, S_0x62a8cef34900;
    %join;
    %pushi/vec4 10, 0, 13;
    %store/vec4 v0x62a8cef97fb0_0, 0, 13;
    %pushi/vec4 3735928559, 0, 32;
    %store/vec4 v0x62a8cef982d0_0, 0, 32;
    %fork TD_tb_ram_sync.do_read_check, S_0x62a8cef34900;
    %join;
    %pushi/vec4 10, 0, 13;
    %store/vec4 v0x62a8cef99140_0, 0, 13;
    %pushi/vec4 170, 0, 32;
    %store/vec4 v0x62a8ceeaa7f0_0, 0, 32;
    %pushi/vec4 1, 0, 4;
    %store/vec4 v0x62a8cef8efb0_0, 0, 4;
    %fork TD_tb_ram_sync.do_write, S_0x62a8cef74b10;
    %join;
    %pushi/vec4 10, 0, 13;
    %store/vec4 v0x62a8cef97fb0_0, 0, 13;
    %pushi/vec4 3735928490, 0, 32;
    %store/vec4 v0x62a8cef982d0_0, 0, 32;
    %fork TD_tb_ram_sync.do_read_check, S_0x62a8cef34900;
    %join;
    %pushi/vec4 10, 0, 13;
    %store/vec4 v0x62a8cef99140_0, 0, 13;
    %pushi/vec4 4278190080, 0, 32;
    %store/vec4 v0x62a8ceeaa7f0_0, 0, 32;
    %pushi/vec4 8, 0, 4;
    %store/vec4 v0x62a8cef8efb0_0, 0, 4;
    %fork TD_tb_ram_sync.do_write, S_0x62a8cef74b10;
    %join;
    %pushi/vec4 10, 0, 13;
    %store/vec4 v0x62a8cef97fb0_0, 0, 13;
    %pushi/vec4 4289576618, 0, 32;
    %store/vec4 v0x62a8cef982d0_0, 0, 32;
    %fork TD_tb_ram_sync.do_read_check, S_0x62a8cef34900;
    %join;
    %pushi/vec4 0, 0, 32;
    %store/vec4 v0x62a8cefc4410_0, 0, 32;
T_44.0 ;
    %load/vec4 v0x62a8cefc4410_0;
    %cmpi/s 8, 0, 32;
    %jmp/0xz T_44.1, 5;
    %load/vec4 v0x62a8cefc4410_0;
    %pad/s 13;
    %store/vec4 v0x62a8cef99140_0, 0, 13;
    %pushi/vec4 2684354560, 0, 32;
    %load/vec4 v0x62a8cefc4410_0;
    %add;
    %store/vec4 v0x62a8ceeaa7f0_0, 0, 32;
    %pushi/vec4 15, 0, 4;
    %store/vec4 v0x62a8cef8efb0_0, 0, 4;
    %fork TD_tb_ram_sync.do_write, S_0x62a8cef74b10;
    %join;
    %load/vec4 v0x62a8cefc4410_0;
    %addi 1, 0, 32;
    %store/vec4 v0x62a8cefc4410_0, 0, 32;
    %jmp T_44.0;
T_44.1 ;
    %pushi/vec4 0, 0, 32;
    %store/vec4 v0x62a8cefc4410_0, 0, 32;
T_44.2 ;
    %load/vec4 v0x62a8cefc4410_0;
    %cmpi/s 8, 0, 32;
    %jmp/0xz T_44.3, 5;
    %load/vec4 v0x62a8cefc4410_0;
    %pad/s 13;
    %store/vec4 v0x62a8cef97fb0_0, 0, 13;
    %pushi/vec4 2684354560, 0, 32;
    %load/vec4 v0x62a8cefc4410_0;
    %add;
    %store/vec4 v0x62a8cef982d0_0, 0, 32;
    %fork TD_tb_ram_sync.do_read_check, S_0x62a8cef34900;
    %join;
    %load/vec4 v0x62a8cefc4410_0;
    %addi 1, 0, 32;
    %store/vec4 v0x62a8cefc4410_0, 0, 32;
    %jmp T_44.2;
T_44.3 ;
    %pushi/vec4 8191, 0, 13;
    %store/vec4 v0x62a8cef99140_0, 0, 13;
    %pushi/vec4 3405705229, 0, 32;
    %store/vec4 v0x62a8ceeaa7f0_0, 0, 32;
    %pushi/vec4 15, 0, 4;
    %store/vec4 v0x62a8cef8efb0_0, 0, 4;
    %fork TD_tb_ram_sync.do_write, S_0x62a8cef74b10;
    %join;
    %pushi/vec4 8191, 0, 13;
    %store/vec4 v0x62a8cef97fb0_0, 0, 13;
    %pushi/vec4 3405705229, 0, 32;
    %store/vec4 v0x62a8cef982d0_0, 0, 32;
    %fork TD_tb_ram_sync.do_read_check, S_0x62a8cef34900;
    %join;
    %load/vec4 v0x62a8cefc4330_0;
    %cmpi/e 0, 0, 32;
    %jmp/0xz  T_44.4, 4;
    %vpi_call/w 3 102 "$display", "ALL TESTS PASSED" {0 0 0};
    %jmp T_44.5;
T_44.4 ;
    %vpi_call/w 3 104 "$display", "%0d TEST(S) FAILED", v0x62a8cefc4330_0 {0 0 0};
T_44.5 ;
    %vpi_call/w 3 106 "$finish" {0 0 0};
    %end;
    .thread T_44;
    .scope S_0x62a8cef35740;
T_45 ;
    %delay 10000000, 0;
    %vpi_call/w 3 112 "$display", "TIMEOUT" {0 0 0};
    %vpi_call/w 3 113 "$finish" {0 0 0};
    %end;
    .thread T_45;
# The file index is used to find the file name in the following table.
:file_names 6;
    "N/A";
    "<interactive>";
    "-";
    "verif/tb/tb_ram_sync.v";
    "verif/rtl/memory_mapped_sync.v";
    "verif/rtl/ramgem_sync_stub.v";
