$date
	Wed Aug 26 20:51:46 2026
$end
$version
	Icarus Verilog
$end
$timescale
	1ps
$end
$scope module tb_srlc32e $end
$var wire 1 ! Q31 $end
$var wire 1 " Q $end
$var reg 5 # A [4:0] $end
$var reg 1 $ CE $end
$var reg 1 % D $end
$var reg 1 & clk $end
$var reg 1 ' q31_cap $end
$var reg 1 ( q_cap $end
$var integer 32 ) fi [31:0] $end
$var integer 32 * fo [31:0] $end
$var integer 32 + n [31:0] $end
$scope module u_srl $end
$var wire 5 , A [4:0] $end
$var wire 1 $ CE $end
$var wire 1 % D $end
$var wire 1 & clk $end
$var wire 1 ! Q31 $end
$var wire 1 " Q $end
$var reg 32 - state [31:0] $end
$upscope $end
$upscope $end
$enddefinitions $end
$comment Show the parameter values. $end
$dumpall
$end
#0
$dumpvars
b0 -
b0 ,
b11 +
b10000000000000000000000000000100 *
b10000000000000000000000000000011 )
x(
x'
0&
1%
1$
b0 #
0"
0!
$end
#1000
1"
b1 -
1&
0'
0(
#2000
0&
#3000
0"
b1 #
b1 ,
#4000
1"
b11 -
1&
#5000
0&
#6000
0"
b10 #
b10 ,
#7000
1"
b111 -
1&
#8000
0&
#9000
0"
b11 #
b11 ,
#10000
1"
b1111 -
1&
#11000
0&
#12000
0"
b100 #
b100 ,
#13000
1"
b11111 -
1&
#14000
0&
#15000
0"
b101 #
b101 ,
#16000
1"
b111111 -
1&
#17000
0&
#18000
0"
b110 #
b110 ,
#19000
1"
b1111111 -
1&
#20000
0&
#21000
0"
b111 #
b111 ,
#22000
1"
b11111111 -
1&
#23000
0&
#24000
0"
b1000 #
b1000 ,
#25000
1"
b111111111 -
1&
#26000
0&
#27000
0"
b1001 #
b1001 ,
#28000
1"
b1111111111 -
1&
#29000
0&
#30000
0"
b1010 #
b1010 ,
#31000
1"
b11111111111 -
1&
#32000
0&
#33000
0"
b1011 #
b1011 ,
#34000
1"
b111111111111 -
1&
#35000
0&
#36000
0"
b1100 #
b1100 ,
#37000
1"
b1111111111111 -
1&
#38000
0&
#39000
0"
b1101 #
b1101 ,
#40000
1"
b11111111111111 -
1&
#41000
0&
#42000
0"
b1110 #
b1110 ,
#43000
1"
b111111111111111 -
1&
#44000
0&
#45000
0"
b1111 #
b1111 ,
#46000
1"
b1111111111111111 -
1&
#47000
0&
#48000
0"
b10000 #
b10000 ,
#49000
1"
b11111111111111111 -
1&
#50000
0&
#51000
0"
b10001 #
b10001 ,
#52000
1"
b111111111111111111 -
1&
#53000
0&
#54000
0"
b10010 #
b10010 ,
#55000
1"
b1111111111111111111 -
1&
#56000
0&
#57000
0"
b10011 #
b10011 ,
#58000
1"
b11111111111111111111 -
1&
#59000
0&
#60000
0"
b10100 #
b10100 ,
#61000
1"
b111111111111111111111 -
1&
#62000
0&
#63000
0"
b10101 #
b10101 ,
#64000
1"
b1111111111111111111111 -
1&
#65000
0&
#66000
0"
b10110 #
b10110 ,
#67000
1"
b11111111111111111111111 -
1&
#68000
0&
#69000
0"
b10111 #
b10111 ,
#70000
1"
b111111111111111111111111 -
1&
#71000
0&
#72000
0"
b11000 #
b11000 ,
#73000
1"
b1111111111111111111111111 -
1&
#74000
0&
#75000
0"
b11001 #
b11001 ,
#76000
1"
b11111111111111111111111111 -
1&
#77000
0&
#78000
0"
b11010 #
b11010 ,
#79000
1"
b111111111111111111111111111 -
1&
#80000
0&
#81000
0"
b11011 #
b11011 ,
#82000
1"
b1111111111111111111111111111 -
1&
#83000
0&
#84000
0"
b11100 #
b11100 ,
#85000
1"
b11111111111111111111111111111 -
1&
#86000
0&
#87000
0"
b11101 #
b11101 ,
#88000
1"
b111111111111111111111111111111 -
1&
#89000
0&
#90000
0"
b11110 #
b11110 ,
#91000
1"
b1111111111111111111111111111111 -
1&
#92000
0&
#93000
0"
b11111 #
b11111 ,
#94000
1!
1"
b11111111111111111111111111111111 -
1&
#95000
0&
#96000
b0 #
b0 ,
0%
#97000
0"
b11111111111111111111111111111110 -
1&
1'
1(
#98000
0&
#99000
1"
b1 #
b1 ,
#100000
0"
b11111111111111111111111111111100 -
1&
#101000
0&
#102000
1"
b10 #
b10 ,
#103000
0"
b11111111111111111111111111111000 -
1&
#104000
0&
#105000
1"
b11 #
b11 ,
#106000
0"
b11111111111111111111111111110000 -
1&
#107000
0&
#108000
1"
b100 #
b100 ,
#109000
0"
b11111111111111111111111111100000 -
1&
#110000
0&
#111000
1"
b101 #
b101 ,
#112000
0"
b11111111111111111111111111000000 -
1&
#113000
0&
#114000
1"
b110 #
b110 ,
#115000
0"
b11111111111111111111111110000000 -
1&
#116000
0&
#117000
1"
b111 #
b111 ,
#118000
0"
b11111111111111111111111100000000 -
1&
#119000
0&
#120000
1"
b1000 #
b1000 ,
#121000
0"
b11111111111111111111111000000000 -
1&
#122000
0&
#123000
1"
b1001 #
b1001 ,
#124000
0"
b11111111111111111111110000000000 -
1&
#125000
0&
#126000
1"
b1010 #
b1010 ,
#127000
0"
b11111111111111111111100000000000 -
1&
#128000
0&
#129000
1"
b1011 #
b1011 ,
#130000
0"
b11111111111111111111000000000000 -
1&
#131000
0&
#132000
1"
b1100 #
b1100 ,
#133000
0"
b11111111111111111110000000000000 -
1&
#134000
0&
#135000
1"
b1101 #
b1101 ,
#136000
0"
b11111111111111111100000000000000 -
1&
#137000
0&
#138000
1"
b1110 #
b1110 ,
#139000
0"
b11111111111111111000000000000000 -
1&
#140000
0&
#141000
1"
b1111 #
b1111 ,
#142000
0"
b11111111111111110000000000000000 -
1&
#143000
0&
#144000
1"
b10000 #
b10000 ,
#145000
0"
b11111111111111100000000000000000 -
1&
#146000
0&
#147000
1"
b10001 #
b10001 ,
#148000
0"
b11111111111111000000000000000000 -
1&
#149000
0&
#150000
1"
b10010 #
b10010 ,
#151000
0"
b11111111111110000000000000000000 -
1&
#152000
0&
#153000
1"
b10011 #
b10011 ,
#154000
0"
b11111111111100000000000000000000 -
1&
#155000
0&
#156000
1"
b10100 #
b10100 ,
#157000
0"
b11111111111000000000000000000000 -
1&
#158000
0&
#159000
1"
b10101 #
b10101 ,
#160000
0"
b11111111110000000000000000000000 -
1&
#161000
0&
#162000
1"
b10110 #
b10110 ,
#163000
0"
b11111111100000000000000000000000 -
1&
#164000
0&
#165000
1"
b10111 #
b10111 ,
#166000
0"
b11111111000000000000000000000000 -
1&
#167000
0&
#168000
1"
b11000 #
b11000 ,
#169000
0"
b11111110000000000000000000000000 -
1&
#170000
0&
#171000
1"
b11001 #
b11001 ,
#172000
0"
b11111100000000000000000000000000 -
1&
#173000
0&
#174000
1"
b11010 #
b11010 ,
#175000
0"
b11111000000000000000000000000000 -
1&
#176000
0&
#177000
1"
b11011 #
b11011 ,
#178000
0"
b11110000000000000000000000000000 -
1&
#179000
0&
#180000
1"
b11100 #
b11100 ,
#181000
0"
b11100000000000000000000000000000 -
1&
#182000
0&
#183000
1"
b11101 #
b11101 ,
#184000
0"
b11000000000000000000000000000000 -
1&
#185000
0&
#186000
1"
b11110 #
b11110 ,
#187000
0"
b10000000000000000000000000000000 -
1&
#188000
0&
#189000
1"
b11111 #
b11111 ,
#190000
0!
0"
b0 -
1&
#191000
0&
#192000
b0 #
b0 ,
0$
1%
#193000
1&
0'
0(
#194000
0&
#195000
b1 #
b1 ,
#196000
1&
#197000
0&
#198000
b10 #
b10 ,
#199000
1&
#200000
0&
#201000
b11 #
b11 ,
#202000
1&
#203000
0&
#204000
b100 #
b100 ,
#205000
1&
#206000
0&
#207000
b101 #
b101 ,
#208000
1&
#209000
0&
#210000
b110 #
b110 ,
#211000
1&
#212000
0&
#213000
b111 #
b111 ,
#214000
1&
#215000
0&
#216000
b1000 #
b1000 ,
#217000
1&
#218000
0&
#219000
b1001 #
b1001 ,
#220000
1&
#221000
0&
#222000
b1010 #
b1010 ,
#223000
1&
#224000
0&
#225000
b1011 #
b1011 ,
#226000
1&
#227000
0&
#228000
b1100 #
b1100 ,
#229000
1&
#230000
0&
#231000
b1101 #
b1101 ,
#232000
1&
#233000
0&
#234000
b1110 #
b1110 ,
#235000
1&
#236000
0&
#237000
b1111 #
b1111 ,
#238000
1&
#239000
0&
#240000
b10000 #
b10000 ,
#241000
1&
#242000
0&
#243000
b10001 #
b10001 ,
#244000
1&
#245000
0&
#246000
b10010 #
b10010 ,
#247000
1&
#248000
0&
#249000
b10011 #
b10011 ,
#250000
1&
#251000
0&
#252000
b10100 #
b10100 ,
#253000
1&
#254000
0&
#255000
b10101 #
b10101 ,
#256000
1&
#257000
0&
#258000
b10110 #
b10110 ,
#259000
1&
#260000
0&
#261000
b10111 #
b10111 ,
#262000
1&
#263000
0&
#264000
b11000 #
b11000 ,
#265000
1&
#266000
0&
#267000
b11001 #
b11001 ,
#268000
1&
#269000
0&
#270000
b11010 #
b11010 ,
#271000
1&
#272000
0&
#273000
b11011 #
b11011 ,
#274000
1&
#275000
0&
#276000
b11100 #
b11100 ,
#277000
1&
#278000
0&
#279000
b11101 #
b11101 ,
#280000
1&
#281000
0&
#282000
b11110 #
b11110 ,
#283000
1&
#284000
0&
#285000
b11111 #
b11111 ,
#286000
1&
#287000
0&
#288000
1$
#289000
b1 -
1&
#290000
0&
#291000
0%
#292000
b10 -
1&
#293000
0&
#294000
b0 #
b0 ,
1%
#295000
1"
b101 -
1&
#296000
0&
#297000
0$
0%
#298000
1&
1(
#299000
0&
#300000
0"
b111 #
b111 ,
1%
#301000
1&
0(
#302000
0&
#303000
b11 #
b11 ,
#304000
1&
#305000
0&
#306000
b11011 #
b11011 ,
#307000
1&
#308000
0&
#309000
b11101 #
b11101 ,
1$
0%
#310000
b1010 -
1&
#311000
0&
#312000
b1011 #
b1011 ,
#313000
b10100 -
1&
#314000
0&
#315000
b10011 #
b10011 ,
1%
#316000
b101001 -
1&
#317000
0&
#318000
b11001 #
b11001 ,
0%
#319000
b1010010 -
1&
#320000
0&
#321000
b101 #
b101 ,
0$
1%
#322000
1&
#323000
0&
#324000
b10111 #
b10111 ,
1$
0%
#325000
b10100100 -
1&
#326000
0&
#327000
b11000 #
b11000 ,
0$
1%
#328000
1&
#329000
0&
#330000
b11001 #
b11001 ,
1$
0%
#331000
b101001000 -
1&
#332000
0&
#333000
b1010 #
b1010 ,
0$
1%
#334000
1&
#335000
0&
#336000
b11011 #
b11011 ,
0%
#337000
1&
#338000
0&
#339000
1"
b110 #
b110 ,
1%
#340000
1&
1(
#341000
0&
#342000
0"
b100 #
b100 ,
1$
0%
#343000
1"
b1010010000 -
1&
0(
#344000
0&
#345000
0"
b1000 #
b1000 ,
1%
#346000
1"
b10100100001 -
1&
#347000
0&
#348000
0"
b11011 #
b11011 ,
#349000
b101001000011 -
1&
#350000
0&
#351000
1"
b1001 #
b1001 ,
0%
#352000
0"
b1010010000110 -
1&
1(
#353000
0&
#354000
b110 #
b110 ,
0$
1%
#355000
1&
0(
#356000
0&
#357000
1"
b1 #
b1 ,
1$
0%
#358000
0"
b10100100001100 -
1&
1(
#359000
0&
#360000
b1100 #
b1100 ,
1%
#361000
1"
b101001000011001 -
1&
0(
#362000
0&
#363000
b1110 #
b1110 ,
0$
#364000
1&
1(
#365000
0&
#366000
0"
b10001 #
b10001 ,
#367000
1&
0(
#368000
0&
#369000
b10 #
b10 ,
1$
#370000
b1010010000110011 -
1&
#371000
0&
#372000
b11100 #
b11100 ,
0$
0%
#373000
1&
#374000
0&
#375000
b1100 #
b1100 ,
1%
#376000
1&
#377000
0&
#378000
1"
b1 #
b1 ,
1$
0%
#379000
b10100100001100110 -
1&
1(
#380000
0&
#381000
0"
b11110 #
b11110 ,
0$
1%
#382000
1&
0(
#383000
0&
#384000
1"
b10 #
b10 ,
#385000
1&
1(
#386000
0&
#387000
0"
b1111 #
b1111 ,
1$
#388000
1"
b101001000011001101 -
1&
0(
#389000
0&
#390000
0"
b11111 #
b11111 ,
0%
#391000
b1010010000110011010 -
1&
#392000
0&
#393000
1"
b1 #
b1 ,
#394000
0"
b10100100001100110100 -
1&
1(
#395000
0&
#396000
b1101 #
b1101 ,
0$
#397000
1&
0(
#398000
0&
#399000
1"
b1001 #
b1001 ,
1$
#400000
b101001000011001101000 -
1&
1(
#401000
0&
#402000
0"
b10000 #
b10000 ,
1%
#403000
1"
b1010010000110011010001 -
1&
0(
#404000
0&
#405000
0"
b1110 #
b1110 ,
#406000
b10100100001100110100011 -
1&
#407000
0&
#408000
1"
b1100 #
b1100 ,
0$
#409000
1&
1(
#410000
0&
#411000
b101 #
b101 ,
#412000
1&
#413000
0&
#414000
0"
b11000 #
b11000 ,
#415000
1&
0(
#416000
0&
#417000
1"
b1100 #
b1100 ,
1$
0%
#418000
b101001000011001101000110 -
1&
1(
#419000
0&
#420000
b10111 #
b10111 ,
0$
1%
#421000
1&
#422000
0&
#423000
0"
b100 #
b100 ,
#424000
1&
0(
#425000
0&
#426000
b10000 #
b10000 ,
#427000
1&
#428000
0&
#429000
b111 #
b111 ,
1$
#430000
1"
b1010010000110011010001101 -
1&
#431000
0&
#432000
0"
b1011 #
b1011 ,
0%
#433000
1"
b10100100001100110100011010 -
1&
#434000
0&
#435000
b11001 #
b11001 ,
#436000
0"
b101001000011001101000110100 -
1&
1(
#437000
0&
#438000
b11111 #
b11111 ,
0$
1%
#439000
1&
0(
#440000
0&
#441000
1"
b1001 #
b1001 ,
#442000
1&
1(
#443000
0&
#444000
0"
b0 #
b0 ,
1$
0%
#445000
b1010010000110011010001101000 -
1&
0(
#446000
0&
#447000
1"
b1100 #
b1100 ,
0$
#448000
1&
1(
#449000
0&
#450000
0"
b11010 #
b11010 ,
1$
1%
#451000
1"
b10100100001100110100011010001 -
1&
0(
#452000
0&
#453000
0"
b11110 #
b11110 ,
#454000
b101001000011001101000110100011 -
1&
#455000
0&
#456000
b1101 #
b1101 ,
#457000
1"
b1010010000110011010001101000111 -
1&
#458000
0&
#459000
0"
b11 #
b11 ,
0$
#460000
1&
#461000
0&
#462000
b100 #
b100 ,
0%
#463000
1&
#464000
0&
#465000
b10110 #
b10110 ,
1$
1%
#466000
1!
b10100100001100110100011010001111 -
1&
#467000
0&
#468000
1"
b11010 #
b11010 ,
#469000
0!
0"
b1001000011001101000110100011111 -
1&
1'
1(
#470000
0&
#471000
1"
b1010 #
b1010 ,
0$
#472000
1&
0'
#473000
0&
#474000
b0 #
b0 ,
0%
#475000
1&
#476000
0&
#477000
1$
#478000
1!
0"
b10010000110011010001101000111110 -
1&
#479000
0&
#480000
1"
b11100 #
b11100 ,
#481000
0!
0"
b100001100110100011010001111100 -
1&
1'
#482000
0&
#483000
b0 #
b0 ,
1%
#484000
1"
b1000011001101000110100011111001 -
1&
0'
0(
#485000
0&
#486000
0"
b11011 #
b11011 ,
#487000
1!
b10000110011010001101000111110011 -
1&
#488000
0&
#489000
0%
#490000
0!
1"
b1100110100011010001111100110 -
1&
1'
#491000
0&
#492000
0"
b1011 #
b1011 ,
1%
#493000
b11001101000110100011111001101 -
1&
0'
#494000
0&
#495000
1"
b0 #
b0 ,
0$
#496000
1&
1(
#497000
0&
#498000
0"
b10011 #
b10011 ,
1$
0%
#499000
b110011010001101000111110011010 -
1&
0(
#500000
0&
#501000
b110 #
b110 ,
0$
#502000
1&
#503000
0&
#504000
1"
b11000 #
b11000 ,
#505000
1&
1(
#506000
0&
#507000
0"
b11010 #
b11010 ,
1$
1%
#508000
1"
b1100110100011010001111100110101 -
1&
0(
#509000
0&
#510000
0"
b11111 #
b11111 ,
0%
#511000
1!
1"
b11001101000110100011111001101010 -
1&
#512000
0&
#513000
b1 #
b1 ,
#514000
0"
b10011010001101000111110011010100 -
1&
1'
1(
#515000
0&
#516000
b11 #
b11 ,
#517000
0!
1"
b110100011010001111100110101000 -
1&
0(
#518000
0&
#519000
b1011 #
b1011 ,
0$
1%
#520000
1&
0'
1(
#521000
0&
#522000
b10101 #
b10101 ,
#523000
1&
#524000
0&
#525000
b1100 #
b1100 ,
#526000
1&
#527000
0&
#528000
0"
b10100 #
b10100 ,
1$
0%
#529000
1"
b1101000110100011111001101010000 -
1&
0(
#530000
0&
#531000
b10111 #
b10111 ,
0$
#532000
1&
1(
#533000
0&
#534000
0"
b11100 #
b11100 ,
1$
1%
#535000
1!
1"
b11010001101000111110011010100001 -
1&
0(
#536000
0&
#537000
0"
b1 #
b1 ,
#538000
1"
b10100011010001111100110101000011 -
1&
1'
#539000
0&
#540000
0"
b1101 #
b1101 ,
0%
#541000
0!
b1000110100011111001101010000110 -
1&
#542000
0&
#543000
1"
b1001 #
b1001 ,
0$
1%
#544000
1&
0'
1(
#545000
0&
#546000
0"
b101 #
b101 ,
1$
0%
#547000
1!
b10001101000111110011010100001100 -
1&
0(
#548000
0&
#549000
1"
b10010 #
b10010 ,
#550000
0!
b11010001111100110101000011000 -
1&
1'
1(
#551000
0&
#552000
b11 #
b11 ,
1%
#553000
0"
b110100011111001101010000110001 -
1&
0'
#554000
0&
#555000
b1011 #
b1011 ,
#556000
1"
b1101000111110011010100001100011 -
1&
0(
#557000
0&
#558000
b10000 #
b10000 ,
0%
#559000
1!
b11010001111100110101000011000110 -
1&
1(
#560000
0&
#561000
b111 #
b111 ,
0$
1%
#562000
1&
1'
#563000
0&
#564000
b1110 #
b1110 ,
1$
0%
#565000
0"
b10100011111001101010000110001100 -
1&
#566000
0&
#567000
b1 #
b1 ,
#568000
0!
b1000111110011010100001100011000 -
1&
0(
#569000
0&
#570000
b11011 #
b11011 ,
0$
1%
#571000
1&
0'
#572000
0&
#573000
b1011 #
b1011 ,
0%
#574000
1&
#575000
0&
#576000
b101 #
b101 ,
#577000
1&
#578000
0&
#579000
1"
b11001 #
b11001 ,
#580000
1&
1(
#581000
0&
#582000
0"
b111 #
b111 ,
1%
#583000
1&
0(
#584000
0&
#585000
1"
b10000 #
b10000 ,
1$
#586000
1!
0"
b10001111100110101000011000110001 -
1&
1(
#587000
0&
#588000
b1100 #
b1100 ,
0%
#589000
0!
b11111001101010000110001100010 -
1&
1'
0(
#590000
0&
#591000
b11 #
b11 ,
1%
#592000
b111110011010100001100011000101 -
1&
0'
#593000
0&
#594000
1"
b11001 #
b11001 ,
0%
#595000
0"
b1111100110101000011000110001010 -
1&
1(
#596000
0&
#597000
1"
b10111 #
b10111 ,
1%
#598000
1!
b11111001101010000110001100010101 -
1&
#599000
0&
#600000
0"
b10000 #
b10000 ,
0%
#601000
b11110011010100001100011000101010 -
1&
1'
0(
#602000
0&
#603000
b10010 #
b10010 ,
0$
#604000
1&
#605000
0&
#606000
b10 #
b10 ,
1$
#607000
1"
b11100110101000011000110001010100 -
1&
#608000
0&
#609000
b1111 #
b1111 ,
1%
#610000
0"
b11001101010000110001100010101001 -
1&
1(
#611000
0&
#612000
b1001 #
b1001 ,
0$
#613000
1&
0(
#614000
0&
#615000
1"
b10000 #
b10000 ,
#616000
1&
1(
#617000
0&
#618000
0"
b1110 #
b1110 ,
#619000
1&
0(
#620000
0&
#621000
b100 #
b100 ,
1$
0%
#622000
1"
b10011010100001100011000101010010 -
1&
#623000
0&
#624000
0"
b1111 #
b1111 ,
0$
#625000
1&
#626000
0&
#627000
1"
b1101 #
b1101 ,
1$
#628000
0!
b110101000011000110001010100100 -
1&
1(
#629000
0&
#630000
b11010 #
b11010 ,
0$
1%
#631000
1&
0'
#632000
0&
#633000
0"
b10111 #
b10111 ,
1$
0%
#634000
b1101010000110001100010101001000 -
1&
0(
#635000
0&
#636000
b1011 #
b1011 ,
0$
1%
#637000
1&
#638000
0&
#639000
b1001 #
b1001 ,
1$
0%
#640000
1!
1"
b11010100001100011000101010010000 -
1&
#641000
0&
#642000
0"
b101 #
b101 ,
1%
#643000
1"
b10101000011000110001010100100001 -
1&
1'
#644000
0&
#645000
0"
b100 #
b100 ,
#646000
0!
b1010000110001100010101001000011 -
1&
#647000
0&
#648000
1"
b11100 #
b11100 ,
0%
#649000
1!
0"
b10100001100011000101010010000110 -
1&
0'
1(
#650000
0&
#651000
1"
b1 #
b1 ,
0$
1%
#652000
1&
1'
#653000
0&
#654000
0"
b1001 #
b1001 ,
1$
0%
#655000
0!
b1000011000110001010100100001100 -
1&
0(
#656000
0&
#657000
b1110 #
b1110 ,
#658000
1!
1"
b10000110001100010101001000011000 -
1&
0'
#659000
0&
#660000
b100 #
b100 ,
#661000
0!
b1100011000101010010000110000 -
1&
1'
1(
#662000
0&
#663000
0"
b11110 #
b11110 ,
0$
#664000
1&
0'
0(
#665000
0&
#666000
b1 #
b1 ,
1$
1%
#667000
b11000110001010100100001100001 -
1&
#668000
0&
#669000
1"
b10111 #
b10111 ,
0$
0%
#670000
1&
1(
#671000
0&
#672000
0"
b11010 #
b11010 ,
#673000
1&
0(
#674000
0&
#675000
b1100 #
b1100 ,
1%
#676000
1&
#677000
0&
#678000
1"
b11011 #
b11011 ,
1$
0%
#679000
0"
b110001100010101001000011000010 -
1&
1(
#680000
0&
#681000
1"
b110 #
b110 ,
0$
#682000
1&
#683000
0&
#684000
0"
b0 #
b0 ,
#685000
1&
0(
#686000
0&
#687000
1"
b1100 #
b1100 ,
1$
1%
#688000
0"
b1100011000101010010000110000101 -
1&
1(
#689000
0&
#690000
1"
b0 #
b0 ,
0%
#691000
1!
0"
b11000110001010100100001100001010 -
1&
#692000
0&
#693000
1"
b11110 #
b11110 ,
1%
#694000
0"
b10001100010101001000011000010101 -
1&
1'
#695000
0&
#696000
b1101 #
b1101 ,
0$
0%
#697000
1&
0(
#698000
0&
#699000
b11110 #
b11110 ,
1$
#700000
0!
b11000101010010000110000101010 -
1&
#701000
0&
#702000
1"
b101 #
b101 ,
0$
1%
#703000
1&
0'
1(
#704000
0&
#705000
0"
b1000 #
b1000 ,
#706000
1&
0(
#707000
0&
#708000
b11111 #
b11111 ,
#709000
1&
#710000
0&
#711000
b1110 #
b1110 ,
#712000
1&
#713000
0&
#714000
1"
b10101 #
b10101 ,
0%
#715000
1&
1(
#716000
0&
#717000
0"
b11000 #
b11000 ,
1$
1%
#718000
1"
b110001010100100001100001010101 -
1&
0(
#719000
0&
#720000
b100 #
b100 ,
0$
#721000
1&
1(
#722000
0&
#723000
0"
b11001 #
b11001 ,
1$
#724000
1"
b1100010101001000011000010101011 -
1&
0(
#725000
0&
#726000
b101 #
b101 ,
0$
#727000
1&
1(
#728000
0&
#729000
b11110 #
b11110 ,
0%
#730000
1&
#731000
0&
#732000
b10101 #
b10101 ,
1$
1%
#733000
1!
0"
b11000101010010000110000101010111 -
1&
#734000
0&
#735000
b1100 #
b1100 ,
#736000
b10001010100100001100001010101111 -
1&
1'
0(
#737000
0&
#738000
b1011 #
b1011 ,
0%
#739000
0!
b10101001000011000010101011110 -
1&
#740000
0&
#741000
b11110 #
b11110 ,
0$
#742000
1&
0'
#743000
0&
#744000
b11011 #
b11011 ,
1%
#745000
1&
#746000
0&
#747000
b0 #
b0 ,
0%
#748000
1&
#749000
0&
#750000
b1001 #
b1001 ,
1$
#751000
1"
b101010010000110000101010111100 -
1&
#752000
0&
#753000
0"
b11111 #
b11111 ,
0$
#754000
1&
#755000
0&
#756000
1"
b1001 #
b1001 ,
1$
1%
#757000
0"
b1010100100001100001010101111001 -
1&
1(
#758000
0&
#759000
1"
b101 #
b101 ,
0$
0%
#760000
1&
#761000
0&
#762000
0"
b1 #
b1 ,
1%
#763000
1&
0(
#764000
0&
#765000
b1011 #
b1011 ,
#766000
1&
#767000
0&
#768000
b11011 #
b11011 ,
1$
#769000
1!
1"
b10101001000011000010101011110011 -
1&
#770000
0&
#771000
b1011 #
b1011 ,
0$
#772000
1&
1'
1(
#773000
0&
#774000
0"
b11 #
b11 ,
1$
#775000
0!
b1010010000110000101010111100111 -
1&
0(
#776000
0&
#777000
1"
b1010 #
b1010 ,
0%
#778000
1!
0"
b10100100001100001010101111001110 -
1&
0'
1(
#779000
0&
#780000
b11011 #
b11011 ,
1%
#781000
0!
1"
b1001000011000010101011110011101 -
1&
1'
0(
#782000
0&
#783000
b10101 #
b10101 ,
0%
#784000
1!
0"
b10010000110000101010111100111010 -
1&
0'
1(
#785000
0&
#786000
1"
b1 #
b1 ,
0$
#787000
1&
1'
#788000
0&
#789000
1$
1%
#790000
0!
0"
b100001100001010101111001110101 -
1&
#791000
0&
#792000
b111 #
b111 ,
0%
#793000
1"
b1000011000010101011110011101010 -
1&
0'
0(
#794000
0&
#795000
0"
b10100 #
b10100 ,
0$
#796000
1&
#797000
0&
#798000
b11100 #
b11100 ,
#799000
1&
#800000
0&
#801000
1"
b10001 #
b10001 ,
1$
1%
#802000
1!
0"
b10000110000101010111100111010101 -
1&
1(
#803000
0&
#804000
b11100 #
b11100 ,
#805000
0!
b1100001010101111001110101011 -
1&
1'
0(
#806000
0&
#807000
b110 #
b110 ,
0$
#808000
1&
0'
#809000
0&
#810000
1"
b1 #
b1 ,
1$
0%
#811000
b11000010101011110011101010110 -
1&
1(
#812000
0&
#813000
b11100 #
b11100 ,
1%
#814000
b110000101010111100111010101101 -
1&
#815000
0&
#816000
0"
b1100 #
b1100 ,
0%
#817000
1"
b1100001010101111001110101011010 -
1&
0(
#818000
0&
#819000
b10001 #
b10001 ,
#820000
1!
b11000010101011110011101010110100 -
1&
1(
#821000
0&
#822000
0"
b0 #
b0 ,
0$
#823000
1&
1'
0(
#824000
0&
#825000
b11101 #
b11101 ,
1%
#826000
1&
#827000
0&
#828000
b11 #
b11 ,
1$
0%
#829000
1"
b10000101010111100111010101101000 -
1&
#830000
0&
#831000
b10110 #
b10110 ,
0$
#832000
1&
1(
#833000
0&
#834000
0"
b11110 #
b11110 ,
1%
#835000
1&
0(
#836000
0&
#837000
1"
b11000 #
b11000 ,
#838000
1&
1(
#839000
0&
#840000
0"
b100 #
b100 ,
1$
0%
#841000
0!
1"
b1010101111001110101011010000 -
1&
0(
#842000
0&
#843000
0"
b0 #
b0 ,
0$
1%
#844000
1&
0'
#845000
0&
#846000
1"
b1001 #
b1001 ,
0%
#847000
1&
1(
#848000
0&
#849000
b1111 #
b1111 ,
1$
1%
#850000
b10101011110011101010110100001 -
1&
#851000
0&
#852000
b0 #
b0 ,
0$
0%
#853000
1&
#854000
0&
#855000
0"
b10 #
b10 ,
#856000
1&
0(
#857000
0&
#858000
1$
#859000
b101010111100111010101101000010 -
1&
#860000
0&
#861000
b100 #
b100 ,
#862000
b1010101111001110101011010000100 -
1&
#863000
0&
#864000
1"
b1010 #
b1010 ,
#865000
1!
b10101011110011101010110100001000 -
1&
1(
#866000
0&
#867000
0"
b10100 #
b10100 ,
0$
1%
#868000
1&
1'
0(
#869000
0&
#870000
1"
b1000 #
b1000 ,
1$
0%
#871000
0!
0"
b1010111100111010101101000010000 -
1&
1(
#872000
0&
#873000
1"
b11001 #
b11001 ,
#874000
1!
b10101111001110101011010000100000 -
1&
0'
#875000
0&
#876000
0"
b1001 #
b1001 ,
1%
#877000
0!
b1011110011101010110100001000001 -
1&
1'
0(
#878000
0&
#879000
1"
b11110 #
b11110 ,
0$
#880000
1&
0'
1(
#881000
0&
#882000
b11010 #
b11010 ,
0%
#883000
1&
#884000
0&
#885000
0"
b1111 #
b1111 ,
#886000
1&
0(
#887000
0&
#888000
b11111 #
b11111 ,
1$
1%
#889000
1!
1"
b10111100111010101101000010000011 -
1&
#890000
0&
#891000
b111 #
b111 ,
0$
0%
#892000
1&
1'
1(
#893000
0&
#894000
0"
b10100 #
b10100 ,
#895000
1&
0(
#896000
0&
#897000
1"
b10011 #
b10011 ,
#898000
1&
1(
#899000
0&
#900000
0"
b10100 #
b10100 ,
1$
1%
#901000
0!
1"
b1111001110101011010000100000111 -
1&
0(
#902000
0&
#903000
0"
b11 #
b11 ,
0%
#904000
1!
1"
b11110011101010110100001000001110 -
1&
0'
#905000
0&
#906000
b11000 #
b11000 ,
#907000
b11100111010101101000010000011100 -
1&
1'
1(
#908000
0&
#909000
b100 #
b100 ,
1%
#910000
b11001110101011010000100000111001 -
1&
#911000
0&
#912000
0"
b1100 #
b1100 ,
0$
0%
#913000
1&
0(
#914000
0&
#915000
b1000 #
b1000 ,
1%
#916000
1&
#917000
0&
#918000
1"
b1011 #
b1011 ,
1$
0%
#919000
0"
b10011101010110100001000001110010 -
1&
1(
#920000
0&
#921000
1"
b11000 #
b11000 ,
0$
#922000
1&
#923000
0&
#924000
0"
b10 #
b10 ,
#925000
1&
0(
#926000
0&
#927000
1"
b10110 #
b10110 ,
#928000
1&
1(
#929000
0&
#930000
0"
b1011 #
b1011 ,
1%
#931000
1&
0(
#932000
0&
#933000
1"
b10110 #
b10110 ,
1$
#934000
0!
0"
b111010101101000010000011100101 -
1&
1(
#935000
0&
#936000
b11 #
b11 ,
#937000
1"
b1110101011010000100000111001011 -
1&
0'
0(
#938000
0&
#939000
b10101 #
b10101 ,
0$
0%
#940000
1&
1(
#941000
0&
#942000
0"
b1101 #
b1101 ,
1$
1%
#943000
1!
b11101010110100001000001110010111 -
1&
0(
#944000
0&
#945000
1"
b10100 #
b10100 ,
#946000
0"
b11010101101000010000011100101111 -
1&
1'
1(
#947000
0&
#948000
b1100 #
b1100 ,
0$
0%
#949000
1&
0(
#950000
0&
#951000
b10100 #
b10100 ,
1$
#952000
b10101011010000100000111001011110 -
1&
#953000
0&
#954000
1"
b11000 #
b11000 ,
0$
#955000
1&
1(
#956000
0&
#957000
0"
b111 #
b111 ,
1$
1%
#958000
0!
1"
b1010110100001000001110010111101 -
1&
0(
#959000
0&
#960000
0"
b1110 #
b1110 ,
0%
#961000
1!
b10101101000010000011100101111010 -
1&
0'
#962000
0&
#963000
b10 #
b10 ,
0$
#964000
1&
1'
#965000
0&
#966000
1"
b101 #
b101 ,
1$
#967000
0!
b1011010000100000111001011110100 -
1&
1(
#968000
0&
#969000
0"
b1010 #
b1010 ,
0$
#970000
1&
0'
0(
#971000
0&
#972000
b11101 #
b11101 ,
1$
1%
#973000
1!
1"
b10110100001000001110010111101001 -
1&
#974000
0&
#975000
0"
b11011 #
b11011 ,
#976000
0!
1"
b1101000010000011100101111010011 -
1&
1'
#977000
0&
#978000
0"
b11010 #
b11010 ,
0$
#979000
1&
0'
#980000
0&
#981000
1"
b110 #
b110 ,
0%
#982000
1&
1(
#983000
0&
#984000
0"
b10101 #
b10101 ,
1$
1%
#985000
1!
b11010000100000111001011110100111 -
1&
0(
#986000
0&
#987000
b11000 #
b11000 ,
0$
0%
#988000
1&
1'
#989000
0&
#990000
1"
b0 #
b0 ,
#991000
1&
1(
#992000
0&
#993000
b1 #
b1 ,
1$
#994000
b10100001000001110010111101001110 -
1&
#995000
0&
#996000
b11 #
b11 ,
#997000
0!
b1000010000011100101111010011100 -
1&
#998000
0&
#999000
0"
b110 #
b110 ,
0$
#1000000
1&
0'
0(
#1001000
0&
#1002000
1"
b10010 #
b10010 ,
1$
#1003000
1!
b10000100000111001011110100111000 -
1&
1(
#1004000
0&
#1005000
b10100 #
b10100 ,
#1006000
0!
b1000001110010111101001110000 -
1&
1'
#1007000
0&
#1008000
b1101 #
b1101 ,
#1009000
b10000011100101111010011100000 -
1&
0'
#1010000
0&
#1011000
b10001 #
b10001 ,
#1012000
0"
b100000111001011110100111000000 -
1&
#1013000
0&
#1014000
1"
b1000 #
b1000 ,
0$
1%
#1015000
1&
#1016000
0&
#1017000
0"
b11111 #
b11111 ,
1$
0%
#1018000
b1000001110010111101001110000000 -
1&
0(
#1019000
0&
#1020000
b1011 #
b1011 ,
0$
1%
#1021000
1&
#1022000
0&
#1023000
1"
b1110 #
b1110 ,
0%
#1024000
1&
1(
#1025000
0&
#1026000
0"
b11100 #
b11100 ,
1%
#1027000
1&
0(
#1028000
0&
#1029000
1"
b10011 #
b10011 ,
1$
#1030000
1!
0"
b10000011100101111010011100000001 -
1&
1(
#1031000
0&
#1032000
b11011 #
b11011 ,
0$
0%
#1033000
1&
1'
0(
#1034000
0&
#1035000
1"
b10001 #
b10001 ,
#1036000
1&
1(
#1037000
0&
#1038000
0"
b10011 #
b10011 ,
#1039000
1&
0(
#1040000
0&
#1041000
1"
b1000 #
b1000 ,
1$
#1042000
0!
0"
b111001011110100111000000010 -
1&
1(
#1043000
0&
#1044000
b11 #
b11 ,
1%
#1045000
b1110010111101001110000000101 -
1&
0'
0(
#1046000
0&
#1047000
b11110 #
b11110 ,
0$
0%
#1048000
1&
#1049000
0&
#1050000
1"
b1111 #
b1111 ,
1$
#1051000
0"
b11100101111010011100000001010 -
1&
1(
#1052000
0&
#1053000
b1001 #
b1001 ,
0$
1%
#1054000
1&
0(
#1055000
0&
#1056000
1"
b10000 #
b10000 ,
1$
0%
#1057000
0"
b111001011110100111000000010100 -
1&
1(
#1058000
0&
#1059000
1"
b10011 #
b10011 ,
#1060000
0"
b1110010111101001110000000101000 -
1&
#1061000
0&
#1062000
1"
b10100 #
b10100 ,
1%
#1063000
1!
0"
b11100101111010011100000001010001 -
1&
#1064000
0&
#1065000
b1010 #
b1010 ,
0$
#1066000
1&
1'
0(
#1067000
0&
#1068000
b1100 #
b1100 ,
1$
0%
#1069000
b11001011110100111000000010100010 -
1&
#1070000
0&
#1071000
b11 #
b11 ,
0$
1%
#1072000
1&
#1073000
0&
#1074000
b1000 #
b1000 ,
1$
0%
#1075000
1"
b10010111101001110000000101000100 -
1&
#1076000
0&
#1077000
0$
#1078000
1&
1(
#1079000
0&
#1080000
0"
b11011 #
b11011 ,
#1081000
1&
0(
#1082000
0&
#1083000
1"
b10101 #
b10101 ,
1$
#1084000
0!
0"
b101111010011100000001010001000 -
1&
1(
#1085000
0&
#1086000
1%
#1087000
b1011110100111000000010100010001 -
1&
0'
0(
#1088000
0&
#1089000
b10 #
b10 ,
0$
#1090000
1&
#1091000
0&
#1092000
1"
b0 #
b0 ,
1$
0%
#1093000
1!
0"
b10111101001110000000101000100010 -
1&
1(
#1094000
0&
#1095000
b11 #
b11 ,
0$
#1096000
1&
1'
0(
#1097000
0&
#1098000
1"
b101 #
b101 ,
1%
#1099000
1&
1(
#1100000
0&
#1101000
0"
b1010 #
b1010 ,
#1102000
1&
0(
#1103000
0&
#1104000
1"
b1 #
b1 ,
1$
0%
#1105000
0!
0"
b1111010011100000001010001000100 -
1&
1(
#1106000
0&
#1107000
b1011 #
b1011 ,
0$
1%
#1108000
1&
0'
0(
#1109000
0&
#1110000
1"
b10110 #
b10110 ,
#1111000
1&
1(
#1112000
0&
#1113000
0"
b10010 #
b10010 ,
1$
#1114000
1!
b11110100111000000010100010001001 -
1&
0(
#1115000
0&
#1116000
b1110 #
b1110 ,
0%
#1117000
1"
b11101001110000000101000100010010 -
1&
1'
#1118000
0&
#1119000
0"
b11100 #
b11100 ,
1%
#1120000
1"
b11010011100000001010001000100101 -
1&
#1121000
0&
#1122000
0"
b10101 #
b10101 ,
0$
#1123000
1&
#1124000
0&
#1125000
1"
b10111 #
b10111 ,
#1126000
1&
1(
#1127000
0&
#1129000
1&
#1130000
0&
#1131000
0"
b1 #
b1 ,
1$
0%
#1132000
1"
b10100111000000010100010001001010 -
1&
0(
#1133000
0&
#1134000
0"
b10111 #
b10111 ,
1%
#1135000
0!
b1001110000000101000100010010101 -
1&
#1136000
0&
#1137000
b11100 #
b11100 ,
0%
#1138000
1!
1"
b10011100000001010001000100101010 -
1&
0'
#1139000
0&
#1141000
0!
b111000000010100010001001010100 -
1&
1'
1(
#1142000
0&
#1143000
0"
b11010 #
b11010 ,
1%
#1144000
b1110000000101000100010010101001 -
1&
0'
0(
#1145000
0&
#1146000
b10111 #
b10111 ,
0%
#1147000
1!
b11100000001010001000100101010010 -
1&
#1148000
0&
#1149000
1"
b100 #
b100 ,
#1150000
0"
b11000000010100010001001010100100 -
1&
1'
1(
#1151000
0&
#1152000
1"
b10110 #
b10110 ,
1%
#1153000
0"
b10000000101000100010010101001001 -
1&
#1154000
0&
#1155000
1"
b1101 #
b1101 ,
0%
#1156000
0!
0"
b1010001000100101010010010 -
1&
#1157000
0&
#1158000
b110 #
b110 ,
#1159000
b10100010001001010100100100 -
1&
0'
0(
#1160000
0&
#1161000
b1011 #
b1011 ,
0$
#1162000
1&
#1163000
0&
#1164000
b11101 #
b11101 ,
1$
#1165000
b101000100010010101001001000 -
1&
#1166000
0&
#1167000
b11100 #
b11100 ,
0$
1%
#1168000
1&
#1169000
0&
#1170000
b1 #
b1 ,
#1171000
1&
#1172000
0&
#1173000
1"
b11 #
b11 ,
1$
0%
#1174000
0"
b1010001000100101010010010000 -
1&
1(
#1175000
0&
#1176000
1"
b11011 #
b11011 ,
1%
#1177000
0"
b10100010001001010100100100001 -
1&
#1178000
0&
#1179000
b1100 #
b1100 ,
0$
0%
#1180000
1&
0(
#1181000
0&
#1182000
b11101 #
b11101 ,
1$
#1183000
1"
b101000100010010101001001000010 -
1&
#1184000
0&
#1185000
0"
b11100 #
b11100 ,
1%
#1186000
1"
b1010001000100101010010010000101 -
1&
#1187000
0&
#1188000
0"
b11001 #
b11001 ,
0$
0%
#1189000
1&
#1190000
0&
#1191000
1"
b1111 #
b1111 ,
#1192000
1&
1(
#1193000
0&
#1194000
0"
b10101 #
b10101 ,
1$
1%
#1195000
1!
1"
b10100010001001010100100100001011 -
1&
0(
#1196000
0&
#1197000
b1011 #
b1011 ,
0$
0%
#1198000
1&
1'
1(
#1199000
0&
#1200000
0"
b10111 #
b10111 ,
1$
#1201000
0!
b1000100010010101001001000010110 -
1&
0(
#1202000
0&
#1203000
1%
#1204000
1!
1"
b10001000100101010010010000101101 -
1&
0'
#1205000
0&
#1206000
b1010 #
b1010 ,
0$
0%
#1207000
1&
1'
1(
#1208000
0&
#1209000
0"
b1110 #
b1110 ,
#1210000
1&
0(
#1211000
0&
#1212000
1"
b11111 #
b11111 ,
1%
#1213000
1&
1(
#1214000
0&
#1215000
b11011 #
b11011 ,
1$
#1216000
0!
0"
b10001001010100100100001011011 -
1&
#1217000
0&
#1218000
b10110 #
b10110 ,
0%
#1219000
1"
b100010010101001001000010110110 -
1&
0'
0(
#1220000
0&
#1221000
0"
b10101 #
b10101 ,
0$
#1222000
1&
#1223000
0&
#1224000
b10111 #
b10111 ,
1$
#1225000
1"
b1000100101010010010000101101100 -
1&
#1226000
0&
#1227000
0$
#1228000
1&
1(
#1229000
0&
#1230000
b110 #
b110 ,
#1231000
1&
#1232000
0&
#1233000
0"
b1011 #
b1011 ,
1$
#1234000
1!
b10001001010100100100001011011000 -
1&
0(
#1235000
0&
#1236000
b11100 #
b11100 ,
0$
#1237000
1&
1'
#1238000
0&
#1239000
b1101 #
b1101 ,
1$
#1240000
0!
b10010101001001000010110110000 -
1&
#1241000
0&
#1242000
1"
b10111 #
b10111 ,
#1243000
0"
b100101010010010000101101100000 -
1&
0'
1(
#1244000
0&
#1245000
b11100 #
b11100 ,
#1246000
b1001010100100100001011011000000 -
1&
0(
#1247000
0&
#1248000
b1011 #
b1011 ,
0$
1%
#1249000
1&
#1250000
0&
#1251000
1"
b10100 #
b10100 ,
#1252000
1&
1(
#1253000
0&
#1254000
0"
b1011 #
b1011 ,
0%
#1255000
1&
0(
#1256000
0&
#1257000
b11 #
b11 ,
1%
#1258000
1&
#1259000
0&
#1260000
1"
b1100 #
b1100 ,
#1261000
1&
1(
#1262000
0&
#1263000
0"
b11100 #
b11100 ,
1$
#1264000
1!
1"
b10010101001001000010110110000001 -
1&
0(
#1265000
0&
#1266000
0"
b10011 #
b10011 ,
0$
#1267000
1&
1'
#1268000
0&
#1269000
b1111 #
b1111 ,
1$
0%
#1270000
0!
b101010010010000101101100000010 -
1&
#1271000
0&
#1272000
b11 #
b11 ,
#1273000
b1010100100100001011011000000100 -
1&
0'
#1274000
0&
#1275000
1"
b1001 #
b1001 ,
#1276000
1!
0"
b10101001001000010110110000001000 -
1&
1(
#1277000
0&
#1278000
1"
b1110 #
b1110 ,
1%
#1279000
0!
b1010010010000101101100000010001 -
1&
1'
#1280000
0&
#1281000
0"
b1000 #
b1000 ,
#1282000
1!
b10100100100001011011000000100011 -
1&
0'
0(
#1283000
0&
#1284000
b11011 #
b11011 ,
0$
0%
#1285000
1&
1'
#1286000
0&
#1287000
b110 #
b110 ,
#1288000
1&
#1289000
0&
#1290000
b100 #
b100 ,
1$
1%
#1291000
0!
b1001001000010110110000001000111 -
1&
#1292000
0&
#1293000
b10100 #
b10100 ,
0%
#1294000
1!
1"
b10010010000101101100000010001110 -
1&
0'
#1295000
0&
#1296000
b11001 #
b11001 ,
1%
#1297000
0!
0"
b100100001011011000000100011101 -
1&
1'
1(
#1298000
0&
#1299000
b110 #
b110 ,
0$
#1300000
1&
0'
0(
#1301000
0&
#1302000
b10001 #
b10001 ,
0%
#1303000
1&
#1304000
0&
#1305000
b11100 #
b11100 ,
1$
#1306000
b1001000010110110000001000111010 -
1&
#1307000
0&
#1308000
b10010 #
b10010 ,
#1309000
1!
1"
b10010000101101100000010001110100 -
1&
#1310000
0&
#1311000
b1010 #
b1010 ,
0$
#1312000
1&
1'
1(
#1313000
0&
#1314000
0"
b11010 #
b11010 ,
1$
1%
#1315000
0!
b100001011011000000100011101001 -
1&
0(
#1316000
0&
#1317000
b11001 #
b11001 ,
0%
#1318000
1"
b1000010110110000001000111010010 -
1&
0'
#1319000
0&
#1320000
0"
b11011 #
b11011 ,
0$
#1321000
1&
#1322000
0&
#1323000
1"
b111 #
b111 ,
1%
#1324000
1&
1(
#1325000
0&
#1326000
0"
b1110 #
b1110 ,
0%
#1327000
1&
0(
#1328000
0&
#1329000
b10 #
b10 ,
#1330000
1&
#1331000
0&
#1332000
b0 #
b0 ,
1%
#1333000
1&
#1334000
0&
#1335000
b11010 #
b11010 ,
1$
#1336000
1!
1"
b10000101101100000010001110100101 -
1&
#1337000
0&
#1338000
0"
b110 #
b110 ,
#1339000
0!
1"
b1011011000000100011101001011 -
1&
1'
#1340000
0&
#1341000
0"
b11101 #
b11101 ,
0$
0%
#1342000
1&
0'
#1343000
0&
#1344000
1"
b11 #
b11 ,
1$
#1345000
0"
b10110110000001000111010010110 -
1&
1(
#1346000
0&
#1347000
b1101 #
b1101 ,
1%
#1348000
b101101100000010001110100101101 -
1&
0(
#1349000
0&
#1350000
1"
b10000 #
b10000 ,
0$
#1351000
1&
1(
#1352000
0&
#1353000
b0 #
b0 ,
#1354000
1&
#1355000
0&
#1356000
0"
b10101 #
b10101 ,
1$
0%
#1357000
b1011011000000100011101001011010 -
1&
0(
#1358000
0&
#1359000
b11111 #
b11111 ,
0$
#1360000
1&
#1361000
0&
#1362000
1"
b11000 #
b11000 ,
#1363000
1&
1(
#1364000
0&
#1365000
0"
b1000 #
b1000 ,
1$
1%
#1366000
1!
b10110110000001000111010010110101 -
1&
0(
#1367000
0&
#1368000
b11011 #
b11011 ,
#1369000
0!
1"
b1101100000010001110100101101011 -
1&
1'
#1370000
0&
#1371000
0"
b10010 #
b10010 ,
#1372000
1!
b11011000000100011101001011010111 -
1&
0'
#1373000
0&
#1374000
b1011 #
b1011 ,
0$
0%
#1375000
1&
1'
#1376000
0&
#1377000
b11000 #
b11000 ,
1$
#1378000
b10110000001000111010010110101110 -
1&
#1379000
0&
#1380000
1"
b10101 #
b10101 ,
#1381000
0!
0"
b1100000010001110100101101011100 -
1&
1(
#1382000
0&
#1383000
1"
b1000 #
b1000 ,
#1384000
1!
0"
b11000000100011101001011010111000 -
1&
0'
#1385000
0&
#1386000
b0 #
b0 ,
0$
#1387000
1&
1'
0(
#1388000
0&
#1389000
b11101 #
b11101 ,
#1390000
1&
#1391000
0&
#1392000
b10101 #
b10101 ,
1$
#1393000
b10000001000111010010110101110000 -
1&
#1394000
0&
#1395000
b1110 #
b1110 ,
1%
#1396000
0!
1"
b10001110100101101011100001 -
1&
#1397000
0&
#1398000
0"
b10 #
b10 ,
0$
0%
#1399000
1&
0'
#1400000
0&
#1401000
1"
b10101 #
b10101 ,
1$
1%
#1402000
b100011101001011010111000011 -
1&
1(
#1403000
0&
#1404000
b110 #
b110 ,
0%
#1405000
0"
b1000111010010110101110000110 -
1&
#1406000
0&
#1407000
b11101 #
b11101 ,
0$
#1408000
1&
0(
#1409000
0&
#1410000
b10100 #
b10100 ,
#1411000
1&
#1412000
0&
#1413000
1"
b10101 #
b10101 ,
#1414000
1&
1(
#1415000
0&
#1416000
0"
b1111 #
b1111 ,
1%
#1417000
1&
0(
#1418000
0&
#1419000
1"
b1101 #
b1101 ,
1$
#1420000
0"
b10001110100101101011100001101 -
1&
1(
#1421000
0&
#1422000
1"
b1110 #
b1110 ,
0%
#1423000
0"
b100011101001011010111000011010 -
1&
#1424000
0&
#1425000
1"
b1001 #
b1001 ,
1%
#1426000
0"
b1000111010010110101110000110101 -
1&
#1427000
0&
#1428000
1"
b0 #
b0 ,
0%
#1429000
1!
0"
b10001110100101101011100001101010 -
1&
#1430000
0&
#1431000
b10011 #
b10011 ,
0$
1%
#1432000
1&
1'
0(
#1433000
0&
#1434000
b11000 #
b11000 ,
0%
#1435000
1&
#1436000
0&
#1437000
b11100 #
b11100 ,
#1438000
1&
#1439000
0&
#1440000
b10011 #
b10011 ,
1$
#1441000
0!
1"
b11101001011010111000011010100 -
1&
#1442000
0&
#1443000
1%
#1444000
b111010010110101110000110101001 -
1&
0'
1(
#1445000
0&
#1446000
0"
b110 #
b110 ,
#1447000
1"
b1110100101101011100001101010011 -
1&
0(
#1448000
0&
#1449000
0"
b10011 #
b10011 ,
0$
#1450000
1&
#1451000
0&
#1452000
1"
b100 #
b100 ,
1$
#1453000
1!
0"
b11101001011010111000011010100111 -
1&
1(
#1454000
0&
#1455000
b10010 #
b10010 ,
0$
#1456000
1&
1'
0(
#1457000
0&
#1458000
1"
b0 #
b0 ,
0%
#1459000
1&
1(
#1460000
0&
#1461000
1$
#1462000
0"
b11010010110101110000110101001110 -
1&
#1463000
0&
#1464000
1"
b110 #
b110 ,
1%
#1465000
0"
b10100101101011100001101010011101 -
1&
#1466000
0&
#1467000
1"
b11000 #
b11000 ,
0%
#1468000
0!
b1001011010111000011010100111010 -
1&
#1469000
0&
#1470000
b11 #
b11 ,
0$
#1471000
1&
0'
#1472000
0&
#1473000
b11001 #
b11001 ,
#1474000
1&
#1475000
0&
#1476000
b11000 #
b11000 ,
1$
1%
#1477000
1!
0"
b10010110101110000110101001110101 -
1&
#1478000
0&
#1479000
b1010 #
b1010 ,
0%
#1480000
0!
1"
b101101011100001101010011101010 -
1&
1'
0(
#1481000
0&
#1482000
b1110 #
b1110 ,
0$
#1483000
1&
0'
1(
#1484000
0&
#1485000
0"
b10010 #
b10010 ,
#1486000
1&
0(
#1487000
0&
#1488000
1"
b11 #
b11 ,
1$
#1489000
0"
b1011010111000011010100111010100 -
1&
1(
#1490000
0&
#1491000
b1010 #
b1010 ,
0$
1%
#1492000
1&
0(
#1493000
0&
#1494000
b101 #
b101 ,
1$
#1495000
1!
1"
b10110101110000110101001110101001 -
1&
#1496000
0&
#1497000
b10111 #
b10111 ,
#1498000
0!
b1101011100001101010011101010011 -
1&
1'
1(
#1499000
0&
#1500000
0"
b11100 #
b11100 ,
0%
#1501000
1!
1"
b11010111000011010100111010100110 -
1&
0'
0(
#1502000
0&
#1503000
0"
b100 #
b100 ,
1%
#1504000
b10101110000110101001110101001101 -
1&
1'
#1505000
0&
#1506000
b1110 #
b1110 ,
#1507000
0!
b1011100001101010011101010011011 -
1&
#1508000
0&
#1509000
1"
b11010 #
b11010 ,
0$
0%
#1510000
1&
0'
1(
#1511000
0&
#1512000
0"
b10 #
b10 ,
#1513000
1&
0(
#1514000
0&
#1515000
1"
b11110 #
b11110 ,
1%
#1516000
1&
1(
#1517000
0&
#1518000
b100 #
b100 ,
0%
#1519000
1&
#1520000
0&
#1521000
b11100 #
b11100 ,
1%
#1522000
1&
#1523000
0&
#1524000
b1100 #
b1100 ,
1$
0%
#1525000
1!
b10111000011010100111010100110110 -
1&
#1526000
0&
#1527000
b10101 #
b10101 ,
1%
#1528000
0!
0"
b1110000110101001110101001101101 -
1&
1'
#1529000
0&
#1530000
b1100 #
b1100 ,
0%
#1531000
1!
1"
b11100001101010011101010011011010 -
1&
0'
0(
#1532000
0&
#1533000
0"
b0 #
b0 ,
1%
#1534000
1"
b11000011010100111010100110110101 -
1&
1'
#1535000
0&
#1536000
b111 #
b111 ,
0%
#1537000
0"
b10000110101001110101001101101010 -
1&
1(
#1538000
0&
#1539000
1"
b10111 #
b10111 ,
#1540000
0!
0"
b1101010011101010011011010100 -
1&
#1541000
0&
#1542000
0$
#1543000
1&
0'
0(
#1544000
0&
#1545000
b1000 #
b1000 ,
#1546000
1&
#1547000
0&
#1548000
b11110 #
b11110 ,
#1549000
1&
#1550000
0&
#1551000
b10111 #
b10111 ,
1$
1%
#1552000
1"
b11010100111010100110110101001 -
1&
#1553000
0&
#1554000
0"
b11000 #
b11000 ,
0$
0%
#1555000
1&
#1556000
0&
#1557000
1"
b1000 #
b1000 ,
1%
#1558000
1&
1(
#1559000
0&
#1560000
0"
b11010 #
b11010 ,
#1561000
1&
0(
#1562000
0&
#1563000
b10101 #
b10101 ,
1$
#1564000
1"
b110101001110101001101101010011 -
1&
#1565000
0&
#1566000
0"
b111 #
b111 ,
0$
0%
#1567000
1&
#1568000
0&
#1569000
1"
b1000 #
b1000 ,
1$
1%
#1570000
0"
b1101010011101010011011010100111 -
1&
1(
#1571000
0&
#1572000
b11010 #
b11010 ,
#1573000
1!
1"
b11010100111010100110110101001111 -
1&
0(
#1574000
0&
#1575000
b10 #
b10 ,
#1576000
b10101001110101001101101010011111 -
1&
1'
1(
#1577000
0&
#1578000
0"
b10101 #
b10101 ,
0$
#1579000
1&
0(
#1580000
0&
#1581000
1"
b1100 #
b1100 ,
#1582000
1&
1(
#1583000
0&
#1584000
0"
b1101 #
b1101 ,
1$
0%
#1585000
0!
1"
b1010011101010011011010100111110 -
1&
0(
#1586000
0&
#1588000
1!
b10100111010100110110101001111100 -
1&
0'
1(
#1589000
0&
#1590000
b11001 #
b11001 ,
0$
1%
#1591000
1&
1'
#1592000
0&
#1593000
1$
#1594000
0!
b1001110101001101101010011111001 -
1&
#1595000
0&
#1596000
b1111 #
b1111 ,
0$
0%
#1597000
1&
0'
#1598000
0&
#1599000
b10111 #
b10111 ,
1$
#1600000
1!
0"
b10011101010011011010100111110010 -
1&
#1601000
0&
#1602000
b11 #
b11 ,
0$
#1603000
1&
1'
0(
#1604000
0&
#1605000
b10101 #
b10101 ,
1$
#1606000
0!
b111010100110110101001111100100 -
1&
#1607000
0&
#1608000
1"
b10 #
b10 ,
0$
1%
#1609000
1&
0'
1(
#1610000
0&
#1611000
0%
#1612000
1&
#1613000
0&
#1614000
1%
#1615000
1&
#1616000
0&
#1617000
0"
b1 #
b1 ,
1$
0%
#1618000
b1110101001101101010011111001000 -
1&
0(
#1619000
0&
#1620000
1"
b10001 #
b10001 ,
#1621000
1!
0"
b11101010011011010100111110010000 -
1&
1(
#1622000
0&
#1623000
1"
b10101 #
b10101 ,
0$
#1624000
1&
1'
#1625000
0&
#1626000
b1010 #
b1010 ,
#1627000
1&
#1628000
0&
#1629000
b10110 #
b10110 ,
1%
#1630000
1&
#1631000
0&
#1632000
0"
b11010 #
b11010 ,
#1633000
1&
0(
#1634000
0&
#1635000
b10001 #
b10001 ,
1$
#1636000
1"
b11010100110110101001111100100001 -
1&
#1637000
0&
#1638000
0"
b1101 #
b1101 ,
#1639000
1"
b10101001101101010011111001000011 -
1&
#1640000
0&
#1641000
b10000 #
b10000 ,
0$
0%
#1642000
1&
1(
#1643000
0&
#1644000
0"
b11 #
b11 ,
#1645000
1&
0(
#1646000
0&
#1647000
1"
b11000 #
b11000 ,
1%
#1648000
1&
1(
#1649000
0&
#1650000
0"
b1000 #
b1000 ,
#1651000
1&
0(
#1652000
0&
#1653000
1"
b1100 #
b1100 ,
1$
#1654000
0!
b1010011011010100111110010000111 -
1&
1(
#1655000
0&
#1656000
0"
b110 #
b110 ,
0$
0%
#1657000
1&
0'
0(
#1658000
0&
#1659000
1"
b11001 #
b11001 ,
1$
#1660000
1!
b10100110110101001111100100001110 -
1&
1(
#1661000
0&
#1662000
0"
b10000 #
b10000 ,
0$
1%
#1663000
1&
1'
0(
#1664000
0&
#1665000
b10101 #
b10101 ,
1$
0%
#1666000
0!
1"
b1001101101010011111001000011100 -
1&
#1667000
0&
#1668000
0"
b11111 #
b11111 ,
#1669000
1!
1"
b10011011010100111110010000111000 -
1&
0'
#1670000
0&
#1671000
0"
b1000 #
b1000 ,
1%
#1672000
0!
b110110101001111100100001110001 -
1&
1'
#1673000
0&
#1674000
b1010 #
b1010 ,
0%
#1675000
b1101101010011111001000011100010 -
1&
0'
#1676000
0&
#1677000
1"
b1111 #
b1111 ,
0$
#1678000
1&
1(
#1679000
0&
#1680000
0"
b11 #
b11 ,
#1681000
1&
0(
#1682000
0&
#1683000
b11100 #
b11100 ,
1$
1%
#1684000
1!
1"
b11011010100111110010000111000101 -
1&
#1685000
0&
#1686000
0"
b1110 #
b1110 ,
0$
#1687000
1&
1'
#1688000
0&
#1689000
1"
b10011 #
b10011 ,
1$
0%
#1690000
b10110101001111100100001110001010 -
1&
1(
#1691000
0&
#1692000
b1001 #
b1001 ,
#1693000
0!
b1101010011111001000011100010100 -
1&
#1694000
0&
#1695000
0"
b1011 #
b1011 ,
#1696000
1!
1"
b11010100111110010000111000101000 -
1&
0'
0(
#1697000
0&
#1698000
b10101 #
b10101 ,
0$
1%
#1699000
1&
1'
1(
#1700000
0&
#1701000
0"
b11011 #
b11011 ,
1$
0%
#1702000
1"
b10101001111100100001110001010000 -
1&
0(
#1703000
0&
#1704000
b110 #
b110 ,
#1705000
0!
0"
b1010011111001000011100010100000 -
1&
1(
#1706000
0&
#1707000
1"
b111 #
b111 ,
0$
#1708000
1&
0'
#1709000
0&
#1710000
b1011 #
b1011 ,
1$
#1711000
1!
0"
b10100111110010000111000101000000 -
1&
#1712000
0&
#1713000
b1010 #
b1010 ,
1%
#1714000
0!
b1001111100100001110001010000001 -
1&
1'
0(
#1715000
0&
#1716000
b11 #
b11 ,
0$
0%
#1717000
1&
0'
#1718000
0&
#1719000
b10010 #
b10010 ,
1$
1%
#1720000
1!
b10011111001000011100010100000011 -
1&
#1721000
0&
#1722000
b1101 #
b1101 ,
#1723000
0!
b111110010000111000101000000111 -
1&
1'
#1724000
0&
#1725000
1"
b1 #
b1 ,
#1726000
b1111100100001110001010000001111 -
1&
0'
1(
#1727000
0&
#1728000
0"
b100 #
b100 ,
0%
#1729000
1!
1"
b11111001000011100010100000011110 -
1&
0(
#1730000
0&
#1731000
b11 #
b11 ,
#1732000
b11110010000111000101000000111100 -
1&
1'
1(
#1733000
0&
#1734000
b11001 #
b11001 ,
0$
#1735000
1&
#1736000
0&
#1737000
b100 #
b100 ,
#1738000
1&
#1739000
0&
#1740000
0"
b1 #
b1 ,
1%
#1741000
1&
0(
#1742000
0&
#1743000
1"
b11101 #
b11101 ,
1$
#1744000
b11100100001110001010000001111001 -
1&
1(
#1745000
0&
#1746000
b1111 #
b1111 ,
0$
0%
#1747000
1&
#1748000
0&
#1749000
b1101 #
b1101 ,
#1750000
1&
#1751000
0&
#1752000
0"
b1000 #
b1000 ,
1$
1%
#1753000
b11001000011100010100000011110011 -
1&
0(
#1754000
0&
#1755000
b11101 #
b11101 ,
0%
#1756000
b10010000111000101000000111100110 -
1&
#1757000
0&
#1758000
1"
b10110 #
b10110 ,
1%
#1759000
0!
b100001110001010000001111001101 -
1&
1(
#1760000
0&
#1761000
0"
b11111 #
b11111 ,
0$
#1762000
1&
0'
0(
#1763000
0&
#1764000
b1011 #
b1011 ,
1$
0%
#1765000
b1000011100010100000011110011010 -
1&
#1766000
0&
#1767000
b1101 #
b1101 ,
0$
#1768000
1&
#1769000
0&
#1770000
1"
b11 #
b11 ,
#1771000
1&
1(
#1772000
0&
#1773000
b1001 #
b1001 ,
1%
#1774000
1&
#1775000
0&
#1776000
0"
b1110 #
b1110 ,
0%
#1777000
1&
0(
#1778000
0&
#1779000
b11101 #
b11101 ,
1$
#1780000
1!
b10000111000101000000111100110100 -
1&
#1781000
0&
#1782000
1"
b1011 #
b1011 ,
0$
1%
#1783000
1&
1'
1(
#1784000
0&
#1785000
0"
b11 #
b11 ,
1$
0%
#1786000
0!
1"
b1110001010000001111001101000 -
1&
0(
#1787000
0&
#1788000
0"
b11111 #
b11111 ,
0$
1%
#1789000
1&
0'
#1790000
0&
#1791000
b0 #
b0 ,
1$
0%
#1792000
b11100010100000011110011010000 -
1&
#1793000
0&
#1794000
b11 #
b11 ,
#1795000
b111000101000000111100110100000 -
1&
#1796000
0&
#1797000
b11111 #
b11111 ,
0$
1%
#1798000
1&
#1799000
0&
#1800000
1"
b10111 #
b10111 ,
0%
#1801000
1&
1(
#1802000
0&
#1803000
0"
b1001 #
b1001 ,
1$
1%
#1804000
1"
b1110001010000001111001101000001 -
1&
0(
#1805000
0&
#1806000
b1110 #
b1110 ,
#1807000
1!
b11100010100000011110011010000011 -
1&
1(
#1808000
0&
#1809000
0"
b10 #
b10 ,
0$
0%
#1810000
1&
1'
0(
#1811000
0&
#1812000
b10010 #
b10010 ,
#1813000
1&
#1814000
0&
#1815000
1"
b10000 #
b10000 ,
1$
#1816000
b11000101000000111100110100000110 -
1&
1(
#1817000
0&
#1818000
0"
b1101 #
b1101 ,
0$
#1819000
1&
0(
#1820000
0&
#1821000
b10100 #
b10100 ,
1%
#1822000
1&
#1823000
0&
#1824000
1"
b1111 #
b1111 ,
1$
0%
#1825000
b10001010000001111001101000001100 -
1&
1(
#1826000
0&
#1827000
b11 #
b11 ,
0$
#1828000
1&
#1829000
0&
#1830000
0"
b10100 #
b10100 ,
1$
#1831000
0!
b10100000011110011010000011000 -
1&
0(
#1832000
0&
#1833000
b11110 #
b11110 ,
1%
#1834000
b101000000111100110100000110001 -
1&
0'
#1835000
0&
#1836000
b10101 #
b10101 ,
0%
#1837000
1"
b1010000001111001101000001100010 -
1&
#1838000
0&
#1839000
0"
b11010 #
b11010 ,
1%
#1840000
1!
b10100000011110011010000011000101 -
1&
#1841000
0&
#1842000
b10111 #
b10111 ,
#1843000
0!
1"
b1000000111100110100000110001011 -
1&
1'
#1844000
0&
#1845000
b0 #
b0 ,
#1846000
1!
b10000001111001101000001100010111 -
1&
0'
1(
#1847000
0&
#1848000
b10101 #
b10101 ,
#1849000
0!
0"
b11110011010000011000101111 -
1&
1'
#1850000
0&
#1851000
b1111 #
b1111 ,
0%
#1852000
b111100110100000110001011110 -
1&
0'
0(
#1853000
0&
#1854000
b1000 #
b1000 ,
0$
1%
#1855000
1&
#1856000
0&
#1857000
b101 #
b101 ,
1$
#1858000
1"
b1111001101000001100010111101 -
1&
#1859000
0&
#1860000
0"
b1 #
b1 ,
0%
#1861000
1"
b11110011010000011000101111010 -
1&
#1862000
0&
#1863000
0"
b11000 #
b11000 ,
0$
1%
#1864000
1&
#1865000
0&
#1866000
b10 #
b10 ,
1$
0%
#1867000
1"
b111100110100000110001011110100 -
1&
#1868000
0&
#1869000
0"
b1 #
b1 ,
0$
1%
#1870000
1&
#1871000
0&
#1872000
b11111 #
b11111 ,
1$
0%
#1873000
b1111001101000001100010111101000 -
1&
#1874000
0&
#1875000
b100 #
b100 ,
0$
#1876000
1&
#1877000
0&
#1878000
1%
#1879000
1&
#1880000
0&
#1881000
b1100 #
b1100 ,
1$
0%
#1882000
1!
b11110011010000011000101111010000 -
1&
#1883000
0&
#1884000
b10100 #
b10100 ,
0$
1%
#1885000
1&
1'
#1886000
0&
#1887000
1"
b111 #
b111 ,
0%
#1888000
1&
1(
#1889000
0&
#1890000
1$
1%
#1891000
b11100110100000110001011110100001 -
1&
#1892000
0&
#1893000
0"
b11011 #
b11011 ,
#1894000
1"
b11001101000001100010111101000011 -
1&
0(
#1895000
0&
#1896000
0$
0%
#1897000
1&
1(
#1898000
0&
#1899000
0"
b10011 #
b10011 ,
1$
#1900000
1"
b10011010000011000101111010000110 -
1&
0(
#1901000
0&
#1902000
b1 #
b1 ,
0$
#1903000
1&
1(
#1904000
0&
#1905000
b10011 #
b10011 ,
#1906000
1&
#1907000
0&
#1908000
b1100 #
b1100 ,
#1909000
1&
#1910000
0&
#1911000
0"
b11101 #
b11101 ,
1$
#1912000
0!
1"
b110100000110001011110100001100 -
1&
0(
#1913000
0&
#1914000
0"
b1110 #
b1110 ,
0$
1%
#1915000
1&
0'
#1916000
0&
#1917000
b10111 #
b10111 ,
1$
0%
#1918000
b1101000001100010111101000011000 -
1&
#1919000
0&
#1920000
b11111 #
b11111 ,
0$
1%
#1921000
1&
#1922000
0&
#1923000
b110 #
b110 ,
1$
0%
#1924000
1!
b11010000011000101111010000110000 -
1&
#1925000
0&
#1926000
1"
b11111 #
b11111 ,
#1927000
b10100000110001011110100001100000 -
1&
1'
1(
#1928000
0&
#1929000
0"
b11 #
b11 ,
#1930000
0!
b1000001100010111101000011000000 -
1&
0(
#1931000
0&
#1932000
b1010 #
b1010 ,
0$
#1933000
1&
0'
#1934000
0&
#1935000
b11100 #
b11100 ,
#1936000
1&
#1937000
0&
#1938000
1"
b11110 #
b11110 ,
1$
#1939000
1!
0"
b10000011000101111010000110000000 -
1&
1(
#1940000
0&
#1941000
b100 #
b100 ,
#1942000
0!
b110001011110100001100000000 -
1&
1'
0(
#1943000
0&
#1944000
b1100 #
b1100 ,
0$
#1945000
1&
0'
#1946000
0&
#1947000
b1011 #
b1011 ,
1$
1%
#1948000
b1100010111101000011000000001 -
1&
#1949000
0&
#1950000
1"
b11011 #
b11011 ,
0%
#1951000
b11000101111010000110000000010 -
1&
1(
#1952000
0&
#1953000
b1010 #
b1010 ,
0$
1%
#1954000
1&
#1955000
0&
#1956000
b10100 #
b10100 ,
1$
#1957000
b110001011110100001100000000101 -
1&
#1958000
0&
#1959000
0"
b1 #
b1 ,
#1960000
1"
b1100010111101000011000000001011 -
1&
0(
#1961000
0&
#1962000
0"
b11100 #
b11100 ,
#1963000
1!
b11000101111010000110000000010111 -
1&
#1964000
0&
#1965000
b10000 #
b10000 ,
0$
#1966000
1&
1'
#1967000
0&
#1968000
b1100 #
b1100 ,
1$
#1969000
b10001011110100001100000000101111 -
1&
#1970000
0&
#1971000
b110 #
b110 ,
0%
#1972000
0!
1"
b10111101000011000000001011110 -
1&
#1973000
0&
#1975000
0"
b101111010000110000000010111100 -
1&
0'
1(
#1976000
0&
#1977000
b1 #
b1 ,
#1978000
b1011110100001100000000101111000 -
1&
0(
#1979000
0&
#1980000
b111 #
b111 ,
#1981000
1!
1"
b10111101000011000000001011110000 -
1&
#1982000
0&
#1983000
0"
b11 #
b11 ,
0$
1%
#1984000
1&
1'
#1985000
0&
#1986000
1"
b110 #
b110 ,
#1987000
1&
1(
#1988000
0&
#1989000
b11011 #
b11011 ,
1$
#1990000
0!
b1111010000110000000010111100001 -
1&
#1991000
0&
#1992000
0"
b1111 #
b1111 ,
0$
#1993000
1&
0'
0(
#1994000
0&
#1995000
b1 #
b1 ,
1$
0%
#1996000
1!
1"
b11110100001100000000101111000010 -
1&
#1997000
0&
#1998000
b11100 #
b11100 ,
#1999000
0"
b11101000011000000001011110000100 -
1&
1'
1(
#2000000
0&
#2001000
1"
b1001 #
b1001 ,
#2002000
b11010000110000000010111100001000 -
1&
#2003000
0&
#2004000
0"
b11101 #
b11101 ,
1%
#2005000
1"
b10100001100000000101111000010001 -
1&
0(
#2006000
0&
#2007000
0"
b11110 #
b11110 ,
0$
#2008000
1&
#2009000
0&
#2010000
b10011 #
b10011 ,
#2011000
1&
#2012000
0&
#2013000
1"
b11101 #
b11101 ,
1$
#2014000
0!
0"
b1000011000000001011110000100011 -
1&
1(
#2015000
0&
#2016000
1"
b1111 #
b1111 ,
0$
#2017000
1&
0'
#2018000
0&
#2019000
0"
b1001 #
b1001 ,
1$
#2020000
1!
b10000110000000010111100001000111 -
1&
0(
#2021000
0&
#2022000
b1111 #
b1111 ,
0$
#2023000
1&
1'
#2024000
0&
#2025000
1"
b11010 #
b11010 ,
0%
#2026000
1&
1(
#2027000
0&
#2028000
0"
b100 #
b100 ,
1$
#2029000
0!
b1100000000101111000010001110 -
1&
0(
#2030000
0&
#2031000
b1000 #
b1000 ,
1%
#2032000
1"
b11000000001011110000100011101 -
1&
0'
#2033000
0&
#2034000
b10010 #
b10010 ,
#2035000
0"
b110000000010111100001000111011 -
1&
1(
#2036000
0&
#2037000
1"
b100 #
b100 ,
#2038000
b1100000000101111000010001110111 -
1&
#2039000
0&
#2040000
0"
b1101 #
b1101 ,
0$
0%
#2041000
1&
0(
#2042000
0&
#2043000
b11011 #
b11011 ,
1$
1%
#2044000
1!
b11000000001011110000100011101111 -
1&
#2045000
0&
#2046000
b10111 #
b10111 ,
0$
#2047000
1&
1'
#2048000
0&
#2049000
1"
b10010 #
b10010 ,
0%
#2050000
1&
1(
#2051000
0&
#2052000
b10000 #
b10000 ,
1%
#2053000
1&
#2054000
0&
#2055000
0"
b100 #
b100 ,
#2056000
1&
0(
#2057000
0&
#2058000
b1000 #
b1000 ,
1$
#2059000
1"
b10000000010111100001000111011111 -
1&
#2060000
0&
#2061000
0"
b11001 #
b11001 ,
0$
#2062000
1&
#2063000
0&
#2064000
b1011 #
b1011 ,
#2065000
1&
#2066000
0&
#2067000
1"
b11 #
b11 ,
#2068000
1&
1(
#2069000
0&
#2070000
0"
b11010 #
b11010 ,
#2071000
1&
0(
#2072000
0&
#2073000
1"
b1100 #
b1100 ,
#2074000
1&
1(
#2075000
0&
#2076000
0"
b101 #
b101 ,
1$
0%
#2077000
0!
1"
b101111000010001110111110 -
1&
0(
#2078000
0&
#2079000
b10111 #
b10111 ,
0$
#2080000
1&
0'
1(
#2081000
0&
#2082000
0"
b110 #
b110 ,
1$
#2083000
1"
b1011110000100011101111100 -
1&
0(
#2084000
0&
#2085000
0"
b11110 #
b11110 ,
#2086000
b10111100001000111011111000 -
1&
#2087000
0&
#2088000
1"
b1010 #
b1010 ,
1%
#2089000
b101111000010001110111110001 -
1&
1(
#2090000
0&
#2091000
b11000 #
b11000 ,
#2092000
b1011110000100011101111100011 -
1&
#2093000
0&
#2094000
0"
b100 #
b100 ,
#2095000
b10111100001000111011111000111 -
1&
0(
#2096000
0&
#2097000
1"
b1000 #
b1000 ,
0%
#2098000
b101111000010001110111110001110 -
1&
1(
#2099000
0&
#2100000
b11001 #
b11001 ,
0$
#2101000
1&
#2102000
0&
#2103000
b1010 #
b1010 ,
1$
#2104000
b1011110000100011101111100011100 -
1&
#2105000
0&
#2106000
0"
b111 #
b111 ,
0$
#2107000
1&
0(
#2108000
0&
#2109000
1"
b1100 #
b1100 ,
1%
#2110000
1&
1(
#2111000
0&
#2112000
b1001 #
b1001 ,
1$
0%
#2113000
1!
b10111100001000111011111000111000 -
1&
#2114000
0&
#2115000
0"
b1 #
b1 ,
#2116000
0!
b1111000010001110111110001110000 -
1&
1'
0(
#2117000
0&
#2118000
b1111 #
b1111 ,
0$
1%
#2119000
1&
0'
#2120000
0&
#2121000
1"
b100 #
b100 ,
1$
#2122000
1!
0"
b11110000100011101111100011100001 -
1&
1(
#2123000
0&
#2124000
1"
b11101 #
b11101 ,
#2125000
b11100001000111011111000111000011 -
1&
1'
#2126000
0&
#2128000
0"
b11000010001110111110001110000111 -
1&
#2129000
0&
#2130000
b1010 #
b1010 ,
0$
#2131000
1&
0(
#2132000
0&
#2133000
1"
b10000 #
b10000 ,
1$
#2134000
b10000100011101111100011100001111 -
1&
1(
#2135000
0&
#2136000
0"
b1101 #
b1101 ,
0$
#2137000
1&
0(
#2138000
0&
#2139000
1$
0%
#2140000
0!
b1000111011111000111000011110 -
1&
#2141000
0&
#2142000
1"
b1111 #
b1111 ,
0$
#2143000
1&
0'
1(
#2144000
0&
#2145000
b10010 #
b10010 ,
#2146000
1&
#2147000
0&
#2148000
0"
b111 #
b111 ,
1$
1%
#2149000
b10001110111110001110000111101 -
1&
0(
#2150000
0&
#2151000
b11001 #
b11001 ,
0%
#2152000
1"
b100011101111100011100001111010 -
1&
#2153000
0&
#2154000
b10010 #
b10010 ,
#2155000
b1000111011111000111000011110100 -
1&
1(
#2156000
0&
#2157000
b110 #
b110 ,
1%
#2158000
1!
b10001110111110001110000111101001 -
1&
#2159000
0&
#2160000
b0 #
b0 ,
0$
0%
#2161000
1&
1'
#2162000
0&
#2163000
b10110 #
b10110 ,
#2164000
1&
#2165000
0&
#2166000
b11011 #
b11011 ,
#2167000
1&
#2168000
0&
#2169000
0"
b1100 #
b1100 ,
1%
#2170000
1&
0(
#2171000
0&
#2172000
b11110 #
b11110 ,
0%
#2173000
1&
#2174000
0&
#2175000
b11100 #
b11100 ,
1%
#2176000
1&
#2177000
0&
#2178000
1"
b11111 #
b11111 ,
#2179000
1&
1(
#2180000
0&
#2181000
0"
b11000 #
b11000 ,
1$
#2182000
0!
1"
b11101111100011100001111010011 -
1&
0(
#2183000
0&
#2184000
b1110 #
b1110 ,
#2185000
0"
b111011111000111000011110100111 -
1&
0'
1(
#2186000
0&
#2187000
b11111 #
b11111 ,
#2188000
b1110111110001110000111101001111 -
1&
0(
#2189000
0&
#2190000
1"
b11010 #
b11010 ,
0$
0%
#2191000
1&
1(
#2192000
0&
#2193000
b10001 #
b10001 ,
1$
1%
#2194000
1!
b11101111100011100001111010011111 -
1&
#2195000
0&
#2196000
b10011 #
b10011 ,
#2197000
b11011111000111000011110100111111 -
1&
1'
#2198000
0&
#2199000
0"
b10101 #
b10101 ,
0%
#2200000
1"
b10111110001110000111101001111110 -
1&
0(
#2201000
0&
#2202000
b11001 #
b11001 ,
0$
#2203000
1&
1(
#2204000
0&
#2205000
b1101 #
b1101 ,
1$
#2206000
0!
b1111100011100001111010011111100 -
1&
#2207000
0&
#2208000
0"
b11111 #
b11111 ,
0$
#2209000
1&
0'
0(
#2210000
0&
#2211000
1%
#2212000
1&
#2213000
0&
#2214000
1"
b11110 #
b11110 ,
1$
#2215000
1!
b11111000111000011110100111111001 -
1&
1(
#2216000
0&
#2217000
b11101 #
b11101 ,
#2218000
b11110001110000111101001111110011 -
1&
1'
#2219000
0&
#2220000
b1 #
b1 ,
0$
0%
#2221000
1&
#2222000
0&
#2223000
b10001 #
b10001 ,
1%
#2224000
1&
#2225000
0&
#2226000
0"
b10100 #
b10100 ,
1$
0%
#2227000
b11100011100001111010011111100110 -
1&
0(
#2228000
0&
#2229000
1"
b11110 #
b11110 ,
1%
#2230000
b11000111000011110100111111001101 -
1&
1(
#2231000
0&
#2232000
0"
b10110 #
b10110 ,
#2233000
b10001110000111101001111110011011 -
1&
0(
#2234000
0&
#2235000
b10000 #
b10000 ,
0%
#2236000
0!
1"
b11100001111010011111100110110 -
1&
#2237000
0&
#2238000
b100 #
b100 ,
0$
1%
#2239000
1&
0'
1(
#2240000
0&
#2241000
b11100 #
b11100 ,
1$
0%
#2242000
b111000011110100111111001101100 -
1&
#2243000
0&
#2244000
b1001 #
b1001 ,
1%
#2245000
0"
b1110000111101001111110011011001 -
1&
#2246000
0&
#2247000
b11000 #
b11000 ,
0$
0%
#2248000
1&
0(
#2249000
0&
#2250000
1"
b11100 #
b11100 ,
1%
#2251000
1&
1(
#2252000
0&
#2253000
0"
b11010 #
b11010 ,
0%
#2254000
1&
0(
#2255000
0&
#2256000
1"
b11101 #
b11101 ,
1$
#2257000
1!
b11100001111010011111100110110010 -
1&
1(
#2258000
0&
#2259000
0"
b10 #
b10 ,
#2260000
1"
b11000011110100111111001101100100 -
1&
1'
0(
#2261000
0&
#2262000
b101 #
b101 ,
1%
#2263000
0"
b10000111101001111110011011001001 -
1&
1(
#2264000
0&
#2265000
1"
b0 #
b0 ,
0$
#2266000
1&
#2267000
0&
#2268000
b1110 #
b1110 ,
0%
#2269000
1&
#2270000
0&
#2271000
0"
b1011 #
b1011 ,
1$
1%
#2272000
0!
1"
b1111010011111100110110010011 -
1&
0(
#2273000
0&
#2275000
b11110100111111001101100100111 -
1&
0'
1(
#2276000
0&
#2277000
0"
b11 #
b11 ,
0$
0%
#2278000
1&
0(
#2279000
0&
#2280000
b11000 #
b11000 ,
1%
#2281000
1&
#2282000
0&
#2283000
1"
b10011 #
b10011 ,
0%
#2284000
1&
1(
#2285000
0&
#2286000
0"
b11101 #
b11101 ,
1%
#2287000
1&
0(
#2288000
0&
#2289000
b11110 #
b11110 ,
0%
#2290000
1&
#2291000
0&
#2292000
1"
b10 #
b10 ,
1%
#2293000
1&
1(
#2294000
0&
#2295000
0"
b11101 #
b11101 ,
#2296000
1&
0(
#2297000
0&
#2298000
b10110 #
b10110 ,
1$
0%
#2299000
b111101001111110011011001001110 -
1&
#2300000
0&
#2301000
1"
b11100 #
b11100 ,
0$
#2302000
1&
1(
#2303000
0&
#2304000
0"
b111 #
b111 ,
#2305000
1&
0(
#2306000
0&
#2307000
b11001 #
b11001 ,
1$
1%
#2308000
1"
b1111010011111100110110010011101 -
1&
#2309000
0&
#2310000
b11100 #
b11100 ,
0%
#2311000
1!
b11110100111111001101100100111010 -
1&
1(
#2312000
0&
#2313000
b11101 #
b11101 ,
1%
#2314000
b11101001111110011011001001110101 -
1&
1'
#2315000
0&
#2316000
0"
b1011 #
b1011 ,
0$
#2317000
1&
0(
#2318000
0&
#2319000
b10010 #
b10010 ,
1$
#2320000
b11010011111100110110010011101011 -
1&
#2321000
0&
#2322000
1"
b1010 #
b1010 ,
0%
#2323000
0"
b10100111111001101100100111010110 -
1&
1(
#2324000
0&
#2325000
b11100 #
b11100 ,
#2326000
0!
b1001111110011011001001110101100 -
1&
0(
#2327000
0&
#2328000
1"
b1100 #
b1100 ,
#2329000
1!
0"
b10011111100110110010011101011000 -
1&
0'
1(
#2330000
0&
#2331000
1"
b11001 #
b11001 ,
0$
1%
#2332000
1&
1'
#2333000
0&
#2334000
0"
b1111 #
b1111 ,
1$
0%
#2335000
0!
b111111001101100100111010110000 -
1&
0(
#2336000
0&
#2337000
1"
b101 #
b101 ,
0$
#2338000
1&
0'
1(
#2339000
0&
#2340000
0"
b10 #
b10 ,
#2341000
1&
0(
#2342000
0&
#2343000
b0 #
b0 ,
#2344000
1&
#2345000
0&
#2346000
b10110 #
b10110 ,
1$
#2347000
1"
b1111110011011001001110101100000 -
1&
#2348000
0&
#2349000
0"
b111 #
b111 ,
1%
#2350000
1!
1"
b11111100110110010011101011000001 -
1&
#2351000
0&
#2352000
0"
b101 #
b101 ,
#2353000
b11111001101100100111010110000011 -
1&
1'
#2354000
0&
#2355000
b10011 #
b10011 ,
#2356000
b11110011011001001110101100000111 -
1&
#2357000
0&
#2358000
b11 #
b11 ,
#2359000
1"
b11100110110010011101011000001111 -
1&
#2360000
0&
#2361000
0"
b11011 #
b11011 ,
0$
0%
#2362000
1&
#2363000
0&
#2364000
b10010 #
b10010 ,
1%
#2365000
1&
#2366000
0&
#2367000
b11100 #
b11100 ,
1$
#2368000
b11001101100100111010110000011111 -
1&
#2369000
0&
#2370000
b10010 #
b10010 ,
0%
#2371000
1"
b10011011001001110101100000111110 -
1&
#2372000
0&
#2373000
0"
b110 #
b110 ,
1%
#2374000
0!
1"
b110110010011101011000001111101 -
1&
#2375000
0&
#2376000
b1111 #
b1111 ,
0$
#2377000
1&
0'
1(
#2378000
0&
#2379000
0"
b1011 #
b1011 ,
#2380000
1&
0(
#2381000
0&
#2382000
1"
b1100 #
b1100 ,
#2383000
1&
1(
#2384000
0&
#2385000
0"
b1110 #
b1110 ,
1$
0%
#2386000
1"
b1101100100111010110000011111010 -
1&
0(
#2387000
0&
#2388000
0"
b11100 #
b11100 ,
1%
#2389000
1!
1"
b11011001001110101100000111110101 -
1&
#2390000
0&
#2391000
b11000 #
b11000 ,
0$
#2392000
1&
1'
1(
#2393000
0&
#2394000
0"
b1010 #
b1010 ,
1$
0%
#2395000
b10110010011101011000001111101010 -
1&
0(
#2396000
0&
#2397000
1"
b1000 #
b1000 ,
#2398000
0!
b1100100111010110000011111010100 -
1&
1(
#2399000
0&
#2400000
b11110 #
b11110 ,
0$
#2401000
1&
0'
#2402000
0&
#2403000
0"
b1110 #
b1110 ,
#2404000
1&
0(
#2405000
0&
#2406000
1"
b10011 #
b10011 ,
1$
1%
#2407000
1!
0"
b11001001110101100000111110101001 -
1&
1(
#2408000
0&
#2409000
0$
0%
#2410000
1&
1'
0(
#2411000
0&
#2412000
1"
b11 #
b11 ,
#2413000
1&
1(
#2414000
0&
#2415000
0"
b10 #
b10 ,
1$
1%
#2416000
b10010011101011000001111101010011 -
1&
0(
#2417000
0&
#2418000
b10110 #
b10110 ,
0%
#2419000
0!
1"
b100111010110000011111010100110 -
1&
#2420000
0&
#2421000
b111 #
b111 ,
1%
#2422000
0"
b1001110101100000111110101001101 -
1&
0'
1(
#2423000
0&
#2424000
1"
b1000 #
b1000 ,
0$
#2425000
1&
#2426000
0&
#2427000
0"
b1001 #
b1001 ,
0%
#2428000
1&
0(
#2429000
0&
#2430000
1"
b1110 #
b1110 ,
1$
1%
#2431000
1!
b10011101011000001111101010011011 -
1&
1(
#2432000
0&
#2433000
b1111 #
b1111 ,
0$
0%
#2434000
1&
1'
#2435000
0&
#2436000
0"
b101 #
b101 ,
#2437000
1&
0(
#2438000
0&
#2439000
b1000 #
b1000 ,
1$
#2440000
0!
1"
b111010110000011111010100110110 -
1&
#2441000
0&
#2442000
0"
b111 #
b111 ,
1%
#2443000
b1110101100000111110101001101101 -
1&
0'
#2444000
0&
#2445000
b10110 #
b10110 ,
0$
0%
#2446000
1&
#2447000
0&
#2448000
b100 #
b100 ,
1$
#2449000
1!
1"
b11101011000001111101010011011010 -
1&
#2450000
0&
#2451000
0"
b101 #
b101 ,
1%
#2452000
1"
b11010110000011111010100110110101 -
1&
1'
#2453000
0&
#2454000
0"
b1110 #
b1110 ,
0%
#2455000
1"
b10101100000111110101001101101010 -
1&
#2456000
0&
#2457000
0"
b11001 #
b11001 ,
#2458000
0!
b1011000001111101010011011010100 -
1&
#2459000
0&
#2460000
b10110 #
b10110 ,
0$
#2461000
1&
0'
#2462000
0&
#2463000
b1000 #
b1000 ,
1$
1%
#2464000
1!
1"
b10110000011111010100110110101001 -
1&
#2465000
0&
#2466000
0"
b1111 #
b1111 ,
#2467000
0!
1"
b1100000111110101001101101010011 -
1&
1'
#2468000
0&
#2469000
0"
b11000 #
b11000 ,
#2470000
1!
1"
b11000001111101010011011010100111 -
1&
0'
#2471000
0&
#2472000
0"
b1110 #
b1110 ,
0$
#2473000
1&
1'
#2474000
0&
#2475000
b11010 #
b11010 ,
1$
0%
#2476000
b10000011111010100110110101001110 -
1&
#2477000
0&
#2478000
b1111 #
b1111 ,
#2479000
0!
1"
b111110101001101101010011100 -
1&
#2480000
0&
#2481000
0"
b1 #
b1 ,
#2482000
b1111101010011011010100111000 -
1&
0'
#2483000
0&
#2484000
1"
b100 #
b100 ,
1%
#2485000
b11111010100110110101001110001 -
1&
1(
#2486000
0&
#2487000
b1110 #
b1110 ,
0%
#2488000
b111110101001101101010011100010 -
1&
#2489000
0&
#2490000
0"
b10 #
b10 ,
0$
1%
#2491000
1&
0(
#2492000
0&
#2493000
1"
b11101 #
b11101 ,
#2494000
1&
1(
#2495000
0&
#2496000
b1111 #
b1111 ,
0%
#2497000
1&
#2498000
0&
#2499000
0"
b10 #
b10 ,
1$
1%
#2500000
1"
b1111101010011011010100111000101 -
1&
0(
#2501000
0&
#2502000
0"
b1 #
b1 ,
#2503000
1!
1"
b11111010100110110101001110001011 -
1&
#2504000
0&
#2505000
b1001 #
b1001 ,
#2506000
b11110101001101101010011100010111 -
1&
1'
1(
#2507000
0&
#2508000
b11101 #
b11101 ,
0%
#2509000
b11101010011011010100111000101110 -
1&
#2510000
0&
#2511000
0"
b110 #
b110 ,
0$
#2512000
1&
0(
#2513000
0&
#2514000
1"
b101 #
b101 ,
1%
#2515000
1&
1(
#2516000
0&
#2517000
0"
b11000 #
b11000 ,
0%
#2518000
1&
0(
#2519000
0&
#2520000
1"
b1011 #
b1011 ,
1%
#2521000
1&
1(
#2522000
0&
#2523000
b10 #
b10 ,
1$
0%
#2524000
b11010100110110101001110001011100 -
1&
#2525000
0&
#2526000
0"
b1001 #
b1001 ,
0$
#2527000
1&
0(
#2528000
0&
#2529000
1"
b11010 #
b11010 ,
1$
1%
#2530000
0"
b10101001101101010011100010111001 -
1&
1(
#2531000
0&
#2532000
1"
b10000 #
b10000 ,
#2533000
0!
0"
b1010011011010100111000101110011 -
1&
#2534000
0&
#2535000
0%
#2536000
1!
b10100110110101001110001011100110 -
1&
0'
0(
#2537000
0&
#2538000
b10001 #
b10001 ,
#2539000
0!
b1001101101010011100010111001100 -
1&
1'
#2540000
0&
#2541000
b11101 #
b11101 ,
1%
#2542000
1!
b10011011010100111000101110011001 -
1&
0'
#2543000
0&
#2544000
1"
b11001 #
b11001 ,
0$
#2545000
1&
1'
1(
#2546000
0&
#2547000
b1011 #
b1011 ,
1$
#2548000
0!
0"
b110110101001110001011100110011 -
1&
#2549000
0&
#2550000
1"
b11001 #
b11001 ,
0$
0%
#2551000
1&
0'
#2552000
0&
#2554000
1&
#2555000
0&
#2556000
b10111 #
b10111 ,
1$
#2557000
0"
b1101101010011100010111001100110 -
1&
#2558000
0&
#2559000
b1111 #
b1111 ,
0$
#2560000
1&
0(
#2561000
0&
#2562000
b0 #
b0 ,
1$
1%
#2563000
1!
1"
b11011010100111000101110011001101 -
1&
#2564000
0&
#2565000
0"
b1111 #
b1111 ,
0$
0%
#2566000
1&
1'
#2567000
0&
#2568000
1"
b0 #
b0 ,
1$
1%
#2569000
b10110101001110001011100110011011 -
1&
1(
#2570000
0&
#2571000
b11101 #
b11101 ,
0$
#2572000
1&
#2573000
0&
#2574000
b0 #
b0 ,
1$
#2575000
0!
b1101010011100010111001100110111 -
1&
#2576000
0&
#2577000
b1110 #
b1110 ,
0$
#2578000
1&
0'
#2579000
0&
#2580000
0"
b10111 #
b10111 ,
0%
#2581000
1&
0(
#2582000
0&
#2583000
1"
b10110 #
b10110 ,
#2584000
1&
1(
#2585000
0&
#2586000
b1100 #
b1100 ,
1$
1%
#2587000
1!
0"
b11010100111000101110011001101111 -
1&
#2588000
0&
#2589000
b1011 #
b1011 ,
0%
#2590000
1"
b10101001110001011100110011011110 -
1&
1'
0(
#2591000
0&
#2592000
b11111 #
b11111 ,
0$
#2593000
1&
1(
#2594000
0&
#2595000
0"
b10001 #
b10001 ,
1$
1%
#2596000
0!
1"
b1010011100010111001100110111101 -
1&
0(
#2597000
0&
#2598000
b11100 #
b11100 ,
0%
#2599000
1!
0"
b10100111000101110011001101111010 -
1&
0'
1(
#2600000
0&
#2601000
b1010 #
b1010 ,
0$
1%
#2602000
1&
1'
0(
#2603000
0&
#2604000
b10101 #
b10101 ,
1$
0%
#2605000
0!
1"
b1001110001011100110011011110100 -
1&
#2606000
0&
#2607000
0"
b10100 #
b10100 ,
0$
#2608000
1&
0'
#2609000
0&
#2610000
b11000 #
b11000 ,
#2611000
1&
#2612000
0&
#2613000
1"
b10101 #
b10101 ,
1%
#2614000
1&
1(
#2615000
0&
#2616000
0"
b11111 #
b11111 ,
0%
#2617000
1&
0(
#2618000
0&
#2619000
1"
b11110 #
b11110 ,
1$
#2620000
1!
0"
b10011100010111001100110111101000 -
1&
1(
#2621000
0&
#2622000
1"
b110 #
b110 ,
0$
#2623000
1&
1'
#2624000
0&
#2625000
0"
b1001 #
b1001 ,
1$
#2626000
0!
1"
b111000101110011001101111010000 -
1&
0(
#2627000
0&
#2628000
0"
b11110 #
b11110 ,
0$
1%
#2629000
1&
0'
#2630000
0&
#2631000
1"
b10011 #
b10011 ,
0%
#2632000
1&
1(
#2633000
0&
#2634000
b10101 #
b10101 ,
1%
#2635000
1&
#2636000
0&
#2637000
b1011 #
b1011 ,
1$
#2638000
0"
b1110001011100110011011110100001 -
1&
#2639000
0&
#2640000
1"
b1101 #
b1101 ,
0$
0%
#2641000
1&
#2642000
0&
#2643000
b10100 #
b10100 ,
1$
1%
#2644000
1!
0"
b11100010111001100110111101000011 -
1&
#2645000
0&
#2646000
1"
b11110 #
b11110 ,
0%
#2647000
b11000101110011001101111010000110 -
1&
1'
#2648000
0&
#2649000
0"
b11001 #
b11001 ,
0$
#2650000
1&
0(
#2651000
0&
#2652000
1"
b10 #
b10 ,
#2653000
1&
1(
#2654000
0&
#2655000
b1110 #
b1110 ,
1$
#2656000
0"
b10001011100110011011110100001100 -
1&
#2657000
0&
#2658000
1"
b1010 #
b1010 ,
1%
#2659000
0!
0"
b10111001100110111101000011001 -
1&
#2660000
0&
#2661000
1"
b10101 #
b10101 ,
0%
#2662000
b101110011001101111010000110010 -
1&
0'
#2663000
0&
#2664000
0"
b1011 #
b1011 ,
1%
#2665000
1"
b1011100110011011110100001100101 -
1&
0(
#2666000
0&
#2667000
0"
b11001 #
b11001 ,
0$
0%
#2668000
1&
#2669000
0&
#2670000
1"
b10111 #
b10111 ,
#2671000
1&
1(
#2672000
0&
#2673000
b10 #
b10 ,
1$
#2674000
1!
0"
b10111001100110111101000011001010 -
1&
#2675000
0&
#2676000
1"
b11000 #
b11000 ,
#2677000
0!
b1110011001101111010000110010100 -
1&
1'
#2678000
0&
#2679000
b1111 #
b1111 ,
0$
#2680000
1&
0'
#2681000
0&
#2682000
b11001 #
b11001 ,
1$
#2683000
1!
b11100110011011110100001100101000 -
1&
#2684000
0&
#2685000
0"
b0 #
b0 ,
#2686000
b11001100110111101000011001010000 -
1&
1'
0(
#2687000
0&
#2688000
b101 #
b101 ,
0$
#2689000
1&
#2690000
0&
#2691000
b11001 #
b11001 ,
1$
#2692000
b10011001101111010000110010100000 -
1&
#2693000
0&
#2694000
b1110 #
b1110 ,
0$
1%
#2695000
1&
#2696000
0&
#2697000
b11 #
b11 ,
0%
#2698000
1&
#2699000
0&
#2700000
b11010 #
b11010 ,
1$
1%
#2701000
0!
b110011011110100001100101000001 -
1&
#2702000
0&
#2703000
1"
b10001 #
b10001 ,
0$
#2704000
1&
0'
1(
#2705000
0&
#2706000
b1000 #
b1000 ,
1$
#2707000
0"
b1100110111101000011001010000011 -
1&
#2708000
0&
#2709000
b110 #
b110 ,
#2710000
1!
b11001101111010000110010100000111 -
1&
0(
#2711000
0&
#2712000
b101 #
b101 ,
#2713000
b10011011110100001100101000001111 -
1&
1'
#2714000
0&
#2715000
1"
b10110 #
b10110 ,
#2716000
0!
0"
b110111101000011001010000011111 -
1&
1(
#2717000
0&
#2718000
b111 #
b111 ,
#2719000
b1101111010000110010100000111111 -
1&
0'
0(
#2720000
0&
#2721000
1"
b11011 #
b11011 ,
#2722000
1!
b11011110100001100101000001111111 -
1&
1(
#2723000
0&
#2724000
b100 #
b100 ,
0%
#2725000
b10111101000011001010000011111110 -
1&
1'
#2726000
0&
#2727000
0"
b1011 #
b1011 ,
#2728000
0!
b1111010000110010100000111111100 -
1&
0(
#2729000
0&
#2730000
b1111 #
b1111 ,
1%
#2731000
1!
1"
b11110100001100101000001111111001 -
1&
0'
#2732000
0&
#2733000
b11110 #
b11110 ,
0$
#2734000
1&
1'
1(
#2735000
0&
#2736000
0"
b10010 #
b10010 ,
#2737000
1&
0(
#2738000
0&
#2739000
1"
b1001 #
b1001 ,
#2740000
1&
1(
#2741000
0&
#2742000
0"
b1011 #
b1011 ,
1$
0%
#2743000
b11101000011001010000011111110010 -
1&
0(
#2744000
0&
#2745000
b1111 #
b1111 ,
1%
#2746000
b11010000110010100000111111100101 -
1&
#2747000
0&
#2748000
1"
b1001 #
b1001 ,
0%
#2749000
b10100001100101000001111111001010 -
1&
1(
#2750000
0&
#2751000
b11000 #
b11000 ,
1%
#2752000
0!
b1000011001010000011111110010101 -
1&
#2753000
0&
#2754000
0"
b1110 #
b1110 ,
0%
#2755000
1!
1"
b10000110010100000111111100101010 -
1&
0'
0(
#2756000
0&
#2757000
b10110 #
b10110 ,
1%
#2758000
0!
0"
b1100101000001111111001010101 -
1&
1'
1(
#2759000
0&
#2760000
b1000 #
b1000 ,
#2761000
b11001010000011111110010101011 -
1&
0'
0(
#2762000
0&
#2763000
b10101 #
b10101 ,
0$
#2764000
1&
#2765000
0&
#2766000
b110 #
b110 ,
1$
#2767000
1"
b110010100000111111100101010111 -
1&
#2768000
0&
#2769000
b10001 #
b10001 ,
0$
0%
#2770000
1&
1(
#2771000
0&
#2772000
0"
b11011 #
b11011 ,
1$
1%
#2773000
b1100101000001111111001010101111 -
1&
0(
#2774000
0&
#2775000
1"
b111 #
b111 ,
0%
#2776000
1!
0"
b11001010000011111110010101011110 -
1&
1(
#2777000
0&
#2778000
1"
b11001 #
b11001 ,
#2779000
0"
b10010100000111111100101010111100 -
1&
1'
#2780000
0&
#2781000
1"
b10 #
b10 ,
0$
#2782000
1&
#2783000
0&
#2784000
b100 #
b100 ,
1$
#2785000
0!
b101000001111111001010101111000 -
1&
#2786000
0&
#2787000
b1111 #
b1111 ,
0$
#2788000
1&
0'
#2789000
0&
#2790000
b11011 #
b11011 ,
1%
#2791000
1&
#2792000
0&
#2793000
b11 #
b11 ,
#2794000
1&
#2795000
0&
#2796000
0"
b1110 #
b1110 ,
0%
#2797000
1&
0(
#2798000
0&
#2799000
1"
b100 #
b100 ,
1$
1%
#2800000
b1010000011111110010101011110001 -
1&
1(
#2801000
0&
#2802000
b0 #
b0 ,
0$
0%
#2803000
1&
#2804000
0&
#2805000
0"
b11111 #
b11111 ,
1%
#2806000
1&
0(
#2807000
0&
#2808000
1"
b11100 #
b11100 ,
1$
0%
#2809000
1!
0"
b10100000111111100101010111100010 -
1&
1(
#2810000
0&
#2811000
1"
b10111 #
b10111 ,
#2812000
0!
b1000001111111001010101111000100 -
1&
1'
#2813000
0&
#2814000
b10 #
b10 ,
0$
#2815000
1&
0'
#2816000
0&
#2817000
b1000 #
b1000 ,
1$
#2818000
1!
b10000011111110010101011110001000 -
1&
#2819000
0&
#2820000
0"
b11100 #
b11100 ,
#2821000
0!
b111111100101010111100010000 -
1&
1'
0(
#2822000
0&
#2823000
1"
b10100 #
b10100 ,
1%
#2824000
0"
b1111111001010101111000100001 -
1&
0'
1(
#2825000
0&
#2826000
b11100 #
b11100 ,
#2827000
1"
b11111110010101011110001000011 -
1&
0(
#2828000
0&
#2829000
b1010 #
b1010 ,
0%
#2830000
0"
b111111100101010111100010000110 -
1&
1(
#2831000
0&
#2832000
b11111 #
b11111 ,
#2833000
b1111111001010101111000100001100 -
1&
0(
#2834000
0&
#2835000
b10000 #
b10000 ,
#2836000
1!
1"
b11111110010101011110001000011000 -
1&
#2837000
0&
#2838000
0"
b11000 #
b11000 ,
#2839000
b11111100101010111100010000110000 -
1&
1'
#2840000
0&
#2841000
b0 #
b0 ,
1%
#2842000
1"
b11111001010101111000100001100001 -
1&
#2843000
0&
#2844000
b1111 #
b1111 ,
0$
0%
#2845000
1&
1(
#2846000
0&
#2847000
0"
b11 #
b11 ,
1%
#2848000
1&
0(
#2849000
0&
#2850000
1"
b11101 #
b11101 ,
1$
#2851000
b11110010101011110001000011000011 -
1&
1(
#2852000
0&
#2853000
b10001 #
b10001 ,
0%
#2854000
b11100101010111100010000110000110 -
1&
#2855000
0&
#2856000
b10010 #
b10010 ,
0$
1%
#2857000
1&
#2858000
0&
#2859000
0"
b10000 #
b10000 ,
1$
#2860000
b11001010101111000100001100001101 -
1&
0(
#2861000
0&
#2862000
1"
b11110 #
b11110 ,
#2863000
0"
b10010101011110001000011000011011 -
1&
1(
#2864000
0&
#2865000
1"
b100 #
b100 ,
0$
#2866000
1&
#2867000
0&
#2868000
0"
b10 #
b10 ,
1$
0%
#2869000
0!
1"
b101010111100010000110000110110 -
1&
0(
#2870000
0&
#2871000
b10110 #
b10110 ,
0$
#2872000
1&
0'
1(
#2873000
0&
#2874000
0"
b10011 #
b10011 ,
1%
#2875000
1&
0(
#2876000
0&
#2877000
1"
b1010 #
b1010 ,
#2878000
1&
1(
#2879000
0&
#2880000
0"
b1100 #
b1100 ,
#2881000
1&
0(
#2882000
0&
#2883000
1"
b100 #
b100 ,
#2884000
1&
1(
#2885000
0&
#2886000
0"
b11010 #
b11010 ,
1$
0%
#2887000
1"
b1010101111000100001100001101100 -
1&
0(
#2888000
0&
#2889000
b1100 #
b1100 ,
1%
#2890000
1!
b10101011110001000011000011011001 -
1&
1(
#2891000
0&
#2892000
b11001 #
b11001 ,
0%
#2893000
0!
b1010111100010000110000110110010 -
1&
1'
#2894000
0&
#2895000
b1101 #
b1101 ,
#2896000
1!
0"
b10101111000100001100001101100100 -
1&
0'
#2897000
0&
#2898000
b10000 #
b10000 ,
1%
#2899000
0!
1"
b1011110001000011000011011001001 -
1&
1'
0(
#2900000
0&
#2901000
0"
b1 #
b1 ,
0$
0%
#2902000
1&
0'
#2903000
0&
#2904000
1"
b11011 #
b11011 ,
1$
#2905000
1!
b10111100010000110000110110010010 -
1&
1(
#2906000
0&
#2907000
0"
b11 #
b11 ,
#2908000
0!
b1111000100001100001101100100100 -
1&
1'
0(
#2909000
0&
#2910000
b100 #
b100 ,
0$
1%
#2911000
1&
0'
#2912000
0&
#2913000
b1010 #
b1010 ,
#2914000
1&
#2915000
0&
#2916000
b11 #
b11 ,
#2917000
1&
#2918000
0&
#2919000
1"
b1011 #
b1011 ,
1$
0%
#2920000
1!
0"
b11110001000011000011011001001000 -
1&
1(
#2921000
0&
#2922000
b11011 #
b11011 ,
0$
#2923000
1&
1'
0(
#2924000
0&
#2925000
1"
b11 #
b11 ,
#2926000
1&
1(
#2927000
0&
#2928000
b110 #
b110 ,
#2929000
1&
#2930000
0&
#2931000
0"
b11001 #
b11001 ,
1$
1%
#2932000
1"
b11100010000110000110110010010001 -
1&
0(
#2933000
0&
#2934000
0"
b1111 #
b1111 ,
0$
#2935000
1&
#2936000
0&
#2937000
1"
b11101 #
b11101 ,
1$
#2938000
0"
b11000100001100001101100100100011 -
1&
1(
#2939000
0&
#2940000
1"
b101 #
b101 ,
0$
#2941000
1&
#2942000
0&
#2943000
b1000 #
b1000 ,
#2944000
1&
#2945000
0&
#2946000
0"
b10 #
b10 ,
1$
0%
#2947000
1"
b10001000011000011011001001000110 -
1&
0(
#2948000
0&
#2949000
b10000 #
b10000 ,
#2950000
0!
b10000110000110110010010001100 -
1&
1(
#2951000
0&
#2952000
0"
b1100 #
b1100 ,
0$
1%
#2953000
1&
0'
0(
#2954000
0&
#2955000
b11110 #
b11110 ,
1$
0%
#2956000
b100001100001101100100100011000 -
1&
#2957000
0&
#2958000
b111 #
b111 ,
0$
#2959000
1&
#2960000
0&
#2961000
1"
b10001 #
b10001 ,
1$
1%
#2962000
0"
b1000011000011011001001000110001 -
1&
1(
#2963000
0&
#2964000
b10 #
b10 ,
#2965000
1!
b10000110000110110010010001100011 -
1&
0(
#2966000
0&
#2967000
b11101 #
b11101 ,
0%
#2968000
0!
b1100001101100100100011000110 -
1&
1'
#2969000
0&
#2970000
b11000 #
b11000 ,
#2971000
b11000011011001001000110001100 -
1&
0'
#2972000
0&
#2973000
b1 #
b1 ,
#2974000
b110000110110010010001100011000 -
1&
#2975000
0&
#2976000
1"
b10011 #
b10011 ,
0$
#2977000
1&
1(
#2978000
0&
#2979000
0"
b11110 #
b11110 ,
#2980000
1&
0(
#2981000
0&
#2982000
1"
b1000 #
b1000 ,
1$
#2983000
0"
b1100001101100100100011000110000 -
1&
1(
#2984000
0&
#2985000
b10000 #
b10000 ,
1%
#2986000
1!
b11000011011001001000110001100001 -
1&
0(
#2987000
0&
#2988000
1"
b1111 #
b1111 ,
0%
#2989000
0"
b10000110110010010001100011000010 -
1&
1'
1(
#2990000
0&
#2991000
b11000 #
b11000 ,
0$
1%
#2992000
1&
0(
#2993000
0&
#2994000
1"
b110 #
b110 ,
1$
#2995000
0!
0"
b1101100100100011000110000101 -
1&
1(
#2996000
0&
#2997000
b11110 #
b11110 ,
0%
#2998000
b11011001001000110001100001010 -
1&
0'
0(
#2999000
0&
#3000000
b101 #
b101 ,
0$
1%
#3001000
1&
#3002000
0&
#3003000
b11110 #
b11110 ,
#3004000
1&
#3005000
0&
#3006000
1"
b1 #
b1 ,
1$
0%
#3007000
0"
b110110010010001100011000010100 -
1&
1(
#3008000
0&
#3009000
b1011 #
b1011 ,
0$
#3010000
1&
0(
#3011000
0&
#3012000
1"
b1111 #
b1111 ,
1$
#3013000
b1101100100100011000110000101000 -
1&
1(
#3014000
0&
#3015000
b10100 #
b10100 ,
1%
#3016000
1!
0"
b11011001001000110001100001010001 -
1&
#3017000
0&
#3018000
b10011 #
b10011 ,
#3019000
b10110010010001100011000010100011 -
1&
1'
0(
#3020000
0&
#3021000
b1110 #
b1110 ,
0$
#3022000
1&
#3023000
0&
#3024000
b11010 #
b11010 ,
1$
0%
#3025000
0!
1"
b1100100100011000110000101000110 -
1&
#3026000
0&
#3027000
b1000 #
b1000 ,
#3028000
1!
0"
b11001001000110001100001010001100 -
1&
0'
1(
#3029000
0&
#3030000
1"
b1110 #
b1110 ,
0$
#3031000
1&
1'
#3032000
0&
#3033000
0"
b1100 #
b1100 ,
1%
#3034000
1&
0(
#3035000
0&
#3036000
b11100 #
b11100 ,
1$
0%
#3037000
1"
b10010010001100011000010100011000 -
1&
#3038000
0&
#3039000
0"
b1 #
b1 ,
0$
#3040000
1&
#3041000
0&
#3042000
b10010 #
b10010 ,
#3043000
1&
#3044000
0&
#3045000
b10001 #
b10001 ,
1$
1%
#3046000
0!
1"
b100100011000110000101000110001 -
1&
#3047000
0&
#3048000
0"
b1110 #
b1110 ,
0$
0%
#3049000
1&
0'
#3050000
0&
#3051000
1"
b10000 #
b10000 ,
1%
#3052000
1&
1(
#3053000
0&
#3054000
b1001 #
b1001 ,
#3055000
1&
#3056000
0&
#3057000
b11010 #
b11010 ,
#3058000
1&
#3059000
0&
#3060000
0"
b11111 #
b11111 ,
0%
#3061000
1&
0(
#3062000
0&
#3063000
b10100 #
b10100 ,
#3064000
1&
#3065000
0&
#3066000
b1010 #
b1010 ,
1%
#3067000
1&
#3068000
0&
#3069000
b10100 #
b10100 ,
1$
#3070000
b1001000110001100001010001100011 -
1&
#3071000
0&
#3072000
1"
b10111 #
b10111 ,
0$
0%
#3073000
1&
1(
#3074000
0&
#3075000
0"
b11 #
b11 ,
1%
#3076000
1&
0(
#3077000
0&
#3078000
1"
b10110 #
b10110 ,
#3079000
1&
1(
#3080000
0&
#3081000
b10001 #
b10001 ,
#3082000
1&
#3083000
0&
#3084000
0"
b11001 #
b11001 ,
0%
#3085000
1&
0(
#3086000
0&
#3087000
1"
b110 #
b110 ,
1$
1%
#3088000
1!
b10010001100011000010100011000111 -
1&
1(
#3089000
0&
#3090000
0"
b11001 #
b11001 ,
0%
#3091000
0!
1"
b100011000110000101000110001110 -
1&
1'
0(
#3092000
0&
#3093000
0"
b11011 #
b11011 ,
0$
#3094000
1&
0'
#3095000
0&
#3096000
1"
b1110 #
b1110 ,
1%
#3097000
1&
1(
#3098000
0&
#3099000
b10100 #
b10100 ,
#3100000
1&
#3101000
0&
#3102000
0"
b11011 #
b11011 ,
#3103000
1&
0(
#3104000
0&
#3105000
b11110 #
b11110 ,
#3106000
1&
#3107000
0&
#3108000
b1111 #
b1111 ,
0%
#3109000
1&
#3110000
0&
#3111000
b1001 #
b1001 ,
1%
#3112000
1&
#3113000
0&
#3114000
1"
b11101 #
b11101 ,
1$
0%
#3115000
0"
b1000110001100001010001100011100 -
1&
1(
#3116000
0&
#3117000
1"
b11 #
b11 ,
0$
#3118000
1&
#3119000
0&
#3120000
0"
b111 #
b111 ,
1%
#3121000
1&
0(
#3122000
0&
#3123000
b11111 #
b11111 ,
1$
0%
#3124000
1!
1"
b10001100011000010100011000111000 -
1&
#3125000
0&
#3126000
0"
b0 #
b0 ,
1%
#3127000
0!
1"
b11000110000101000110001110001 -
1&
1'
#3128000
0&
#3129000
b110 #
b110 ,
#3130000
b110001100001010001100011100011 -
1&
0'
1(
#3131000
0&
#3132000
b1 #
b1 ,
#3133000
b1100011000010100011000111000111 -
1&
#3134000
0&
#3135000
b11000 #
b11000 ,
0%
#3136000
1!
0"
b11000110000101000110001110001110 -
1&
#3137000
0&
#3138000
b11011 #
b11011 ,
#3139000
1"
b10001100001010001100011100011100 -
1&
1'
0(
#3140000
0&
#3141000
0"
b1011 #
b1011 ,
1%
#3142000
0!
1"
b11000010100011000111000111001 -
1&
#3143000
0&
#3144000
b11011 #
b11011 ,
0$
#3145000
1&
0'
1(
#3146000
0&
#3147000
0"
b11010 #
b11010 ,
1$
#3148000
b110000101000110001110001110011 -
1&
0(
#3149000
0&
#3150000
b11000 #
b11000 ,
0$
0%
#3151000
1&
#3152000
0&
#3153000
1"
b11101 #
b11101 ,
1%
#3154000
1&
1(
#3155000
0&
#3156000
b1100 #
b1100 ,
1$
0%
#3157000
b1100001010001100011100011100110 -
1&
#3158000
0&
#3159000
b1011 #
b1011 ,
0$
1%
#3160000
1&
#3161000
0&
#3162000
0"
b1110 #
b1110 ,
0%
#3163000
1&
0(
#3164000
0&
#3165000
b1000 #
b1000 ,
#3166000
1&
#3167000
0&
#3168000
b10100 #
b10100 ,
1$
1%
#3169000
1!
b11000010100011000111000111001101 -
1&
#3170000
0&
#3171000
1"
b11111 #
b11111 ,
0$
#3172000
1&
1'
1(
#3173000
0&
#3174000
0"
b1011 #
b1011 ,
1$
#3175000
b10000101000110001110001110011011 -
1&
0(
#3176000
0&
#3177000
1"
b0 #
b0 ,
0$
#3178000
1&
1(
#3179000
0&
#3180000
0"
b11011 #
b11011 ,
#3181000
1&
0(
#3182000
0&
#3183000
b10110 #
b10110 ,
1$
0%
#3184000
0!
b1010001100011100011100110110 -
1&
#3185000
0&
#3186000
1"
b11001 #
b11001 ,
1%
#3187000
0"
b10100011000111000111001101101 -
1&
0'
1(
#3188000
0&
#3189000
b1000 #
b1000 ,
0$
#3190000
1&
0(
#3191000
0&
#3192000
1"
b1011 #
b1011 ,
#3193000
1&
1(
#3194000
0&
#3195000
b10000 #
b10000 ,
1$
0%
#3196000
b101000110001110001110011011010 -
1&
#3197000
0&
#3198000
b1100 #
b1100 ,
0$
#3199000
1&
#3200000
0&
#3201000
b1010 #
b1010 ,
1$
#3202000
0"
b1010001100011100011100110110100 -
1&
#3203000
0&
#3204000
1"
b11000 #
b11000 ,
#3205000
1!
b10100011000111000111001101101000 -
1&
#3206000
0&
#3207000
b11111 #
b11111 ,
0$
1%
#3208000
1&
1'
#3209000
0&
#3210000
0"
b10001 #
b10001 ,
#3211000
1&
0(
#3212000
0&
#3213000
1"
b101 #
b101 ,
1$
#3214000
0!
0"
b1000110001110001110011011010001 -
1&
1(
#3215000
0&
#3216000
b11101 #
b11101 ,
0%
#3217000
1!
b10001100011100011100110110100010 -
1&
0'
0(
#3218000
0&
#3219000
1"
b1000 #
b1000 ,
0$
1%
#3220000
1&
1'
1(
#3221000
0&
#3222000
0"
b10 #
b10 ,
1$
#3223000
0!
1"
b11000111000111001101101000101 -
1&
0(
#3224000
0&
#3225000
0"
b1110 #
b1110 ,
0$
#3226000
1&
0'
#3227000
0&
#3228000
b10100 #
b10100 ,
1$
0%
#3229000
b110001110001110011011010001010 -
1&
#3230000
0&
#3231000
1"
b1100 #
b1100 ,
0$
1%
#3232000
1&
1(
#3233000
0&
#3234000
0"
b11111 #
b11111 ,
0%
#3235000
1&
0(
#3236000
0&
#3237000
1"
b1001 #
b1001 ,
#3238000
1&
1(
#3239000
0&
#3240000
1%
#3241000
1&
#3242000
0&
#3243000
b10000 #
b10000 ,
#3244000
1&
#3245000
0&
#3246000
b11100 #
b11100 ,
1$
#3247000
0"
b1100011100011100110110100010101 -
1&
#3248000
0&
#3249000
b1100 #
b1100 ,
0%
#3250000
1!
1"
b11000111000111001101101000101010 -
1&
0(
#3251000
0&
#3252000
0"
b11011 #
b11011 ,
1%
#3253000
1"
b10001110001110011011010001010101 -
1&
1'
#3254000
0&
#3255000
0"
b11110 #
b11110 ,
0$
#3256000
1&
#3257000
0&
#3258000
b11 #
b11 ,
0%
#3259000
1&
#3260000
0&
#3261000
1%
#3262000
1&
#3263000
0&
#3264000
1"
b100 #
b100 ,
#3265000
1&
1(
#3266000
0&
#3267000
0"
b11110 #
b11110 ,
0%
#3268000
1&
0(
#3269000
0&
#3270000
1"
b10100 #
b10100 ,
#3271000
1&
1(
#3272000
0&
#3273000
b10 #
b10 ,
1%
#3274000
1&
#3275000
0&
#3276000
0"
b11 #
b11 ,
0%
#3277000
1&
0(
#3278000
0&
#3279000
1"
b110 #
b110 ,
1$
1%
#3280000
0!
0"
b11100011100110110100010101011 -
1&
1(
#3281000
0&
#3282000
b100 #
b100 ,
0$
0%
#3283000
1&
0'
0(
#3284000
0&
#3285000
b11110 #
b11110 ,
1$
#3286000
b111000111001101101000101010110 -
1&
#3287000
0&
#3288000
b0 #
b0 ,
0$
1%
#3289000
1&
#3290000
0&
#3291000
1"
b1100 #
b1100 ,
0%
#3292000
1&
1(
#3293000
0&
#3294000
0"
b1011 #
b1011 ,
1$
1%
#3295000
b1110001110011011010001010101101 -
1&
0(
#3296000
0&
#3297000
b1 #
b1 ,
#3298000
1!
1"
b11100011100110110100010101011011 -
1&
#3299000
0&
#3300000
0"
b101 #
b101 ,
0$
0%
#3301000
1&
1'
#3302000
0&
#3303000
1"
b1110 #
b1110 ,
1%
#3304000
1&
1(
#3305000
0&
#3306000
b1000 #
b1000 ,
1$
0%
#3307000
0"
b11000111001101101000101010110110 -
1&
#3308000
0&
#3309000
b1010 #
b1010 ,
0$
#3310000
1&
0(
#3311000
0&
#3312000
1"
b10 #
b10 ,
#3313000
1&
1(
#3314000
0&
#3315000
0"
b11100 #
b11100 ,
1%
#3316000
1&
0(
#3317000
0&
#3318000
1"
b1 #
b1 ,
0%
#3319000
1&
1(
#3320000
0&
#3321000
b11000 #
b11000 ,
#3322000
1&
#3323000
0&
#3324000
b111 #
b111 ,
#3325000
1&
#3326000
0&
#3327000
b1011 #
b1011 ,
1%
#3328000
1&
#3329000
0&
#3330000
0"
b11 #
b11 ,
#3331000
1&
0(
#3332000
0&
#3333000
1"
b10100 #
b10100 ,
#3334000
1&
1(
#3335000
0&
#3336000
b1001 #
b1001 ,
1$
#3337000
0"
b10001110011011010001010101101101 -
1&
#3338000
0&
#3339000
b11101 #
b11101 ,
0$
#3340000
1&
0(
#3341000
0&
#3342000
b11110 #
b11110 ,
0%
#3343000
1&
#3344000
0&
#3345000
b10111 #
b10111 ,
#3346000
1&
#3347000
0&
#3348000
1"
b11001 #
b11001 ,
1$
1%
#3349000
0!
0"
b11100110110100010101011011011 -
1&
1(
#3350000
0&
#3351000
1"
b110 #
b110 ,
#3352000
0"
b111001101101000101010110110111 -
1&
0'
#3353000
0&
#3354000
0$
#3355000
1&
0(
#3356000
0&
#3357000
1"
b101 #
b101 ,
1$
0%
#3358000
b1110011011010001010101101101110 -
1&
1(
#3359000
0&
#3360000
b1101 #
b1101 ,
0$
1%
#3361000
1&
#3362000
0&
#3363000
0"
b100 #
b100 ,
1$
#3364000
1!
1"
b11100110110100010101011011011101 -
1&
0(
#3365000
0&
#3366000
b10000 #
b10000 ,
0%
#3367000
0"
b11001101101000101010110110111010 -
1&
1'
1(
#3368000
0&
#3369000
1"
b11110 #
b11110 ,
#3370000
0"
b10011011010001010101101101110100 -
1&
#3371000
0&
#3372000
1"
b101 #
b101 ,
#3373000
0!
b110110100010101011011011101000 -
1&
#3374000
0&
#3375000
0"
b1011 #
b1011 ,
#3376000
1"
b1101101000101010110110111010000 -
1&
0'
0(
#3377000
0&
#3378000
b1101 #
b1101 ,
0$
#3379000
1&
1(
#3380000
0&
#3381000
b11110 #
b11110 ,
1$
#3382000
1!
b11011010001010101101101110100000 -
1&
#3383000
0&
#3384000
0$
#3385000
1&
1'
#3386000
0&
#3387000
b101 #
b101 ,
1$
1%
#3388000
0"
b10110100010101011011011101000001 -
1&
#3389000
0&
#3390000
1"
b10000 #
b10000 ,
0%
#3391000
0!
b1101000101010110110111010000010 -
1&
#3392000
0&
#3393000
0"
b11000 #
b11000 ,
1%
#3394000
1!
1"
b11010001010101101101110100000101 -
1&
0'
0(
#3395000
0&
#3396000
b0 #
b0 ,
0$
#3397000
1&
1'
1(
#3398000
0&
#3399000
0"
b11 #
b11 ,
#3400000
1&
0(
#3401000
0&
#3402000
1"
b10010 #
b10010 ,
1$
#3403000
b10100010101011011011101000001011 -
1&
1(
#3404000
0&
#3405000
b10000 #
b10000 ,
#3406000
0!
b1000101010110110111010000010111 -
1&
#3407000
0&
#3408000
0"
b110 #
b110 ,
0$
#3409000
1&
0'
0(
#3410000
0&
#3411000
b111 #
b111 ,
1$
0%
#3412000
1!
b10001010101101101110100000101110 -
1&
#3413000
0&
#3414000
b11110 #
b11110 ,
#3415000
0!
b10101011011011101000001011100 -
1&
1'
#3416000
0&
#3417000
b1101 #
b1101 ,
1%
#3418000
1"
b101010110110111010000010111001 -
1&
0'
#3419000
0&
#3420000
b101 #
b101 ,
0%
#3421000
b1010101101101110100000101110010 -
1&
1(
#3422000
0&
#3423000
0"
b11101 #
b11101 ,
#3424000
1!
1"
b10101011011011101000001011100100 -
1&
0(
#3425000
0&
#3426000
b1001 #
b1001 ,
0$
1%
#3427000
1&
1'
1(
#3428000
0&
#3429000
0"
b1 #
b1 ,
1$
0%
#3430000
0!
b1010110110111010000010111001000 -
1&
0(
#3431000
0&
#3432000
1"
b1010 #
b1010 ,
1%
#3433000
1!
0"
b10101101101110100000101110010001 -
1&
0'
1(
#3434000
0&
#3435000
b11 #
b11 ,
0$
0%
#3436000
1&
1'
0(
#3437000
0&
#3438000
b110 #
b110 ,
#3439000
1&
#3440000
0&
#3441000
1"
b100 #
b100 ,
1%
#3442000
1&
1(
#3443000
0&
#3444000
0"
b1100 #
b1100 ,
#3445000
1&
0(
#3446000
0&
#3447000
b10010 #
b10010 ,
1$
#3448000
0!
1"
b1011011011101000001011100100011 -
1&
#3449000
0&
#3450000
0"
b10000 #
b10000 ,
0%
#3451000
1!
b10110110111010000010111001000110 -
1&
0'
#3452000
0&
#3453000
b10001 #
b10001 ,
#3454000
0!
b1101101110100000101110010001100 -
1&
1'
#3455000
0&
#3456000
b100 #
b100 ,
0$
1%
#3457000
1&
0'
#3458000
0&
#3459000
1"
b1010 #
b1010 ,
1$
#3460000
1!
0"
b11011011101000001011100100011001 -
1&
1(
#3461000
0&
#3462000
1"
b10111 #
b10111 ,
#3463000
0"
b10110111010000010111001000110011 -
1&
1'
#3464000
0&
#3465000
1"
b1101 #
b1101 ,
0$
0%
#3466000
1&
#3467000
0&
#3468000
b11001 #
b11001 ,
1$
#3469000
0!
b1101110100000101110010001100110 -
1&
#3470000
0&
#3471000
b101 #
b101 ,
0$
#3472000
1&
0'
#3473000
0&
#3474000
b110 #
b110 ,
#3475000
1&
#3476000
0&
#3477000
0"
b11 #
b11 ,
1$
#3478000
1!
1"
b11011101000001011100100011001100 -
1&
0(
#3479000
0&
#3480000
b10010 #
b10010 ,
0$
1%
#3481000
1&
1'
1(
#3482000
0&
#3483000
b11010 #
b11010 ,
1$
0%
#3484000
0"
b10111010000010111001000110011000 -
1&
#3485000
0&
#3486000
1"
b10001 #
b10001 ,
0$
#3487000
1&
#3488000
0&
#3489000
0"
b1010 #
b1010 ,
1%
#3490000
1&
0(
#3491000
0&
#3492000
1"
b10011 #
b10011 ,
0%
#3493000
1&
1(
#3494000
0&
#3496000
1&
#3497000
0&
#3498000
0"
b1 #
b1 ,
1%
#3499000
1&
0(
#3500000
0&
#3501000
b1110 #
b1110 ,
1$
0%
#3502000
0!
b1110100000101110010001100110000 -
1&
#3503000
0&
#3504000
b10011 #
b10011 ,
0$
1%
#3505000
1&
0'
#3506000
0&
#3507000
1"
b1000 #
b1000 ,
#3508000
1&
1(
#3509000
0&
#3510000
0"
b1 #
b1 ,
0%
#3511000
1&
0(
#3512000
0&
#3513000
b1010 #
b1010 ,
1%
#3514000
1&
#3515000
0&
#3516000
b10111 #
b10111 ,
1$
0%
#3517000
1!
b11101000001011100100011001100000 -
1&
#3518000
0&
#3519000
b11000 #
b11000 ,
1%
#3520000
b11010000010111001000110011000001 -
1&
1'
#3521000
0&
#3522000
b1000 #
b1000 ,
0$
#3523000
1&
#3524000
0&
#3525000
1"
b10110 #
b10110 ,
0%
#3526000
1&
1(
#3527000
0&
#3528000
b10100 #
b10100 ,
1$
1%
#3529000
b10100000101110010001100110000011 -
1&
#3530000
0&
#3531000
0"
b10010 #
b10010 ,
0$
#3532000
1&
0(
#3533000
0&
#3534000
1"
b10011 #
b10011 ,
0%
#3535000
1&
1(
#3536000
0&
#3537000
b1100 #
b1100 ,
#3538000
1&
#3539000
0&
#3540000
b10000 #
b10000 ,
1%
#3541000
1&
#3542000
0&
#3543000
b10011 #
b10011 ,
1$
0%
#3544000
0!
0"
b1000001011100100011001100000110 -
1&
#3545000
0&
#3546000
1"
b1 #
b1 ,
0$
#3547000
1&
0'
#3548000
0&
#3549000
b11110 #
b11110 ,
1%
#3550000
1&
#3551000
0&
#3552000
b10 #
b10 ,
1$
#3553000
1!
b10000010111001000110011000001101 -
1&
#3554000
0&
#3555000
0"
b1111 #
b1111 ,
#3556000
0!
1"
b101110010001100110000011011 -
1&
1'
0(
#3557000
0&
#3558000
b11010 #
b11010 ,
0$
#3559000
1&
0'
1(
#3560000
0&
#3561000
0"
b11110 #
b11110 ,
0%
#3562000
1&
0(
#3563000
0&
#3564000
b10010 #
b10010 ,
1%
#3565000
1&
#3566000
0&
#3567000
b1100 #
b1100 ,
1$
#3568000
1"
b1011100100011001100000110111 -
1&
#3569000
0&
#3570000
b10000 #
b10000 ,
0$
0%
#3571000
1&
1(
#3572000
0&
#3573000
b1111 #
b1111 ,
1%
#3574000
1&
#3575000
0&
#3576000
0"
b10010 #
b10010 ,
1$
#3577000
b10111001000110011000001101111 -
1&
0(
#3578000
0&
#3579000
b1001 #
b1001 ,
#3580000
b101110010001100110000011011111 -
1&
#3581000
0&
#3582000
1"
b10110 #
b10110 ,
#3583000
0"
b1011100100011001100000110111111 -
1&
1(
#3584000
0&
#3585000
1"
b10 #
b10 ,
0$
#3586000
1&
#3587000
0&
#3588000
0"
b110 #
b110 ,
0%
#3589000
1&
0(
#3590000
0&
#3591000
1"
b11110 #
b11110 ,
1$
1%
#3592000
1!
0"
b10111001000110011000001101111111 -
1&
1(
#3593000
0&
#3594000
1"
b11000 #
b11000 ,
0$
#3595000
1&
1'
#3596000
0&
#3597000
b0 #
b0 ,
#3598000
1&
#3599000
0&
#3600000
0"
b1101 #
b1101 ,
0%
#3601000
1&
0(
#3602000
0&
#3603000
b1011 #
b1011 ,
1$
#3604000
0!
b1110010001100110000011011111110 -
1&
#3605000
0&
#3606000
b0 #
b0 ,
1%
#3607000
1!
1"
b11100100011001100000110111111101 -
1&
0'
#3608000
0&
#3609000
0"
b10111 #
b10111 ,
#3610000
1"
b11001000110011000001101111111011 -
1&
1'
#3611000
0&
#3612000
b101 #
b101 ,
0%
#3613000
b10010001100110000011011111110110 -
1&
1(
#3614000
0&
#3615000
b11100 #
b11100 ,
0$
#3616000
1&
#3617000
0&
#3618000
b10011 #
b10011 ,
1$
1%
#3619000
0!
0"
b100011001100000110111111101101 -
1&
#3620000
0&
#3621000
1"
b10 #
b10 ,
0%
#3622000
0"
b1000110011000001101111111011010 -
1&
0'
#3623000
0&
#3624000
1"
b1100 #
b1100 ,
0$
#3625000
1&
#3626000
0&
#3627000
0"
b0 #
b0 ,
1%
#3628000
1&
0(
#3629000
0&
#3630000
b11101 #
b11101 ,
0%
#3631000
1&
#3632000
0&
#3633000
1"
b11110 #
b11110 ,
1$
1%
#3634000
1!
0"
b10001100110000011011111110110101 -
1&
1(
#3635000
0&
#3636000
b10101 #
b10101 ,
0$
0%
#3637000
1&
1'
0(
#3638000
0&
#3639000
b11000 #
b11000 ,
1$
#3640000
0!
1"
b11001100000110111111101101010 -
1&
#3641000
0&
#3642000
0"
b10011 #
b10011 ,
1%
#3643000
b110011000001101111111011010101 -
1&
0'
#3644000
0&
#3645000
1"
b110 #
b110 ,
0$
0%
#3646000
1&
1(
#3647000
0&
#3648000
0"
b10101 #
b10101 ,
1%
#3649000
1&
0(
#3650000
0&
#3651000
1"
b1111 #
b1111 ,
0%
#3652000
1&
1(
#3653000
0&
#3654000
0"
b11111 #
b11111 ,
1$
1%
#3655000
b1100110000011011111110110101011 -
1&
0(
#3656000
0&
#3657000
1"
b11110 #
b11110 ,
#3658000
1!
b11001100000110111111101101010111 -
1&
1(
#3659000
0&
#3660000
b1111 #
b1111 ,
0$
#3661000
1&
1'
#3662000
0&
#3663000
b11110 #
b11110 ,
0%
#3664000
1&
#3665000
0&
#3666000
0"
b10111 #
b10111 ,
1$
#3667000
b10011000001101111111011010101110 -
1&
0(
#3668000
0&
#3669000
1"
b1110 #
b1110 ,
0$
1%
#3670000
1&
1(
#3671000
0&
#3672000
b11100 #
b11100 ,
1$
0%
#3673000
0!
b110000011011111110110101011100 -
1&
#3674000
0&
#3675000
b11101 #
b11101 ,
#3676000
b1100000110111111101101010111000 -
1&
0'
#3677000
0&
#3678000
0"
b10 #
b10 ,
0$
1%
#3679000
1&
0(
#3680000
0&
#3681000
1"
b111 #
b111 ,
#3682000
1&
1(
#3683000
0&
#3684000
b100 #
b100 ,
1$
#3685000
1!
b11000001101111111011010101110001 -
1&
#3686000
0&
#3687000
b10010 #
b10010 ,
#3688000
b10000011011111110110101011100011 -
1&
1'
#3689000
0&
#3690000
b10000 #
b10000 ,
0$
#3691000
1&
#3692000
0&
#3693000
0"
b1111 #
b1111 ,
1$
#3694000
0!
1"
b110111111101101010111000111 -
1&
0(
#3695000
0&
#3696000
b1100 #
b1100 ,
0$
0%
#3697000
1&
0'
1(
#3698000
0&
#3699000
b10001 #
b10001 ,
1$
#3700000
0"
b1101111111011010101110001110 -
1&
#3701000
0&
#3702000
b11001 #
b11001 ,
#3703000
1"
b11011111110110101011100011100 -
1&
0(
#3704000
0&
#3705000
b1000 #
b1000 ,
1%
#3706000
0"
b110111111101101010111000111001 -
1&
1(
#3707000
0&
#3708000
1"
b10101 #
b10101 ,
0$
#3709000
1&
#3710000
0&
#3711000
b11010 #
b11010 ,
1$
#3712000
b1101111111011010101110001110011 -
1&
#3713000
0&
#3714000
b1 #
b1 ,
#3715000
1!
b11011111110110101011100011100111 -
1&
#3716000
0&
#3717000
b10 #
b10 ,
0%
#3718000
b10111111101101010111000111001110 -
1&
1'
#3719000
0&
#3720000
0"
b1001 #
b1001 ,
0$
1%
#3721000
1&
0(
#3722000
0&
#3723000
1"
b11101 #
b11101 ,
0%
#3724000
1&
1(
#3725000
0&
#3726000
0"
b1111 #
b1111 ,
1$
#3727000
0!
1"
b1111111011010101110001110011100 -
1&
0(
#3728000
0&
#3729000
b10110 #
b10110 ,
#3730000
1!
b11111110110101011100011100111000 -
1&
0'
1(
#3731000
0&
#3732000
b11 #
b11 ,
#3733000
0"
b11111101101010111000111001110000 -
1&
1'
#3734000
0&
#3735000
b1101 #
b1101 ,
0$
1%
#3736000
1&
0(
#3737000
0&
#3738000
b0 #
b0 ,
1$
0%
#3739000
b11111011010101110001110011100000 -
1&
#3740000
0&
#3741000
1"
b11000 #
b11000 ,
0$
1%
#3742000
1&
1(
#3743000
0&
#3744000
0"
b10101 #
b10101 ,
0%
#3745000
1&
0(
#3746000
0&
#3747000
1"
b11000 #
b11000 ,
#3748000
1&
1(
#3749000
0&
#3750000
b11111 #
b11111 ,
1%
#3751000
1&
#3752000
0&
#3753000
0"
b11 #
b11 ,
1$
0%
#3754000
b11110110101011100011100111000000 -
1&
0(
#3755000
0&
#3756000
1"
b10010 #
b10010 ,
0$
#3757000
1&
1(
#3758000
0&
#3759000
b110 #
b110 ,
#3760000
1&
#3761000
0&
#3762000
b11100 #
b11100 ,
#3763000
1&
#3764000
0&
#3765000
b10001 #
b10001 ,
1%
#3766000
1&
#3767000
0&
#3768000
b1101 #
b1101 ,
#3769000
1&
#3770000
0&
#3771000
b11111 #
b11111 ,
1$
#3772000
b11101101010111000111001110000001 -
1&
#3773000
0&
#3774000
0"
b10101 #
b10101 ,
#3775000
1"
b11011010101110001110011100000011 -
1&
0(
#3776000
0&
#3777000
0"
b111 #
b111 ,
0$
#3778000
1&
#3779000
0&
#3780000
1"
b10100 #
b10100 ,
#3781000
1&
1(
#3782000
0&
#3783000
0"
b101 #
b101 ,
1$
0%
#3784000
b10110101011100011100111000000110 -
1&
0(
#3785000
0&
#3786000
b1100 #
b1100 ,
0$
1%
#3787000
1&
#3788000
0&
#3789000
b1101 #
b1101 ,
1$
0%
#3790000
0!
b1101010111000111001110000001100 -
1&
#3791000
0&
#3792000
1"
b1010 #
b1010 ,
0$
#3793000
1&
0'
1(
#3794000
0&
#3795000
b10101 #
b10101 ,
1$
1%
#3796000
1!
0"
b11010101110001110011100000011001 -
1&
#3797000
0&
#3798000
1"
b10110 #
b10110 ,
0%
#3799000
0"
b10101011100011100111000000110010 -
1&
1'
#3800000
0&
#3801000
b1001 #
b1001 ,
#3802000
0!
b1010111000111001110000001100100 -
1&
0(
#3803000
0&
#3804000
b100 #
b100 ,
#3805000
1!
b10101110001110011100000011001000 -
1&
0'
#3806000
0&
#3807000
1"
b10000 #
b10000 ,
0$
#3808000
1&
1'
1(
#3809000
0&
#3810000
0"
b1 #
b1 ,
1$
#3811000
0!
b1011100011100111000000110010000 -
1&
0(
#3812000
0&
#3813000
b10 #
b10 ,
0$
#3814000
1&
0'
#3815000
0&
#3816000
1"
b10000 #
b10000 ,
1$
#3817000
1!
b10111000111001110000001100100000 -
1&
1(
#3818000
0&
#3819000
b1001 #
b1001 ,
0$
1%
#3820000
1&
1'
#3821000
0&
#3822000
0"
b10100 #
b10100 ,
0%
#3823000
1&
0(
#3824000
0&
#3825000
1"
b10000 #
b10000 ,
#3826000
1&
1(
#3827000
0&
#3828000
b10111 #
b10111 ,
1$
#3829000
0!
b1110001110011100000011001000000 -
1&
#3830000
0&
#3831000
0"
b1111 #
b1111 ,
0$
1%
#3832000
1&
0'
0(
#3833000
0&
#3834000
1$
0%
#3835000
1!
b11100011100111000000110010000000 -
1&
#3836000
0&
#3837000
b11010 #
b11010 ,
1%
#3838000
1"
b11000111001110000001100100000001 -
1&
1'
#3839000
0&
#3840000
0"
b10 #
b10 ,
0%
#3841000
b10001110011100000011001000000010 -
1&
#3842000
0&
#3843000
b10010 #
b10010 ,
0$
1%
#3844000
1&
#3845000
0&
#3846000
1"
b1001 #
b1001 ,
0%
#3847000
1&
1(
#3848000
0&
#3849000
b11001 #
b11001 ,
1$
#3850000
0!
0"
b11100111000000110010000000100 -
1&
#3851000
0&
#3852000
b110 #
b110 ,
0$
#3853000
1&
0'
0(
#3854000
0&
#3855000
b0 #
b0 ,
#3856000
1&
#3857000
0&
#3858000
b1000 #
b1000 ,
1$
#3859000
b111001110000001100100000001000 -
1&
#3860000
0&
#3861000
1"
b11000 #
b11000 ,
0$
#3862000
1&
1(
#3863000
0&
#3864000
0"
b100 #
b100 ,
1$
#3865000
1"
b1110011100000011001000000010000 -
1&
0(
#3866000
0&
#3867000
0"
b1 #
b1 ,
0$
#3868000
1&
#3869000
0&
#3870000
b1000 #
b1000 ,
#3871000
1&
#3872000
0&
#3873000
b10110 #
b10110 ,
#3874000
1&
#3875000
0&
#3876000
1%
#3877000
1&
#3878000
0&
#3879000
b11010 #
b11010 ,
#3880000
1&
#3881000
0&
#3882000
b11111 #
b11111 ,
1$
#3883000
1!
1"
b11100111000000110010000000100001 -
1&
#3884000
0&
#3885000
b11000 #
b11000 ,
0$
0%
#3886000
1&
1'
1(
#3887000
0&
#3888000
0"
b1110 #
b1110 ,
1%
#3889000
1&
0(
#3890000
0&
#3891000
1"
b11000 #
b11000 ,
0%
#3892000
1&
1(
#3893000
0&
#3894000
0"
b1 #
b1 ,
1%
#3895000
1&
0(
#3896000
0&
#3897000
b10110 #
b10110 ,
1$
#3898000
b11001110000001100100000001000011 -
1&
#3899000
0&
#3900000
b10 #
b10 ,
#3901000
1"
b10011100000011001000000010000111 -
1&
#3902000
0&
#3903000
0"
b1001 #
b1001 ,
0%
#3904000
0!
b111000000110010000000100001110 -
1&
#3905000
0&
#3906000
b11010 #
b11010 ,
1%
#3907000
b1110000001100100000001000011101 -
1&
0'
#3908000
0&
#3910000
1!
b11100000011001000000010000111011 -
1&
#3911000
0&
#3912000
b1100 #
b1100 ,
#3913000
b11000000110010000000100001110111 -
1&
1'
#3914000
0&
#3915000
1"
b11110 #
b11110 ,
0%
#3916000
0"
b10000001100100000001000011101110 -
1&
1(
#3917000
0&
#3918000
1"
b101 #
b101 ,
#3919000
0!
0"
b11001000000010000111011100 -
1&
#3920000
0&
#3921000
b1 #
b1 ,
1%
#3922000
b110010000000100001110111001 -
1&
0'
0(
#3923000
0&
#3924000
b11000 #
b11000 ,
0$
0%
#3925000
1&
#3926000
0&
#3927000
b110 #
b110 ,
1%
#3928000
1&
#3929000
0&
#3930000
b10010 #
b10010 ,
#3931000
1&
#3932000
0&
#3933000
1"
b0 #
b0 ,
0%
#3934000
1&
1(
#3935000
0&
#3936000
0"
b10111 #
b10111 ,
1$
#3937000
1"
b1100100000001000011101110010 -
1&
0(
#3938000
0&
#3939000
0"
b10101 #
b10101 ,
0$
#3940000
1&
#3941000
0&
#3942000
b11111 #
b11111 ,
1$
#3943000
b11001000000010000111011100100 -
1&
#3944000
0&
#3945000
1"
b111 #
b111 ,
#3946000
b110010000000100001110111001000 -
1&
1(
#3947000
0&
#3948000
b11001 #
b11001 ,
0$
#3949000
1&
#3950000
0&
#3951000
0"
b10101 #
b10101 ,
1$
1%
#3952000
b1100100000001000011101110010001 -
1&
0(
#3953000
0&
#3954000
1"
b0 #
b0 ,
0$
0%
#3955000
1&
1(
#3956000
0&
#3957000
b1001 #
b1001 ,
#3958000
1&
#3959000
0&
#3960000
b111 #
b111 ,
1$
#3961000
1!
0"
b11001000000010000111011100100010 -
1&
#3962000
0&
#3963000
b10000 #
b10000 ,
1%
#3964000
b10010000000100001110111001000101 -
1&
1'
0(
#3965000
0&
#3966000
1"
b11111 #
b11111 ,
0$
0%
#3967000
1&
1(
#3968000
0&
#3969000
0"
b10010 #
b10010 ,
1$
#3970000
0!
b100000001000011101110010001010 -
1&
0(
#3971000
0&
#3972000
b11001 #
b11001 ,
1%
#3973000
b1000000010000111011100100010101 -
1&
0'
#3974000
0&
#3975000
b11010 #
b11010 ,
0$
0%
#3976000
1&
#3977000
0&
#3978000
b1001 #
b1001 ,
#3979000
1&
#3980000
0&
#3981000
b11 #
b11 ,
1%
#3982000
1&
#3983000
0&
#3984000
b1010 #
b1010 ,
0%
#3985000
1&
#3986000
0&
#3987000
1"
b0 #
b0 ,
1$
#3988000
1!
0"
b10000000100001110111001000101010 -
1&
1(
#3989000
0&
#3990000
1"
b101 #
b101 ,
1%
#3991000
0!
0"
b1000011101110010001010101 -
1&
1'
#3992000
0&
#3993000
b10110 #
b10110 ,
#3994000
b10000111011100100010101011 -
1&
0'
0(
#3995000
0&
#3996000
1"
b10100 #
b10100 ,
0$
0%
#3997000
1&
1(
#3998000
0&
#3999000
b10000 #
b10000 ,
1%
#4000000
1&
#4001000
0&
#4002000
b1110 #
b1110 ,
1$
#4003000
0"
b100001110111001000101010111 -
1&
#4004000
0&
#4005000
b1101 #
b1101 ,
0$
0%
#4006000
1&
0(
#4007000
0&
#4008000
b11111 #
b11111 ,
1$
#4009000
b1000011101110010001010101110 -
1&
#4010000
0&
#4011000
1"
b11011 #
b11011 ,
0$
#4012000
1&
1(
#4013000
0&
#4014000
b1001 #
b1001 ,
1%
#4015000
1&
#4016000
0&
#4017000
0"
b110 #
b110 ,
0%
#4018000
1&
0(
#4019000
0&
#4020000
1"
b10 #
b10 ,
1$
1%
#4021000
b10000111011100100010101011101 -
1&
1(
#4022000
0&
#4023000
b10101 #
b10101 ,
#4024000
0"
b100001110111001000101010111011 -
1&
#4025000
0&
#4026000
b10 #
b10 ,
0$
#4027000
1&
0(
#4028000
0&
#4029000
b1000 #
b1000 ,
0%
#4030000
1&
#4031000
0&
#4032000
b10 #
b10 ,
#4033000
1&
#4034000
0&
#4035000
b11010 #
b11010 ,
1%
#4036000
1&
#4037000
0&
#4038000
b10000 #
b10000 ,
0%
#4039000
1&
#4040000
0&
#4041000
b1010 #
b1010 ,
1%
#4042000
1&
#4043000
0&
#4044000
b10000 #
b10000 ,
#4045000
1&
#4046000
0&
#4047000
1"
b1001 #
b1001 ,
#4048000
1&
1(
#4049000
0&
#4050000
0"
b10 #
b10 ,
0%
#4051000
1&
0(
#4052000
0&
#4053000
b11001 #
b11001 ,
1$
1%
#4054000
1"
b1000011101110010001010101110111 -
1&
#4055000
0&
#4056000
b1000 #
b1000 ,
#4057000
1!
0"
b10000111011100100010101011101111 -
1&
1(
#4058000
0&
#4059000
1"
b101 #
b101 ,
0%
#4060000
0!
0"
b1110111001000101010111011110 -
1&
1'
#4061000
0&
#4062000
1"
b11 #
b11 ,
1%
#4063000
b11101110010001010101110111101 -
1&
0'
#4064000
0&
#4065000
b1011 #
b1011 ,
#4066000
0"
b111011100100010101011101111011 -
1&
#4067000
0&
#4068000
1"
b1000 #
b1000 ,
0$
#4069000
1&
#4070000
0&
#4071000
b11001 #
b11001 ,
#4072000
1&
#4073000
0&
#4074000
0"
b11110 #
b11110 ,
#4075000
1&
0(
#4076000
0&
#4077000
1"
b101 #
b101 ,
1$
0%
#4078000
b1110111001000101010111011110110 -
1&
1(
#4079000
0&
#4080000
b10 #
b10 ,
#4081000
1!
b11101110010001010101110111101100 -
1&
#4082000
0&
#4083000
b1011 #
b1011 ,
1%
#4084000
b11011100100010101011101111011001 -
1&
1'
#4085000
0&
#4086000
0"
b10110 #
b10110 ,
#4087000
b10111001000101010111011110110011 -
1&
0(
#4088000
0&
#4089000
b10001 #
b10001 ,
0%
#4090000
0!
1"
b1110010001010101110111101100110 -
1&
#4091000
0&
#4092000
b1011 #
b1011 ,
1%
#4093000
1!
b11100100010101011101111011001101 -
1&
0'
1(
#4094000
0&
#4095000
0"
b11011 #
b11011 ,
0%
#4096000
1"
b11001000101010111011110110011010 -
1&
1'
0(
#4097000
0&
#4098000
b11111 #
b11111 ,
#4099000
b10010001010101110111101100110100 -
1&
1(
#4100000
0&
#4101000
b1110 #
b1110 ,
1%
#4102000
0!
b100010101011101111011001101001 -
1&
#4103000
0&
#4104000
0"
b10000 #
b10000 ,
0$
0%
#4105000
1&
0'
0(
#4106000
0&
#4107000
1"
b1110 #
b1110 ,
1$
1%
#4108000
b1000101010111011110110011010011 -
1&
1(
#4109000
0&
#4110000
b1 #
b1 ,
#4111000
1!
b10001010101110111101100110100111 -
1&
#4112000
0&
#4113000
b0 #
b0 ,
0$
0%
#4114000
1&
1'
#4115000
0&
#4116000
b11001 #
b11001 ,
#4117000
1&
#4118000
0&
#4119000
0"
b110 #
b110 ,
1$
#4120000
0!
1"
b10101011101111011001101001110 -
1&
0(
#4121000
0&
#4122000
b1111 #
b1111 ,
0$
#4123000
1&
0'
1(
#4124000
0&
#4125000
0"
b11111 #
b11111 ,
1$
1%
#4126000
b101010111011110110011010011101 -
1&
0(
#4127000
0&
#4128000
1"
b1110 #
b1110 ,
0%
#4129000
b1010101110111101100110100111010 -
1&
1(
#4130000
0&
#4131000
b10001 #
b10001 ,
0$
1%
#4132000
1&
#4133000
0&
#4134000
b11100 #
b11100 ,
1$
#4135000
1!
0"
b10101011101111011001101001110101 -
1&
#4136000
0&
#4137000
1"
b100 #
b100 ,
0$
0%
#4138000
1&
1'
#4139000
0&
#4140000
b1100 #
b1100 ,
1$
1%
#4141000
0!
b1010111011110110011010011101011 -
1&
#4142000
0&
#4143000
b10110 #
b10110 ,
#4144000
1!
b10101110111101100110100111010111 -
1&
0'
#4145000
0&
#4146000
0"
b11110 #
b11110 ,
0$
#4147000
1&
1'
0(
#4148000
0&
#4149000
b1111 #
b1111 ,
#4150000
1&
#4151000
0&
#4152000
1"
b10010 #
b10010 ,
0%
#4153000
1&
1(
#4154000
0&
#4155000
0"
b10011 #
b10011 ,
1%
#4156000
1&
0(
#4157000
0&
#4158000
1"
b10100 #
b10100 ,
0%
#4159000
1&
1(
#4160000
0&
#4161000
0"
b1111 #
b1111 ,
1$
1%
#4162000
0!
1"
b1011101111011001101001110101111 -
1&
0(
#4163000
0&
#4164000
b11 #
b11 ,
#4165000
1!
b10111011110110011010011101011111 -
1&
0'
1(
#4166000
0&
#4167000
b1001 #
b1001 ,
0$
0%
#4168000
1&
1'
#4169000
0&
#4170000
b1111 #
b1111 ,
#4171000
1&
#4172000
0&
#4173000
0"
b1100 #
b1100 ,
#4174000
1&
0(
#4175000
0&
#4176000
1"
b11101 #
b11101 ,
1$
1%
#4177000
0!
b1110111101100110100111010111111 -
1&
1(
#4178000
0&
#4179000
0"
b11111 #
b11111 ,
0$
0%
#4180000
1&
0'
0(
#4181000
0&
#4182000
1"
b1001 #
b1001 ,
#4183000
1&
1(
#4184000
0&
#4185000
0"
b10010 #
b10010 ,
1$
#4186000
1!
1"
b11101111011001101001110101111110 -
1&
0(
#4187000
0&
#4188000
0"
b11100 #
b11100 ,
0$
#4189000
1&
1'
#4190000
0&
#4191000
1"
b11110 #
b11110 ,
#4192000
1&
1(
#4193000
0&
#4194000
0"
b1101 #
b1101 ,
1%
#4195000
1&
0(
#4196000
0&
#4197000
1"
b11011 #
b11011 ,
1$
0%
#4198000
b11011110110011010011101011111100 -
1&
1(
#4199000
0&
#4200000
b11010 #
b11010 ,
1%
#4201000
b10111101100110100111010111111001 -
1&
#4202000
0&
#4203000
0"
b1 #
b1 ,
0$
0%
#4204000
1&
0(
#4205000
0&
#4206000
1"
b11000 #
b11000 ,
1$
1%
#4207000
0!
b1111011001101001110101111110011 -
1&
1(
#4208000
0&
#4209000
0"
b10110 #
b10110 ,
0%
#4210000
1!
1"
b11110110011010011101011111100110 -
1&
0'
0(
#4211000
0&
#4212000
b111 #
b111 ,
1%
#4213000
b11101100110100111010111111001101 -
1&
1'
1(
#4214000
0&
#4215000
b10000 #
b10000 ,
0%
#4216000
b11011001101001110101111110011010 -
1&
#4217000
0&
#4218000
b1 #
b1 ,
#4219000
0"
b10110011010011101011111100110100 -
1&
#4220000
0&
#4221000
b10111 #
b10111 ,
1%
#4222000
0!
1"
b1100110100111010111111001101001 -
1&
0(
#4223000
0&
#4224000
b101 #
b101 ,
#4225000
1!
0"
b11001101001110101111110011010011 -
1&
0'
1(
#4226000
0&
#4227000
b11101 #
b11101 ,
#4228000
b10011010011101011111100110100111 -
1&
1'
0(
#4229000
0&
#4230000
1"
b11001 #
b11001 ,
0$
#4231000
1&
1(
#4232000
0&
#4233000
b1111 #
b1111 ,
1$
#4234000
0!
b110100111010111111001101001111 -
1&
#4235000
0&
#4236000
b10011 #
b10011 ,
#4237000
0"
b1101001110101111110011010011111 -
1&
0'
#4238000
0&
#4239000
1"
b11101 #
b11101 ,
0$
#4240000
1&
#4241000
0&
#4242000
0"
b1100 #
b1100 ,
1$
#4243000
1!
b11010011101011111100110100111111 -
1&
0(
#4244000
0&
#4245000
0$
0%
#4246000
1&
1'
#4247000
0&
#4248000
1"
b11000 #
b11000 ,
1%
#4249000
1&
1(
#4250000
0&
#4251000
b11110 #
b11110 ,
#4252000
1&
#4253000
0&
#4254000
b10010 #
b10010 ,
#4255000
1&
#4256000
0&
#4257000
0"
b1100 #
b1100 ,
1$
#4258000
1"
b10100111010111111001101001111111 -
1&
0(
#4259000
0&
#4260000
0"
b11100 #
b11100 ,
#4261000
0!
b1001110101111110011010011111111 -
1&
#4262000
0&
#4263000
1"
b11010 #
b11010 ,
0%
#4264000
1!
b10011101011111100110100111111110 -
1&
0'
1(
#4265000
0&
#4266000
0"
b11001 #
b11001 ,
0$
#4267000
1&
1'
0(
#4268000
0&
#4269000
1"
b1000 #
b1000 ,
#4270000
1&
1(
#4271000
0&
#4272000
0"
b10000 #
b10000 ,
1%
#4273000
1&
0(
#4274000
0&
#4276000
1&
#4277000
0&
#4278000
b0 #
b0 ,
1$
#4279000
0!
1"
b111010111111001101001111111101 -
1&
#4280000
0&
#4281000
b101 #
b101 ,
0$
#4282000
1&
0'
1(
#4283000
0&
#4284000
b111 #
b111 ,
1$
0%
#4285000
b1110101111110011010011111111010 -
1&
#4286000
0&
#4287000
0"
b1110 #
b1110 ,
0$
#4288000
1&
0(
#4289000
0&
#4290000
b10 #
b10 ,
1$
#4291000
1!
1"
b11101011111100110100111111110100 -
1&
#4292000
0&
#4293000
1%
#4294000
0"
b11010111111001101001111111101001 -
1&
1'
1(
#4295000
0&
#4296000
1"
b101 #
b101 ,
0$
#4297000
1&
#4298000
0&
#4299000
b10110 #
b10110 ,
1$
#4300000
b10101111110011010011111111010011 -
1&
#4301000
0&
#4302000
b10000 #
b10000 ,
0%
#4303000
0!
0"
b1011111100110100111111110100110 -
1&
#4304000
0&
#4305000
1"
b11000 #
b11000 ,
#4306000
1!
b10111111001101001111111101001100 -
1&
0'
#4307000
0&
#4308000
b1000 #
b1000 ,
0$
1%
#4309000
1&
1'
#4310000
0&
#4311000
b1111 #
b1111 ,
1$
0%
#4312000
0!
b1111110011010011111111010011000 -
1&
#4313000
0&
#4314000
0"
b110 #
b110 ,
#4315000
1!
b11111100110100111111110100110000 -
1&
0'
0(
#4316000
0&
#4317000
1%
#4318000
1"
b11111001101001111111101001100001 -
1&
1'
#4319000
0&
#4320000
b0 #
b0 ,
0%
#4321000
0"
b11110011010011111111010011000010 -
1&
1(
#4322000
0&
#4323000
b10 #
b10 ,
#4324000
1"
b11100110100111111110100110000100 -
1&
0(
#4325000
0&
#4326000
b10010 #
b10010 ,
1%
#4327000
b11001101001111111101001100001001 -
1&
1(
#4328000
0&
#4329000
b11010 #
b11010 ,
0%
#4330000
0"
b10011010011111111010011000010010 -
1&
#4331000
0&
#4332000
1"
b11100 #
b11100 ,
0$
1%
#4333000
1&
#4334000
0&
#4335000
b11011 #
b11011 ,
1$
#4336000
0!
0"
b110100111111110100110000100101 -
1&
#4337000
0&
#4338000
b11 #
b11 ,
0$
0%
#4339000
1&
0'
0(
#4340000
0&
#4341000
b1100 #
b1100 ,
1$
#4342000
1"
b1101001111111101001100001001010 -
1&
#4343000
0&
#4344000
b10111 #
b10111 ,
#4345000
1!
b11010011111111010011000010010100 -
1&
1(
#4346000
0&
#4347000
b10010 #
b10010 ,
0$
1%
#4348000
1&
1'
#4349000
0&
#4350000
0"
b11010 #
b11010 ,
1$
0%
#4351000
1"
b10100111111110100110000100101000 -
1&
0(
#4352000
0&
#4353000
b10101 #
b10101 ,
0$
1%
#4354000
1&
1(
#4355000
0&
#4356000
b11111 #
b11111 ,
1$
#4357000
0!
0"
b1001111111101001100001001010001 -
1&
#4358000
0&
#4359000
1"
b110 #
b110 ,
0$
0%
#4360000
1&
0'
#4361000
0&
#4362000
b1111 #
b1111 ,
1$
1%
#4363000
1!
b10011111111010011000010010100011 -
1&
#4364000
0&
#4365000
b11001 #
b11001 ,
0%
#4366000
0!
b111111110100110000100101000110 -
1&
1'
#4367000
0&
#4368000
b1011 #
b1011 ,
0$
1%
#4369000
1&
0'
#4370000
0&
#4371000
b11010 #
b11010 ,
0%
#4372000
1&
#4373000
0&
#4374000
b1000 #
b1000 ,
1%
#4375000
1&
#4376000
0&
#4377000
0"
b10010 #
b10010 ,
1$
#4378000
1"
b1111111101001100001001010001101 -
1&
0(
#4379000
0&
#4380000
b10101 #
b10101 ,
0%
#4381000
1!
0"
b11111111010011000010010100011010 -
1&
1(
#4382000
0&
#4383000
1"
b100 #
b100 ,
1%
#4384000
b11111110100110000100101000110101 -
1&
1'
#4385000
0&
#4386000
b0 #
b0 ,
0$
#4387000
1&
#4388000
0&
#4389000
1$
#4390000
b11111101001100001001010001101011 -
1&
#4391000
0&
#4392000
b11110 #
b11110 ,
0$
#4393000
1&
#4394000
0&
#4395000
0"
b1110 #
b1110 ,
1$
0%
#4396000
b11111010011000010010100011010110 -
1&
0(
#4397000
0&
#4398000
1"
b111 #
b111 ,
1%
#4399000
b11110100110000100101000110101101 -
1&
1(
#4400000
0&
#4401000
0"
b110 #
b110 ,
0$
0%
#4402000
1&
0(
#4403000
0&
#4404000
1"
b101 #
b101 ,
1$
#4405000
0"
b11101001100001001010001101011010 -
1&
1(
#4406000
0&
#4407000
b1110 #
b1110 ,
#4408000
1"
b11010011000010010100011010110100 -
1&
0(
#4409000
0&
#4410000
0"
b1 #
b1 ,
0$
1%
#4411000
1&
#4412000
0&
#4413000
b1000 #
b1000 ,
#4414000
1&
#4415000
0&
#4416000
b1011 #
b1011 ,
0%
#4417000
1&
#4418000
0&
#4419000
1"
b1010 #
b1010 ,
1$
#4420000
b10100110000100101000110101101000 -
1&
1(
#4421000
0&
#4422000
0"
b0 #
b0 ,
0$
1%
#4423000
1&
0(
#4424000
0&
#4425000
b10101 #
b10101 ,
0%
#4426000
1&
#4427000
0&
#4428000
1"
b110 #
b110 ,
1%
#4429000
1&
1(
#4430000
0&
#4431000
b1111 #
b1111 ,
1$
#4432000
0!
0"
b1001100001001010001101011010001 -
1&
#4433000
0&
#4434000
1"
b1011 #
b1011 ,
0$
#4435000
1&
0'
#4436000
0&
#4437000
b110 #
b110 ,
0%
#4438000
1&
#4439000
0&
#4440000
b11110 #
b11110 ,
1$
#4441000
1!
0"
b10011000010010100011010110100010 -
1&
#4442000
0&
#4443000
b10000 #
b10000 ,
#4444000
0!
b110000100101000110101101000100 -
1&
1'
0(
#4445000
0&
#4446000
b11110 #
b11110 ,
0$
1%
#4447000
1&
0'
#4448000
0&
#4449000
1"
b10111 #
b10111 ,
1$
#4450000
0"
b1100001001010001101011010001001 -
1&
1(
#4451000
0&
#4452000
0%
#4453000
1!
b11000010010100011010110100010010 -
1&
0(
#4454000
0&
#4455000
1"
b11111 #
b11111 ,
0$
#4456000
1&
1'
1(
#4457000
0&
#4458000
b10110 #
b10110 ,
1$
#4459000
0"
b10000100101000110101101000100100 -
1&
#4460000
0&
#4461000
b11000 #
b11000 ,
1%
#4462000
0!
1"
b1001010001101011010001001001 -
1&
0(
#4463000
0&
#4464000
0"
b10011 #
b10011 ,
#4465000
1"
b10010100011010110100010010011 -
1&
0'
#4466000
0&
#4467000
0"
b10 #
b10 ,
0%
#4468000
1"
b100101000110101101000100100110 -
1&
#4469000
0&
#4470000
0"
b10101 #
b10101 ,
#4471000
1"
b1001010001101011010001001001100 -
1&
#4472000
0&
#4473000
b10010 #
b10010 ,
0$
#4474000
1&
1(
#4475000
0&
#4476000
0"
b11000 #
b11000 ,
1$
#4477000
1!
b10010100011010110100010010011000 -
1&
0(
#4478000
0&
#4479000
b1001 #
b1001 ,
0$
1%
#4480000
1&
1'
#4481000
0&
#4482000
1"
b11100 #
b11100 ,
0%
#4483000
1&
1(
#4484000
0&
#4485000
0"
b1001 #
b1001 ,
1$
1%
#4486000
0!
b101000110101101000100100110001 -
1&
0(
#4487000
0&
#4488000
1"
b101 #
b101 ,
0%
#4489000
b1010001101011010001001001100010 -
1&
0'
1(
#4490000
0&
#4491000
0"
b11010 #
b11010 ,
1%
#4492000
1!
b10100011010110100010010011000101 -
1&
0(
#4493000
0&
#4494000
1"
b111 #
b111 ,
0$
0%
#4495000
1&
1'
1(
#4496000
0&
#4497000
0"
b1001 #
b1001 ,
#4498000
1&
0(
#4499000
0&
#4500000
1"
b10100 #
b10100 ,
1$
#4501000
0!
b1000110101101000100100110001010 -
1&
1(
#4502000
0&
#4503000
0"
b110 #
b110 ,
#4504000
1!
b10001101011010001001001100010100 -
1&
0'
0(
#4505000
0&
#4506000
1"
b1001 #
b1001 ,
0$
#4507000
1&
1'
1(
#4508000
0&
#4509000
0"
b0 #
b0 ,
#4510000
1&
0(
#4511000
0&
#4512000
1"
b11000 #
b11000 ,
#4513000
1&
1(
#4514000
0&
#4515000
0"
b1101 #
b1101 ,
1%
#4516000
1&
0(
#4517000
0&
#4518000
1"
b1001 #
b1001 ,
1$
0%
#4519000
0!
b11010110100010010011000101000 -
1&
1(
#4520000
0&
#4521000
b1010 #
b1010 ,
0$
#4522000
1&
0'
#4523000
0&
#4524000
0"
b1111 #
b1111 ,
1$
#4525000
b110101101000100100110001010000 -
1&
0(
#4526000
0&
#4527000
b10110 #
b10110 ,
#4528000
1"
b1101011010001001001100010100000 -
1&
#4529000
0&
#4530000
b1011 #
b1011 ,
#4531000
1!
0"
b11010110100010010011000101000000 -
1&
1(
#4532000
0&
#4533000
b10110 #
b10110 ,
#4534000
b10101101000100100110001010000000 -
1&
1'
0(
#4535000
0&
#4536000
b10010 #
b10010 ,
0$
#4537000
1&
#4538000
0&
#4539000
b1100 #
b1100 ,
1$
1%
#4540000
0!
b1011010001001001100010100000001 -
1&
#4541000
0&
#4542000
1"
b10010 #
b10010 ,
0%
#4543000
1!
0"
b10110100010010011000101000000010 -
1&
0'
1(
#4544000
0&
#4545000
b10111 #
b10111 ,
0$
#4546000
1&
1'
0(
#4547000
0&
#4548000
b1100 #
b1100 ,
#4549000
1&
#4550000
0&
#4551000
b0 #
b0 ,
1$
#4552000
0!
b1101000100100110001010000000100 -
1&
#4553000
0&
#4554000
b111 #
b111 ,
#4555000
1!
b11010001001001100010100000001000 -
1&
0'
#4556000
0&
#4557000
1"
b11100 #
b11100 ,
#4558000
0"
b10100010010011000101000000010000 -
1&
1'
1(
#4559000
0&
#4560000
1"
b11101 #
b11101 ,
0$
#4561000
1&
#4562000
0&
#4563000
b11001 #
b11001 ,
1%
#4564000
1&
#4565000
0&
#4566000
0%
#4567000
1&
#4568000
0&
#4569000
0"
b11 #
b11 ,
1$
#4570000
0!
b1000100100110001010000000100000 -
1&
0(
#4571000
0&
#4572000
1"
b11110 #
b11110 ,
#4573000
1!
0"
b10001001001100010100000001000000 -
1&
0'
1(
#4574000
0&
#4575000
b11 #
b11 ,
0$
#4576000
1&
1'
0(
#4577000
0&
#4578000
1"
b1110 #
b1110 ,
1%
#4579000
1&
1(
#4580000
0&
#4581000
b110 #
b110 ,
0%
#4582000
1&
#4583000
0&
#4584000
b11111 #
b11111 ,
#4585000
1&
#4586000
0&
#4587000
0"
b10001 #
b10001 ,
#4588000
1&
0(
#4589000
0&
#4590000
b111 #
b111 ,
1$
1%
#4591000
0!
1"
b10010011000101000000010000001 -
1&
#4592000
0&
#4593000
0"
b10011 #
b10011 ,
0$
0%
#4594000
1&
0'
#4595000
0&
#4596000
1"
b0 #
b0 ,
1$
#4597000
0"
b100100110001010000000100000010 -
1&
1(
#4598000
0&
#4599000
b11110 #
b11110 ,
0$
1%
#4600000
1&
0(
#4601000
0&
#4602000
b101 #
b101 ,
#4603000
1&
#4604000
0&
#4605000
1"
b10000 #
b10000 ,
#4606000
1&
1(
#4607000
0&
#4608000
0"
b11011 #
b11011 ,
1$
#4609000
1"
b1001001100010100000001000000101 -
1&
0(
#4610000
0&
#4611000
b10111 #
b10111 ,
0%
#4612000
1!
0"
b10010011000101000000010000001010 -
1&
1(
#4613000
0&
#4614000
b0 #
b0 ,
#4615000
0!
b100110001010000000100000010100 -
1&
1'
0(
#4616000
0&
#4617000
b1010 #
b1010 ,
0$
#4618000
1&
0'
#4619000
0&
#4620000
1"
b11001 #
b11001 ,
1$
1%
#4621000
0"
b1001100010100000001000000101001 -
1&
1(
#4622000
0&
#4623000
b111 #
b111 ,
0$
#4624000
1&
0(
#4625000
0&
#4626000
b1101 #
b1101 ,
0%
#4627000
1&
#4628000
0&
#4629000
b10010 #
b10010 ,
1$
#4630000
1!
b10011000101000000010000001010010 -
1&
#4631000
0&
#4632000
b101 #
b101 ,
1%
#4633000
0!
1"
b110001010000000100000010100101 -
1&
1'
#4634000
0&
#4635000
b10 #
b10 ,
#4636000
0"
b1100010100000001000000101001011 -
1&
0'
1(
#4637000
0&
#4638000
b101 #
b101 ,
0%
#4639000
1!
b11000101000000010000001010010110 -
1&
0(
#4640000
0&
#4641000
1"
b11000 #
b11000 ,
0$
1%
#4642000
1&
1'
1(
#4643000
0&
#4644000
0"
b11001 #
b11001 ,
0%
#4645000
1&
0(
#4646000
0&
#4647000
b11 #
b11 ,
1%
#4648000
1&
#4649000
0&
#4650000
1"
b10000 #
b10000 ,
1$
#4651000
0"
b10001010000000100000010100101101 -
1&
1(
#4652000
0&
#4653000
1"
b11 #
b11 ,
0$
#4654000
1&
#4655000
0&
#4656000
0"
b1001 #
b1001 ,
1$
0%
#4657000
0!
1"
b10100000001000000101001011010 -
1&
0(
#4658000
0&
#4659000
0"
b10001 #
b10001 ,
1%
#4660000
b101000000010000001010010110101 -
1&
0'
#4661000
0&
#4662000
b10010 #
b10010 ,
0$
0%
#4663000
1&
#4664000
0&
#4665000
b1011 #
b1011 ,
1$
#4666000
1"
b1010000000100000010100101101010 -
1&
#4667000
0&
#4668000
0"
b10110 #
b10110 ,
0$
1%
#4669000
1&
#4670000
0&
#4671000
1"
b1101 #
b1101 ,
#4672000
1&
1(
#4673000
0&
#4674000
0"
b11111 #
b11111 ,
#4675000
1&
0(
#4676000
0&
#4677000
b1010 #
b1010 ,
#4678000
1&
#4679000
0&
#4680000
b11011 #
b11011 ,
1$
#4681000
1!
b10100000001000000101001011010101 -
1&
#4682000
0&
#4683000
1"
b10 #
b10 ,
#4684000
0!
0"
b1000000010000001010010110101011 -
1&
1'
1(
#4685000
0&
#4686000
b100 #
b100 ,
#4687000
1!
1"
b10000000100000010100101101010111 -
1&
0'
0(
#4688000
0&
#4689000
b10111 #
b10111 ,
0%
#4690000
0!
0"
b1000000101001011010101110 -
1&
1'
1(
#4691000
0&
#4692000
0$
#4693000
1&
0'
0(
#4694000
0&
#4695000
b10101 #
b10101 ,
1$
#4696000
b10000001010010110101011100 -
1&
#4697000
0&
#4698000
1"
b100 #
b100 ,
#4699000
b100000010100101101010111000 -
1&
1(
#4700000
0&
#4701000
0$
1%
#4702000
1&
#4703000
0&
#4704000
0"
b1101 #
b1101 ,
1$
0%
#4705000
1"
b1000000101001011010101110000 -
1&
0(
#4706000
0&
#4707000
0"
b10110 #
b10110 ,
1%
#4708000
b10000001010010110101011100001 -
1&
#4709000
0&
#4710000
1"
b10101 #
b10101 ,
0$
0%
#4711000
1&
1(
#4712000
0&
#4713000
b1101 #
b1101 ,
#4714000
1&
#4715000
0&
#4716000
b10000 #
b10000 ,
1$
1%
#4717000
0"
b100000010100101101010111000011 -
1&
#4718000
0&
#4719000
1"
b111 #
b111 ,
#4720000
b1000000101001011010101110000111 -
1&
#4721000
0&
#4722000
0"
b11100 #
b11100 ,
0%
#4723000
1!
b10000001010010110101011100001110 -
1&
0(
#4724000
0&
#4725000
b10101 #
b10101 ,
0$
1%
#4726000
1&
1'
#4727000
0&
#4728000
1"
b10000 #
b10000 ,
0%
#4729000
1&
1(
#4730000
0&
#4731000
0"
b10111 #
b10111 ,
1$
1%
#4732000
0!
1"
b10100101101010111000011101 -
1&
0(
#4733000
0&
#4734000
b11 #
b11 ,
0%
#4735000
b101001011010101110000111010 -
1&
0'
1(
#4736000
0&
#4737000
b10000 #
b10000 ,
0$
#4738000
1&
#4739000
0&
#4740000
0"
b1000 #
b1000 ,
1%
#4741000
1&
0(
#4742000
0&
#4743000
1"
b10011 #
b10011 ,
1$
0%
#4744000
b1010010110101011100001110100 -
1&
1(
#4745000
0&
#4746000
b10001 #
b10001 ,
0$
1%
#4747000
1&
#4748000
0&
#4749000
0"
b11101 #
b11101 ,
#4750000
1&
0(
#4751000
0&
#4752000
b11010 #
b11010 ,
#4753000
1&
#4754000
0&
#4755000
1"
b10100 #
b10100 ,
0%
#4756000
1&
1(
#4757000
0&
#4758000
0"
b10000 #
b10000 ,
#4759000
1&
0(
#4760000
0&
#4761000
1"
b110 #
b110 ,
1$
1%
#4762000
b10100101101010111000011101001 -
1&
1(
#4763000
0&
#4764000
0%
#4765000
b101001011010101110000111010010 -
1&
#4766000
0&
#4767000
0"
b10000 #
b10000 ,
1%
#4768000
1"
b1010010110101011100001110100101 -
1&
0(
#4769000
0&
#4770000
b1001 #
b1001 ,
0$
0%
#4771000
1&
1(
#4772000
0&
#4773000
b10111 #
b10111 ,
1$
1%
#4774000
1!
b10100101101010111000011101001011 -
1&
#4775000
0&
#4776000
b10000 #
b10000 ,
#4777000
0!
b1001011010101110000111010010111 -
1&
1'
#4778000
0&
#4779000
b1011 #
b1011 ,
#4780000
1!
b10010110101011100001110100101111 -
1&
0'
#4781000
0&
#4782000
b10101 #
b10101 ,
0$
#4783000
1&
1'
#4784000
0&
#4785000
b11 #
b11 ,
#4786000
1&
#4787000
0&
#4788000
0"
b10000 #
b10000 ,
1$
0%
#4789000
0!
b101101010111000011101001011110 -
1&
0(
#4790000
0&
#4791000
1"
b1011 #
b1011 ,
1%
#4792000
0"
b1011010101110000111010010111101 -
1&
0'
1(
#4793000
0&
#4794000
1"
b10011 #
b10011 ,
0%
#4795000
1!
0"
b10110101011100001110100101111010 -
1&
#4796000
0&
#4797000
b1010 #
b1010 ,
#4798000
0!
b1101010111000011101001011110100 -
1&
1'
0(
#4799000
0&
#4800000
1"
b101 #
b101 ,
1%
#4801000
1!
b11010101110000111010010111101001 -
1&
0'
1(
#4802000
0&
#4803000
0"
b1011 #
b1011 ,
0$
0%
#4804000
1&
1'
0(
#4805000
0&
#4806000
b10100 #
b10100 ,
1%
#4807000
1&
#4808000
0&
#4809000
1"
b110 #
b110 ,
1$
#4810000
b10101011100001110100101111010011 -
1&
1(
#4811000
0&
#4812000
b10010 #
b10010 ,
0$
#4813000
1&
#4814000
0&
#4815000
0"
b101 #
b101 ,
1$
0%
#4816000
0!
1"
b1010111000011101001011110100110 -
1&
0(
#4817000
0&
#4818000
b10011 #
b10011 ,
0$
1%
#4819000
1&
0'
1(
#4820000
0&
#4821000
b11001 #
b11001 ,
#4822000
1&
#4823000
0&
#4824000
b101 #
b101 ,
#4825000
1&
#4826000
0&
#4827000
0"
b110 #
b110 ,
0%
#4828000
1&
0(
#4829000
0&
#4830000
1"
b11110 #
b11110 ,
1$
#4831000
1!
0"
b10101110000111010010111101001100 -
1&
1(
#4832000
0&
#4833000
b111 #
b111 ,
0$
#4834000
1&
1'
0(
#4835000
0&
#4836000
b10110 #
b10110 ,
1$
#4837000
0!
b1011100001110100101111010011000 -
1&
#4838000
0&
#4839000
1"
b1010 #
b1010 ,
1%
#4840000
1!
b10111000011101001011110100110001 -
1&
0'
1(
#4841000
0&
#4842000
0"
b10011 #
b10011 ,
0$
0%
#4843000
1&
1'
0(
#4844000
0&
#4845000
1"
b11011 #
b11011 ,
1$
1%
#4846000
0!
0"
b1110000111010010111101001100011 -
1&
1(
#4847000
0&
#4848000
1"
b10011 #
b10011 ,
#4849000
1!
0"
b11100001110100101111010011000111 -
1&
0'
#4850000
0&
#4851000
1"
b1100 #
b1100 ,
0$
0%
#4852000
1&
1'
#4853000
0&
#4854000
b10110 #
b10110 ,
1$
1%
#4855000
0"
b11000011101001011110100110001111 -
1&
#4856000
0&
#4857000
1"
b11 #
b11 ,
0%
#4858000
b10000111010010111101001100011110 -
1&
#4859000
0&
#4860000
b11001 #
b11001 ,
1%
#4861000
0!
b1110100101111010011000111101 -
1&
#4862000
0&
#4863000
0"
b110 #
b110 ,
0$
#4864000
1&
0'
0(
#4865000
0&
#4866000
b10011 #
b10011 ,
1$
0%
#4867000
1"
b11101001011110100110001111010 -
1&
#4868000
0&
#4869000
b11010 #
b11010 ,
0$
1%
#4870000
1&
1(
#4871000
0&
#4872000
0"
b11111 #
b11111 ,
1$
0%
#4873000
b111010010111101001100011110100 -
1&
0(
#4874000
0&
#4875000
b1010 #
b1010 ,
1%
#4876000
b1110100101111010011000111101001 -
1&
#4877000
0&
#4878000
b11000 #
b11000 ,
0$
0%
#4879000
1&
#4880000
0&
#4881000
b10 #
b10 ,
1%
#4882000
1&
#4883000
0&
#4884000
1"
b10010 #
b10010 ,
1$
#4885000
1!
0"
b11101001011110100110001111010011 -
1&
1(
#4886000
0&
#4887000
b11001 #
b11001 ,
0%
#4888000
1"
b11010010111101001100011110100110 -
1&
1'
0(
#4889000
0&
#4890000
0"
b110 #
b110 ,
1%
#4891000
1"
b10100101111010011000111101001101 -
1&
#4892000
0&
#4893000
0"
b1110 #
b1110 ,
#4894000
0!
b1001011110100110001111010011011 -
1&
#4895000
0&
#4896000
1"
b1 #
b1 ,
0$
0%
#4897000
1&
0'
1(
#4898000
0&
#4899000
b10000 #
b10000 ,
1$
#4900000
1!
0"
b10010111101001100011110100110110 -
1&
#4901000
0&
#4902000
1"
b11000 #
b11000 ,
0$
#4903000
1&
1'
#4904000
0&
#4905000
0"
b0 #
b0 ,
1$
1%
#4906000
0!
1"
b101111010011000111101001101101 -
1&
0(
#4907000
0&
#4908000
0"
b1010 #
b1010 ,
0$
0%
#4909000
1&
0'
#4910000
0&
#4911000
b100 #
b100 ,
1$
#4912000
1"
b1011110100110001111010011011010 -
1&
#4913000
0&
#4914000
b11110 #
b11110 ,
#4915000
1!
0"
b10111101001100011110100110110100 -
1&
1(
#4916000
0&
#4917000
b1010 #
b1010 ,
0$
#4918000
1&
1'
0(
#4919000
0&
#4920000
1"
b1110 #
b1110 ,
#4921000
1&
1(
#4922000
0&
#4923000
0"
b110 #
b110 ,
#4924000
1&
0(
#4925000
0&
#4926000
b10011 #
b10011 ,
1$
#4927000
0!
b1111010011000111101001101101000 -
1&
#4928000
0&
#4929000
1"
b11110 #
b11110 ,
0$
#4930000
1&
0'
1(
#4931000
0&
#4932000
0"
b1010 #
b1010 ,
1$
#4933000
1!
1"
b11110100110001111010011011010000 -
1&
0(
#4934000
0&
#4935000
b11111 #
b11111 ,
#4936000
b11101001100011110100110110100000 -
1&
1'
1(
#4937000
0&
#4938000
0"
b11001 #
b11001 ,
0$
#4939000
1&
0(
#4940000
0&
#4941000
1"
b11111 #
b11111 ,
#4942000
1&
1(
#4943000
0&
#4944000
b11000 #
b11000 ,
1%
#4945000
1&
#4946000
0&
#4947000
b10010 #
b10010 ,
1$
0%
#4948000
b11010011000111101001101101000000 -
1&
#4949000
0&
#4950000
b110 #
b110 ,
0$
1%
#4951000
1&
#4952000
0&
#4953000
0"
b10 #
b10 ,
1$
#4954000
b10100110001111010011011010000001 -
1&
0(
#4955000
0&
#4956000
0$
#4957000
1&
#4958000
0&
#4959000
b100 #
b100 ,
0%
#4960000
1&
#4961000
0&
#4962000
b10 #
b10 ,
1%
#4963000
1&
#4964000
0&
#4965000
b1000 #
b1000 ,
#4966000
1&
#4967000
0&
#4968000
1"
b11010 #
b11010 ,
#4969000
1&
1(
#4970000
0&
#4971000
b11111 #
b11111 ,
0%
#4972000
1&
#4973000
0&
#4974000
b1100 #
b1100 ,
1$
#4975000
0!
0"
b1001100011110100110110100000010 -
1&
#4976000
0&
#4977000
b10 #
b10 ,
0$
1%
#4978000
1&
0'
0(
#4979000
0&
#4980000
b100 #
b100 ,
1$
#4981000
1!
b10011000111101001101101000000101 -
1&
#4982000
0&
#4983000
1"
b1011 #
b1011 ,
0$
0%
#4984000
1&
1'
1(
#4985000
0&
#4987000
1&
#4988000
0&
#4989000
b0 #
b0 ,
1$
#4990000
0!
0"
b110001111010011011010000001010 -
1&
#4991000
0&
#4992000
b101 #
b101 ,
#4993000
b1100011110100110110100000010100 -
1&
0'
0(
#4994000
0&
#4995000
1"
b1101 #
b1101 ,
#4996000
1!
0"
b11000111101001101101000000101000 -
1&
1(
#4997000
0&
#4998000
b1011 #
b1011 ,
0$
1%
#4999000
1&
1'
0(
#5000000
0&
#5001000
b10 #
b10 ,
0%
#5002000
1&
#5003000
0&
#5004000
b10011 #
b10011 ,
#5005000
1&
#5006000
0&
#5007000
b111 #
b111 ,
1$
1%
#5008000
b10001111010011011010000001010001 -
1&
#5009000
0&
#5010000
0$
#5011000
1&
#5012000
0&
#5013000
1"
b10011 #
b10011 ,
1$
0%
#5014000
0!
b11110100110110100000010100010 -
1&
1(
#5015000
0&
#5016000
b11011 #
b11011 ,
1%
#5017000
b111101001101101000000101000101 -
1&
0'
#5018000
0&
#5019000
b10001 #
b10001 ,
#5020000
0"
b1111010011011010000001010001011 -
1&
#5021000
0&
#5022000
1"
b11 #
b11 ,
0$
0%
#5023000
1&
#5024000
0&
#5025000
b10000 #
b10000 ,
1%
#5026000
1&
#5027000
0&
#5028000
b10010 #
b10010 ,
1$
#5029000
1!
0"
b11110100110110100000010100010111 -
1&
#5030000
0&
#5031000
b11011 #
b11011 ,
0$
#5032000
1&
1'
0(
#5033000
0&
#5034000
1"
b11110 #
b11110 ,
1$
#5035000
b11101001101101000000101000101111 -
1&
1(
#5036000
0&
#5037000
0"
b100 #
b100 ,
0%
#5038000
1"
b11010011011010000001010001011110 -
1&
0(
#5039000
0&
#5040000
b10110 #
b10110 ,
#5041000
b10100110110100000010100010111100 -
1&
1(
#5042000
0&
#5043000
0"
b11000 #
b11000 ,
0$
1%
#5044000
1&
0(
#5045000
0&
#5046000
1"
b10 #
b10 ,
1$
#5047000
0!
0"
b1001101101000000101000101111001 -
1&
1(
#5048000
0&
#5049000
b1011 #
b1011 ,
#5050000
1!
b10011011010000001010001011110011 -
1&
0'
0(
#5051000
0&
#5052000
1"
b10110 #
b10110 ,
0%
#5053000
0!
0"
b110110100000010100010111100110 -
1&
1'
1(
#5054000
0&
#5055000
b1111 #
b1111 ,
0$
1%
#5056000
1&
0'
0(
#5057000
0&
#5058000
b10101 #
b10101 ,
1$
0%
#5059000
b1101101000000101000101111001100 -
1&
#5060000
0&
#5061000
0$
1%
#5062000
1&
#5063000
0&
#5064000
b1101 #
b1101 ,
#5065000
1&
#5066000
0&
#5067000
1"
b110 #
b110 ,
1$
#5068000
1!
0"
b11011010000001010001011110011001 -
1&
1(
#5069000
0&
#5070000
1"
b1001 #
b1001 ,
0$
0%
#5071000
1&
1'
#5072000
0&
#5073000
b11011 #
b11011 ,
1%
#5074000
1&
#5075000
0&
#5076000
b0 #
b0 ,
1$
0%
#5077000
0"
b10110100000010100010111100110010 -
1&
#5078000
0&
#5079000
b11 #
b11 ,
1%
#5080000
0!
b1101000000101000101111001100101 -
1&
0(
#5081000
0&
#5082000
b11001 #
b11001 ,
0%
#5083000
1!
b11010000001010001011110011001010 -
1&
0'
#5084000
0&
#5085000
b10001 #
b10001 ,
0$
1%
#5086000
1&
1'
#5087000
0&
#5088000
b101 #
b101 ,
0%
#5089000
1&
#5090000
0&
#5091000
1"
b11100 #
b11100 ,
1$
1%
#5092000
0"
b10100000010100010111100110010101 -
1&
1(
#5093000
0&
#5094000
1"
b11101 #
b11101 ,
0$
0%
#5095000
1&
#5096000
0&
#5097000
b1100 #
b1100 ,
1$
1%
#5098000
0!
b1000000101000101111001100101011 -
1&
#5099000
0&
#5100000
b1001 #
b1001 ,
0$
0%
#5101000
1&
0'
#5102000
0&
#5103000
0"
b11100 #
b11100 ,
1$
1%
#5104000
1!
b10000001010001011110011001010111 -
1&
0(
#5105000
0&
#5106000
1"
b1 #
b1 ,
0$
0%
#5107000
1&
1'
1(
#5108000
0&
#5109000
0"
b11101 #
b11101 ,
1%
#5110000
1&
0(
#5111000
0&
#5112000
1"
b11000 #
b11000 ,
1$
#5113000
0!
0"
b10100010111100110010101111 -
1&
1(
#5114000
0&
#5115000
b100 #
b100 ,
0$
#5116000
1&
0'
0(
#5117000
0&
#5118000
1"
b1111 #
b1111 ,
#5119000
1&
1(
#5120000
0&
#5121000
b11001 #
b11001 ,
#5122000
1&
#5123000
0&
#5124000
b1110 #
b1110 ,
1$
0%
#5125000
0"
b101000101111001100101011110 -
1&
#5126000
0&
#5127000
b11001 #
b11001 ,
0$
#5128000
1&
0(
#5129000
0&
#5130000
1"
b10000 #
b10000 ,
#5131000
1&
1(
#5132000
0&
#5133000
b1011 #
b1011 ,
1%
#5134000
1&
#5135000
0&
#5136000
b1100 #
b1100 ,
1$
0%
#5137000
b1010001011110011001010111100 -
1&
#5138000
0&
#5139000
0$
1%
#5140000
1&
#5141000
0&
#5142000
0"
b0 #
b0 ,
#5143000
1&
0(
#5144000
0&
#5145000
b11010 #
b11010 ,
#5146000
1&
#5147000
0&
#5148000
1"
b1100 #
b1100 ,
0%
#5149000
1&
1(
#5150000
0&
#5151000
b100 #
b100 ,
#5152000
1&
#5153000
0&
#5154000
0"
b11111 #
b11111 ,
1%
#5155000
1&
0(
#5156000
0&
#5157000
b0 #
b0 ,
1$
0%
#5158000
b10100010111100110010101111000 -
1&
#5159000
0&
#5160000
1"
b110 #
b110 ,
0$
#5161000
1&
1(
#5162000
0&
#5163000
b10110 #
b10110 ,
1%
#5164000
1&
#5165000
0&
#5166000
0"
b10111 #
b10111 ,
#5167000
1&
0(
#5168000
0&
#5169000
1"
b11100 #
b11100 ,
0%
#5170000
1&
1(
#5171000
0&
#5172000
b10001 #
b10001 ,
#5173000
1&
#5174000
0&
#5175000
b10100 #
b10100 ,
#5176000
1&
#5177000
0&
#5178000
b10010 #
b10010 ,
1$
1%
#5179000
b101000101111001100101011110001 -
1&
#5180000
0&
#5181000
0"
b11010 #
b11010 ,
0$
0%
#5182000
1&
0(
#5183000
0&
#5184000
1"
b1111 #
b1111 ,
1$
#5185000
b1010001011110011001010111100010 -
1&
1(
#5186000
0&
#5187000
0"
b1011 #
b1011 ,
#5188000
1!
1"
b10100010111100110010101111000100 -
1&
0(
#5189000
0&
#5190000
0"
b11 #
b11 ,
0$
#5191000
1&
1'
#5192000
0&
#5193000
1"
b111 #
b111 ,
#5194000
1&
1(
#5195000
0&
#5196000
b10000 #
b10000 ,
1%
#5197000
1&
#5198000
0&
#5199000
1$
#5200000
0!
0"
b1000101111001100101011110001001 -
1&
#5201000
0&
#5202000
1"
b10111 #
b10111 ,
0$
0%
#5203000
1&
0'
#5204000
0&
#5205000
b1100 #
b1100 ,
1$
1%
#5206000
1!
0"
b10001011110011001010111100010011 -
1&
#5207000
0&
#5208000
b1110 #
b1110 ,
#5209000
0!
1"
b10111100110010101111000100111 -
1&
1'
0(
#5210000
0&
#5211000
0"
b100 #
b100 ,
0%
#5212000
b101111001100101011110001001110 -
1&
0'
#5213000
0&
#5214000
b11100 #
b11100 ,
#5215000
1"
b1011110011001010111100010011100 -
1&
#5216000
0&
#5217000
0"
b10100 #
b10100 ,
0$
#5218000
1&
#5219000
0&
#5220000
b10111 #
b10111 ,
1%
#5221000
1&
#5222000
0&
#5223000
b1010 #
b1010 ,
0%
#5224000
1&
#5225000
0&
#5226000
b1 #
b1 ,
#5227000
1&
#5228000
0&
#5229000
b1000 #
b1000 ,
1$
1%
#5230000
1!
1"
b10111100110010101111000100111001 -
1&
#5231000
0&
#5232000
b101 #
b101 ,
0%
#5233000
0!
b1111001100101011110001001110010 -
1&
1'
1(
#5234000
0&
#5235000
b11110 #
b11110 ,
0$
1%
#5236000
1&
0'
#5237000
0&
#5238000
b1110 #
b1110 ,
0%
#5239000
1&
#5240000
0&
#5241000
b1001 #
b1001 ,
1$
#5242000
1!
0"
b11110011001010111100010011100100 -
1&
#5243000
0&
#5244000
b10111 #
b10111 ,
0$
1%
#5245000
1&
1'
0(
#5246000
0&
#5247000
b1001 #
b1001 ,
#5248000
1&
#5249000
0&
#5250000
1"
b11000 #
b11000 ,
1$
#5251000
0"
b11100110010101111000100111001001 -
1&
1(
#5252000
0&
#5253000
1"
b11001 #
b11001 ,
#5254000
0"
b11001100101011110001001110010011 -
1&
#5255000
0&
#5256000
b10 #
b10 ,
0$
#5257000
1&
0(
#5258000
0&
#5259000
1"
b10000 #
b10000 ,
#5260000
1&
1(
#5261000
0&
#5262000
b10011 #
b10011 ,
1$
0%
#5263000
b10011001010111100010011100100110 -
1&
#5264000
0&
#5265000
0"
b110 #
b110 ,
0$
1%
#5266000
1&
0(
#5267000
0&
#5268000
b10000 #
b10000 ,
1$
0%
#5269000
0!
b110010101111000100111001001100 -
1&
#5270000
0&
#5271000
1"
b11101 #
b11101 ,
1%
#5272000
b1100101011110001001110010011001 -
1&
0'
1(
#5273000
0&
#5274000
0"
b10000 #
b10000 ,
0$
0%
#5275000
1&
0(
#5276000
0&
#5277000
1"
b11110 #
b11110 ,
1%
#5278000
1&
1(
#5279000
0&
#5280000
b1111 #
b1111 ,
0%
#5281000
1&
#5282000
0&
#5283000
b111 #
b111 ,
1$
1%
#5284000
1!
0"
b11001010111100010011100100110011 -
1&
#5285000
0&
#5286000
1"
b10100 #
b10100 ,
#5287000
0"
b10010101111000100111001001100111 -
1&
1'
#5288000
0&
#5289000
1"
b10111 #
b10111 ,
#5290000
0!
b101011110001001110010011001111 -
1&
#5291000
0&
#5292000
0"
b10011 #
b10011 ,
0$
0%
#5293000
1&
0'
0(
#5294000
0&
#5295000
1"
b1110 #
b1110 ,
1$
1%
#5296000
b1010111100010011100100110011111 -
1&
1(
#5297000
0&
#5298000
0"
b10010 #
b10010 ,
0$
#5299000
1&
0(
#5300000
0&
#5301000
1"
b0 #
b0 ,
#5302000
1&
1(
#5303000
0&
#5304000
b11110 #
b11110 ,
1$
#5305000
1!
0"
b10101111000100111001001100111111 -
1&
#5306000
0&
#5307000
1"
b10 #
b10 ,
0%
#5308000
0!
b1011110001001110010011001111110 -
1&
1'
#5309000
0&
#5310000
b101 #
b101 ,
0$
#5311000
1&
0'
#5312000
0&
#5313000
b1101 #
b1101 ,
1%
#5314000
1&
#5315000
0&
#5316000
b11011 #
b11011 ,
1$
0%
#5317000
1!
b10111100010011100100110011111100 -
1&
#5318000
0&
#5319000
0"
b1000 #
b1000 ,
0$
#5320000
1&
1'
0(
#5321000
0&
#5322000
1"
b100 #
b100 ,
1%
#5323000
1&
1(
#5324000
0&
#5325000
0"
b1100 #
b1100 ,
0%
#5326000
1&
0(
#5327000
0&
#5328000
b10111 #
b10111 ,
1$
#5329000
0!
1"
b1111000100111001001100111111000 -
1&
#5330000
0&
#5331000
0"
b1101 #
b1101 ,
0$
1%
#5332000
1&
0'
#5333000
0&
#5334000
b1 #
b1 ,
1$
#5335000
1!
b11110001001110010011001111110001 -
1&
#5336000
0&
#5337000
1"
b11101 #
b11101 ,
0%
#5338000
b11100010011100100110011111100010 -
1&
1'
1(
#5339000
0&
#5340000
0"
b10111 #
b10111 ,
1%
#5341000
1"
b11000100111001001100111111000101 -
1&
0(
#5342000
0&
#5343000
b111 #
b111 ,
#5344000
b10001001110010011001111110001011 -
1&
1(
#5345000
0&
#5346000
0"
b11010 #
b11010 ,
#5347000
0!
b10011100100110011111100010111 -
1&
0(
#5348000
0&
#5349000
1"
b11001 #
b11001 ,
0$
#5350000
1&
0'
1(
#5351000
0&
#5352000
0"
b11 #
b11 ,
#5353000
1&
0(
#5354000
0&
#5355000
1"
b1 #
b1 ,
1$
#5356000
b100111001001100111111000101111 -
1&
1(
#5357000
0&
#5358000
0"
b11110 #
b11110 ,
#5359000
1"
b1001110010011001111110001011111 -
1&
0(
#5360000
0&
#5361000
b1 #
b1 ,
#5362000
1!
b10011100100110011111100010111111 -
1&
1(
#5363000
0&
#5364000
b11011 #
b11011 ,
#5365000
0!
b111001001100111111000101111111 -
1&
1'
#5366000
0&
#5367000
b10100 #
b10100 ,
0%
#5368000
0"
b1110010011001111110001011111110 -
1&
0'
#5369000
0&
#5370000
1"
b1 #
b1 ,
0$
1%
#5371000
1&
#5372000
0&
#5373000
b11 #
b11 ,
#5374000
1&
#5375000
0&
#5376000
b1111 #
b1111 ,
0%
#5377000
1&
#5378000
0&
#5379000
0"
b1010 #
b1010 ,
1$
1%
#5380000
1!
1"
b11100100110011111100010111111101 -
1&
0(
#5381000
0&
#5382000
0"
b1 #
b1 ,
0%
#5383000
1"
b11001001100111111000101111111010 -
1&
1'
#5384000
0&
#5385000
b10111 #
b10111 ,
#5386000
0"
b10010011001111110001011111110100 -
1&
1(
#5387000
0&
#5388000
b1110 #
b1110 ,
#5389000
0!
b100110011111100010111111101000 -
1&
0(
#5390000
0&
#5391000
b100 #
b100 ,
1%
#5392000
1"
b1001100111111000101111111010001 -
1&
0'
#5393000
0&
#5394000
b11110 #
b11110 ,
0$
0%
#5395000
1&
1(
#5396000
0&
#5397000
0"
b11000 #
b11000 ,
#5398000
1&
0(
#5399000
0&
#5400000
1"
b110 #
b110 ,
#5401000
1&
1(
#5402000
0&
#5403000
b1010 #
b1010 ,
1$
#5404000
1!
b10011001111110001011111110100010 -
1&
#5405000
0&
#5406000
b1100 #
b1100 ,
#5407000
0!
b110011111100010111111101000100 -
1&
1'
#5408000
0&
#5409000
b1110 #
b1110 ,
1%
#5410000
b1100111111000101111111010001001 -
1&
0'
#5411000
0&
#5412000
0"
b10100 #
b10100 ,
0$
0%
#5413000
1&
0(
#5414000
0&
#5415000
b1 #
b1 ,
#5416000
1&
#5417000
0&
#5418000
1"
b1001 #
b1001 ,
1$
1%
#5419000
1!
0"
b11001111110001011111110100010011 -
1&
1(
#5420000
0&
#5421000
1"
b1101 #
b1101 ,
#5422000
b10011111100010111111101000100111 -
1&
1'
#5423000
0&
#5424000
0"
b111 #
b111 ,
0%
#5425000
0!
b111111000101111111010001001110 -
1&
0(
#5426000
0&
#5427000
1"
b1110 #
b1110 ,
0$
1%
#5428000
1&
0'
1(
#5429000
0&
#5430000
b1010 #
b1010 ,
0%
#5431000
1&
#5432000
0&
#5433000
0"
b10111 #
b10111 ,
#5434000
1&
0(
#5435000
0&
#5436000
1"
b11011 #
b11011 ,
1$
#5437000
b1111110001011111110100010011100 -
1&
1(
#5438000
0&
#5439000
b1111 #
b1111 ,
0$
#5440000
1&
#5441000
0&
#5442000
0"
b1 #
b1 ,
1%
#5443000
1&
0(
#5444000
0&
#5445000
b0 #
b0 ,
#5446000
1&
#5447000
0&
#5448000
1"
b11101 #
b11101 ,
1$
0%
#5449000
1!
b11111100010111111101000100111000 -
1&
1(
#5450000
0&
#5451000
b10010 #
b10010 ,
0$
#5452000
1&
1'
#5453000
0&
#5454000
0"
b1010 #
b1010 ,
1$
1%
#5455000
b11111000101111111010001001110001 -
1&
0(
#5456000
0&
#5457000
1"
b10101 #
b10101 ,
0$
0%
#5458000
1&
1(
#5459000
0&
#5460000
0"
b1011 #
b1011 ,
#5461000
1&
0(
#5462000
0&
#5463000
1"
b10001 #
b10001 ,
1%
#5464000
1&
1(
#5465000
0&
#5466000
0"
b1000 #
b1000 ,
1$
#5467000
b11110001011111110100010011100011 -
1&
0(
#5468000
0&
#5469000
1"
b1110 #
b1110 ,
0$
0%
#5470000
1&
1(
#5471000
0&
#5472000
b0 #
b0 ,
1%
#5473000
1&
#5474000
0&
#5475000
b111 #
b111 ,
#5476000
1&
#5477000
0&
#5478000
0"
b1001 #
b1001 ,
0%
#5479000
1&
0(
#5480000
0&
#5481000
1"
b11111 #
b11111 ,
1%
#5482000
1&
1(
#5483000
0&
#5484000
0"
b11 #
b11 ,
0%
#5485000
1&
0(
#5486000
0&
#5487000
1"
b10001 #
b10001 ,
#5488000
1&
1(
#5489000
0&
#5490000
b11000 #
b11000 ,
1$
1%
#5491000
0"
b11100010111111101000100111000111 -
1&
#5492000
0&
#5493000
1"
b11110 #
b11110 ,
0$
#5494000
1&
#5495000
0&
#5496000
b11101 #
b11101 ,
1$
0%
#5497000
0"
b11000101111111010001001110001110 -
1&
#5498000
0&
#5499000
1"
b11111 #
b11111 ,
0$
#5500000
1&
#5501000
0&
#5502000
b10000 #
b10000 ,
1$
#5503000
0"
b10001011111110100010011100011100 -
1&
#5504000
0&
#5505000
b1100 #
b1100 ,
1%
#5506000
0!
b10111111101000100111000111001 -
1&
0(
#5507000
0&
#5508000
b10001 #
b10001 ,
0$
0%
#5509000
1&
0'
#5510000
0&
#5511000
1"
b11100 #
b11100 ,
#5512000
1&
1(
#5513000
0&
#5514000
0"
b110 #
b110 ,
1$
#5515000
1"
b101111111010001001110001110010 -
1&
0(
#5516000
0&
#5517000
0$
1%
#5518000
1&
1(
#5519000
0&
#5520000
0"
b1110 #
b1110 ,
#5521000
1&
0(
#5522000
0&
#5523000
b111 #
b111 ,
0%
#5524000
1&
#5525000
0&
#5526000
1"
b101 #
b101 ,
1$
1%
#5527000
b1011111110100010011100011100101 -
1&
1(
#5528000
0&
#5529000
0"
b10001 #
b10001 ,
#5530000
1!
1"
b10111111101000100111000111001011 -
1&
0(
#5531000
0&
#5532000
b11101 #
b11101 ,
0$
#5533000
1&
1'
1(
#5534000
0&
#5535000
0"
b100 #
b100 ,
1$
0%
#5536000
0!
1"
b1111111010001001110001110010110 -
1&
0(
#5537000
0&
#5538000
b11010 #
b11010 ,
0$
1%
#5539000
1&
0'
1(
#5540000
0&
#5541000
b1 #
b1 ,
0%
#5542000
1&
#5543000
0&
#5544000
b100 #
b100 ,
1%
#5545000
1&
#5546000
0&
#5547000
0"
b110 #
b110 ,
#5548000
1&
0(
#5549000
0&
#5550000
1"
b11000 #
b11000 ,
0%
#5551000
1&
1(
#5552000
0&
#5553000
b1101 #
b1101 ,
1$
#5554000
1!
0"
b11111110100010011100011100101100 -
1&
#5555000
0&
#5556000
b111 #
b111 ,
0$
1%
#5557000
1&
1'
0(
#5558000
0&
#5559000
1"
b11011 #
b11011 ,
0%
#5560000
1&
1(
#5561000
0&
#5562000
0"
b100 #
b100 ,
1$
#5563000
1"
b11111101000100111000111001011000 -
1&
0(
#5564000
0&
#5565000
0"
b1 #
b1 ,
0$
#5566000
1&
#5567000
0&
#5568000
1"
b11011 #
b11011 ,
1%
#5569000
1&
1(
#5570000
0&
#5571000
0%
#5572000
1&
#5573000
0&
#5574000
b1001 #
b1001 ,
1$
#5575000
0"
b11111010001001110001110010110000 -
1&
#5576000
0&
#5577000
1"
b1100 #
b1100 ,
0$
1%
#5578000
1&
#5579000
0&
#5580000
0"
b10111 #
b10111 ,
0%
#5581000
1&
0(
#5582000
0&
#5583000
b0 #
b0 ,
1$
1%
#5584000
1"
b11110100010011100011100101100001 -
1&
#5585000
0&
#5586000
0"
b100 #
b100 ,
0$
0%
#5587000
1&
#5588000
0&
#5589000
b111 #
b111 ,
1$
#5590000
1"
b11101000100111000111001011000010 -
1&
#5591000
0&
#5592000
0"
b11100 #
b11100 ,
1%
#5593000
1"
b11010001001110001110010110000101 -
1&
#5594000
0&
#5595000
0"
b100 #
b100 ,
0$
#5596000
1&
#5597000
0&
#5598000
1$
0%
#5599000
b10100010011100011100101100001010 -
1&
#5600000
0&
#5601000
1"
b1 #
b1 ,
0$
#5602000
1&
1(
#5603000
0&
#5604000
b1001 #
b1001 ,
1$
#5605000
0!
b1000100111000111001011000010100 -
1&
#5606000
0&
#5607000
b100 #
b100 ,
0$
#5608000
1&
0'
#5609000
0&
#5610000
0"
b1 #
b1 ,
#5611000
1&
0(
#5612000
0&
#5613000
1"
b100 #
b100 ,
1$
1%
#5614000
1!
0"
b10001001110001110010110000101001 -
1&
1(
#5615000
0&
#5616000
b110 #
b110 ,
0$
0%
#5617000
1&
1'
0(
#5618000
0&
#5619000
1"
b11 #
b11 ,
1$
#5620000
0!
0"
b10011100011100101100001010010 -
1&
1(
#5621000
0&
#5622000
b10000 #
b10000 ,
1%
#5623000
b100111000111001011000010100101 -
1&
0'
0(
#5624000
0&
#5625000
1"
b0 #
b0 ,
#5626000
b1001110001110010110000101001011 -
1&
1(
#5627000
0&
#5628000
b1 #
b1 ,
0$
0%
#5629000
1&
#5630000
0&
#5631000
0"
b1100 #
b1100 ,
#5632000
1&
0(
#5633000
0&
#5634000
1"
b10101 #
b10101 ,
#5635000
1&
1(
#5636000
0&
#5637000
b11011 #
b11011 ,
#5638000
1&
#5639000
0&
#5640000
0"
b1100 #
b1100 ,
#5641000
1&
0(
#5642000
0&
#5643000
1"
b10011 #
b10011 ,
1$
1%
#5644000
1!
0"
b10011100011100101100001010010111 -
1&
1(
#5645000
0&
#5646000
0%
#5647000
0!
b111000111001011000010100101110 -
1&
1'
0(
#5648000
0&
#5649000
1"
b10000 #
b10000 ,
#5650000
b1110001110010110000101001011100 -
1&
0'
1(
#5651000
0&
#5652000
0"
b1101 #
b1101 ,
#5653000
1!
b11100011100101100001010010111000 -
1&
0(
#5654000
0&
#5655000
b0 #
b0 ,
0$
1%
#5656000
1&
1'
#5657000
0&
#5658000
b10 #
b10 ,
1$
0%
#5659000
b11000111001011000010100101110000 -
1&
#5660000
0&
#5661000
1"
b10010 #
b10010 ,
0$
1%
#5662000
1&
1(
#5663000
0&
#5664000
b11000 #
b11000 ,
1$
0%
#5665000
0"
b10001110010110000101001011100000 -
1&
#5666000
0&
#5667000
1"
b11001 #
b11001 ,
0$
1%
#5668000
1&
#5669000
0&
#5670000
b1100 #
b1100 ,
1$
0%
#5671000
0!
0"
b11100101100001010010111000000 -
1&
#5672000
0&
#5673000
b11000 #
b11000 ,
1%
#5674000
1"
b111001011000010100101110000001 -
1&
0'
0(
#5675000
0&
#5676000
b111 #
b111 ,
#5677000
0"
b1110010110000101001011100000011 -
1&
1(
#5678000
0&
#5679000
b10100 #
b10100 ,
0$
#5680000
1&
0(
#5681000
0&
#5682000
b100 #
b100 ,
0%
#5683000
1&
#5684000
0&
#5685000
b11 #
b11 ,
1%
#5686000
1&
#5687000
0&
#5688000
1"
b1010 #
b1010 ,
1$
#5689000
1!
b11100101100001010010111000000111 -
1&
1(
#5690000
0&
#5691000
0"
b111 #
b111 ,
0$
0%
#5692000
1&
1'
0(
#5693000
0&
#5694000
1"
b11111 #
b11111 ,
1$
#5695000
b11001011000010100101110000001110 -
1&
1(
#5696000
0&
#5697000
b11 #
b11 ,
0$
#5698000
1&
#5699000
0&
#5700000
b11110 #
b11110 ,
1%
#5701000
1&
#5702000
0&
#5703000
0"
b101 #
b101 ,
1$
0%
#5704000
b10010110000101001011100000011100 -
1&
0(
#5705000
0&
#5706000
0$
#5707000
1&
#5708000
0&
#5709000
1"
b1100 #
b1100 ,
1$
1%
#5710000
0!
b101100001010010111000000111001 -
1&
1(
#5711000
0&
#5712000
b11010 #
b11010 ,
#5713000
0"
b1011000010100101110000001110011 -
1&
0'
#5714000
0&
#5715000
1"
b101 #
b101 ,
0$
0%
#5716000
1&
#5717000
0&
#5718000
0"
b10000 #
b10000 ,
1%
#5719000
1&
0(
#5720000
0&
#5721000
1"
b1111 #
b1111 ,
1$
#5722000
1!
b10110000101001011100000011100111 -
1&
1(
#5723000
0&
#5724000
b0 #
b0 ,
0$
#5725000
1&
1'
#5726000
0&
#5727000
0"
b1010 #
b1010 ,
#5728000
1&
0(
#5729000
0&
#5730000
1"
b0 #
b0 ,
1$
0%
#5731000
0!
0"
b1100001010010111000000111001110 -
1&
1(
#5732000
0&
#5733000
b10101 #
b10101 ,
1%
#5734000
1!
b11000010100101110000001110011101 -
1&
0'
0(
#5735000
0&
#5736000
b10110 #
b10110 ,
0%
#5737000
b10000101001011100000011100111010 -
1&
1'
#5738000
0&
#5739000
b11001 #
b11001 ,
#5740000
0!
1"
b1010010111000000111001110100 -
1&
#5741000
0&
#5742000
b1001 #
b1001 ,
0$
1%
#5743000
1&
0'
1(
#5744000
0&
#5745000
b11011 #
b11011 ,
0%
#5746000
1&
#5747000
0&
#5748000
0"
b11111 #
b11111 ,
#5749000
1&
0(
#5750000
0&
#5751000
1"
b10 #
b10 ,
1$
#5752000
0"
b10100101110000001110011101000 -
1&
1(
#5753000
0&
#5754000
1"
b110 #
b110 ,
1%
#5755000
b101001011100000011100111010001 -
1&
#5756000
0&
#5757000
b111 #
b111 ,
#5758000
b1010010111000000111001110100011 -
1&
#5759000
0&
#5760000
b10111 #
b10111 ,
0$
#5761000
1&
#5762000
0&
#5763000
b10110 #
b10110 ,
1$
#5764000
1!
b10100101110000001110011101000111 -
1&
#5765000
0&
#5766000
b11000 #
b11000 ,
0$
#5767000
1&
1'
#5768000
0&
#5769000
b1110 #
b1110 ,
#5770000
1&
#5771000
0&
#5772000
0"
b10000 #
b10000 ,
#5773000
1&
0(
#5774000
0&
#5775000
1"
b11000 #
b11000 ,
#5776000
1&
1(
#5777000
0&
#5778000
b1001 #
b1001 ,
0%
#5779000
1&
#5780000
0&
#5781000
0"
b101 #
b101 ,
#5782000
1&
0(
#5783000
0&
#5784000
1"
b110 #
b110 ,
1%
#5785000
1&
1(
#5786000
0&
#5787000
b10110 #
b10110 ,
1$
0%
#5788000
0!
0"
b1001011100000011100111010001110 -
1&
#5789000
0&
#5790000
b11101 #
b11101 ,
1%
#5791000
1!
b10010111000000111001110100011101 -
1&
0'
0(
#5792000
0&
#5793000
b1110 #
b1110 ,
0$
#5794000
1&
1'
#5795000
0&
#5796000
1"
b11 #
b11 ,
1$
#5797000
0!
b101110000001110011101000111011 -
1&
1(
#5798000
0&
#5799000
0"
b1010 #
b1010 ,
0$
#5800000
1&
0'
0(
#5801000
0&
#5802000
b11100 #
b11100 ,
0%
#5803000
1&
#5804000
0&
#5805000
b10101 #
b10101 ,
1$
1%
#5806000
b1011100000011100111010001110111 -
1&
#5807000
0&
#5808000
1"
b1101 #
b1101 ,
#5809000
1!
b10111000000111001110100011101111 -
1&
1(
#5810000
0&
#5811000
b1110 #
b1110 ,
0$
#5812000
1&
1'
#5813000
0&
#5814000
b1 #
b1 ,
1$
#5815000
0!
b1110000001110011101000111011111 -
1&
#5816000
0&
#5817000
0%
#5818000
1!
b11100000011100111010001110111110 -
1&
0'
#5819000
0&
#5820000
b1001 #
b1001 ,
#5821000
b11000000111001110100011101111100 -
1&
1'
#5822000
0&
#5823000
0"
b0 #
b0 ,
#5824000
b10000001110011101000111011111000 -
1&
0(
#5825000
0&
#5826000
b1000 #
b1000 ,
1%
#5827000
0!
1"
b11100111010001110111110001 -
1&
#5828000
0&
#5829000
0"
b1001 #
b1001 ,
0$
#5830000
1&
0'
#5831000
0&
#5832000
1"
b110 #
b110 ,
0%
#5833000
1&
1(
#5834000
0&
#5835000
b10010 #
b10010 ,
#5836000
1&
#5837000
0&
#5838000
0"
b1111 #
b1111 ,
1$
#5839000
b111001110100011101111100010 -
1&
0(
#5840000
0&
#5841000
1"
b10011 #
b10011 ,
#5842000
0"
b1110011101000111011111000100 -
1&
1(
#5843000
0&
#5844000
b10111 #
b10111 ,
0$
#5845000
1&
0(
#5846000
0&
#5847000
1%
#5848000
1&
#5849000
0&
#5850000
b10011 #
b10011 ,
1$
#5851000
1"
b11100111010001110111110001001 -
1&
#5852000
0&
#5853000
b11 #
b11 ,
0%
#5854000
0"
b111001110100011101111100010010 -
1&
1(
#5855000
0&
#5856000
b11001 #
b11001 ,
0$
1%
#5857000
1&
0(
#5858000
0&
#5859000
b10101 #
b10101 ,
0%
#5860000
1&
#5861000
0&
#5862000
1$
#5863000
1"
b1110011101000111011111000100100 -
1&
#5864000
0&
#5865000
0"
b11 #
b11 ,
1%
#5866000
1!
1"
b11100111010001110111110001001001 -
1&
#5867000
0&
#5868000
b10001 #
b10001 ,
#5869000
b11001110100011101111100010010011 -
1&
1'
1(
#5870000
0&
#5871000
0"
b1001 #
b1001 ,
0%
#5872000
b10011101000111011111000100100110 -
1&
0(
#5873000
0&
#5874000
1"
b11011 #
b11011 ,
0$
#5875000
1&
1(
#5876000
0&
#5877000
0"
b0 #
b0 ,
1$
#5878000
0!
b111010001110111110001001001100 -
1&
0(
#5879000
0&
#5880000
1"
b10000 #
b10000 ,
1%
#5881000
b1110100011101111100010010011001 -
1&
0'
1(
#5882000
0&
#5883000
0"
b11001 #
b11001 ,
0%
#5884000
1!
b11101000111011111000100100110010 -
1&
0(
#5885000
0&
#5886000
b11000 #
b11000 ,
#5887000
1"
b11010001110111110001001001100100 -
1&
1'
#5888000
0&
#5889000
b10001 #
b10001 ,
0$
1%
#5890000
1&
1(
#5891000
0&
#5892000
0"
b1111 #
b1111 ,
1$
#5893000
b10100011101111100010010011001001 -
1&
0(
#5894000
0&
#5895000
1"
b1010 #
b1010 ,
0$
0%
#5896000
1&
1(
#5897000
0&
#5898000
0"
b1111 #
b1111 ,
1%
#5899000
1&
0(
#5900000
0&
#5901000
b1110 #
b1110 ,
0%
#5902000
1&
#5903000
0&
#5904000
1"
b10011 #
b10011 ,
#5905000
1&
1(
#5906000
0&
#5907000
0"
b11011 #
b11011 ,
1$
#5908000
0!
b1000111011111000100100110010010 -
1&
0(
#5909000
0&
#5910000
b1111 #
b1111 ,
0$
#5911000
1&
0'
#5912000
0&
#5913000
1"
b1110 #
b1110 ,
1$
#5914000
1!
0"
b10001110111110001001001100100100 -
1&
1(
#5915000
0&
#5916000
b10000 #
b10000 ,
0$
1%
#5917000
1&
1'
0(
#5918000
0&
#5919000
b10010 #
b10010 ,
0%
#5920000
1&
#5921000
0&
#5922000
b11101 #
b11101 ,
1%
#5923000
1&
#5924000
0&
#5925000
1"
b11111 #
b11111 ,
1$
0%
#5926000
0!
0"
b11101111100010010011001001000 -
1&
1(
#5927000
0&
#5928000
b1100 #
b1100 ,
#5929000
b111011111000100100110010010000 -
1&
0'
0(
#5930000
0&
#5931000
b1101 #
b1101 ,
#5932000
b1110111110001001001100100100000 -
1&
#5933000
0&
#5934000
b10011 #
b10011 ,
1%
#5935000
1!
1"
b11101111100010010011001001000001 -
1&
#5936000
0&
#5937000
0"
b1011 #
b1011 ,
#5938000
b11011111000100100110010010000011 -
1&
1'
#5939000
0&
#5940000
1"
b11111 #
b11111 ,
0$
#5941000
1&
1(
#5942000
0&
#5943000
0"
b1111 #
b1111 ,
1$
0%
#5944000
1"
b10111110001001001100100100000110 -
1&
0(
#5945000
0&
#5946000
0"
b10001 #
b10001 ,
0$
1%
#5947000
1&
#5948000
0&
#5949000
b11 #
b11 ,
1$
#5950000
0!
1"
b1111100010010011001001000001101 -
1&
#5951000
0&
#5952000
b1001 #
b1001 ,
0%
#5953000
1!
0"
b11111000100100110010010000011010 -
1&
0'
1(
#5954000
0&
#5955000
1"
b10000 #
b10000 ,
#5956000
0"
b11110001001001100100100000110100 -
1&
1'
#5957000
0&
#5958000
0$
#5959000
1&
0(
#5960000
0&
#5961000
1"
b11100 #
b11100 ,
1%
#5962000
1&
1(
#5963000
0&
#5964000
b11110 #
b11110 ,
1$
#5965000
b11100010010011001001000001101001 -
1&
#5966000
0&
#5967000
b110 #
b110 ,
0%
#5968000
b11000100100110010010000011010010 -
1&
#5969000
0&
#5970000
b11010 #
b11010 ,
#5971000
0"
b10001001001100100100000110100100 -
1&
#5972000
0&
#5973000
1"
b10 #
b10 ,
#5974000
0!
0"
b10010011001001000001101001000 -
1&
#5975000
0&
#5976000
b1100 #
b1100 ,
#5977000
b100100110010010000011010010000 -
1&
0'
0(
#5978000
0&
#5979000
1"
b111 #
b111 ,
0$
#5980000
1&
1(
#5981000
0&
#5982000
0"
b10001 #
b10001 ,
1$
1%
#5983000
1"
b1001001100100100000110100100001 -
1&
0(
#5984000
0&
#5985000
b1000 #
b1000 ,
0$
#5986000
1&
1(
#5987000
0&
#5988000
0"
b1100 #
b1100 ,
1$
#5989000
1!
1"
b10010011001001000001101001000011 -
1&
0(
#5990000
0&
#5991000
0"
b10011 #
b10011 ,
0$
#5992000
1&
1'
#5993000
0&
#5994000
1"
b10010 #
b10010 ,
1$
#5995000
0!
0"
b100110010010000011010010000111 -
1&
1(
#5996000
0&
#5997000
1"
b11001 #
b11001 ,
0$
#5998000
1&
0'
#5999000
0&
#6000000
0"
b10000 #
b10000 ,
0%
#6001000
1&
0(
#6002000
0&
#6003000
b11110 #
b11110 ,
#6004000
1&
#6005000
0&
#6006000
b11100 #
b11100 ,
#6007000
1&
#6008000
0&
#6009000
b10001 #
b10001 ,
#6010000
1&
#6011000
0&
#6012000
b1110 #
b1110 ,
1$
#6013000
1"
b1001100100100000110100100001110 -
1&
#6014000
0&
#6015000
0"
b111 #
b111 ,
0$
1%
#6016000
1&
#6017000
0&
#6018000
1"
b11011 #
b11011 ,
1$
#6019000
1!
b10011001001000001101001000011101 -
1&
1(
#6020000
0&
#6021000
0"
b1010 #
b1010 ,
0%
#6022000
0!
1"
b110010010000011010010000111010 -
1&
1'
0(
#6023000
0&
#6024000
0"
b0 #
b0 ,
0$
#6025000
1&
0'
#6026000
0&
#6027000
b1110 #
b1110 ,
1%
#6028000
1&
#6029000
0&
#6030000
b110 #
b110 ,
0%
#6031000
1&
#6032000
0&
#6033000
b10 #
b10 ,
#6034000
1&
#6035000
0&
#6036000
b110 #
b110 ,
1$
#6037000
1"
b1100100100000110100100001110100 -
1&
#6038000
0&
#6039000
b10000 #
b10000 ,
#6040000
1!
0"
b11001001000001101001000011101000 -
1&
1(
#6041000
0&
#6042000
b100 #
b100 ,
0$
1%
#6043000
1&
1'
0(
#6044000
0&
#6045000
1"
b111 #
b111 ,
1$
0%
#6046000
b10010010000011010010000111010000 -
1&
1(
#6047000
0&
#6048000
b10011 #
b10011 ,
0$
#6049000
1&
#6050000
0&
#6051000
b100 #
b100 ,
1%
#6052000
1&
#6053000
0&
#6054000
0"
b10111 #
b10111 ,
0%
#6055000
1&
0(
#6056000
0&
#6057000
b10100 #
b10100 ,
1$
#6058000
0!
1"
b100100000110100100001110100000 -
1&
#6059000
0&
#6060000
0"
b11001 #
b11001 ,
#6061000
b1001000001101001000011101000000 -
1&
0'
#6062000
0&
#6063000
b10001 #
b10001 ,
0$
#6064000
1&
#6065000
0&
#6066000
1"
b1010 #
b1010 ,
1$
1%
#6067000
1!
b10010000011010010000111010000001 -
1&
1(
#6068000
0&
#6069000
b1001 #
b1001 ,
0%
#6070000
0!
0"
b100000110100100001110100000010 -
1&
1'
#6071000
0&
#6073000
1"
b1000001101001000011101000000100 -
1&
0'
0(
#6074000
0&
#6075000
0"
b10110 #
b10110 ,
0$
#6076000
1&
#6077000
0&
#6078000
1"
b10 #
b10 ,
1$
#6079000
1!
0"
b10000011010010000111010000001000 -
1&
1(
#6080000
0&
#6081000
b11010 #
b11010 ,
0$
1%
#6082000
1&
1'
0(
#6083000
0&
#6084000
1"
b1110 #
b1110 ,
1$
#6085000
0!
b110100100001110100000010001 -
1&
1(
#6086000
0&
#6087000
0"
b10001 #
b10001 ,
0%
#6088000
b1101001000011101000000100010 -
1&
0'
0(
#6089000
0&
#6090000
1"
b1111 #
b1111 ,
0$
#6091000
1&
1(
#6092000
0&
#6093000
0"
b10001 #
b10001 ,
1%
#6094000
1&
0(
#6095000
0&
#6096000
b10010 #
b10010 ,
1$
0%
#6097000
b11010010000111010000001000100 -
1&
#6098000
0&
#6099000
b11111 #
b11111 ,
1%
#6100000
b110100100001110100000010001001 -
1&
#6101000
0&
#6102000
b1011 #
b1011 ,
0$
#6103000
1&
#6104000
0&
#6105000
b1001 #
b1001 ,
1$
#6106000
b1101001000011101000000100010011 -
1&
#6107000
0&
#6108000
1"
b10011 #
b10011 ,
0$
#6109000
1&
1(
#6110000
0&
#6111000
b1000 #
b1000 ,
0%
#6112000
1&
#6113000
0&
#6114000
b11000 #
b11000 ,
1$
#6115000
1!
0"
b11010010000111010000001000100110 -
1&
#6116000
0&
#6117000
1"
b11111 #
b11111 ,
0$
#6118000
1&
1'
#6119000
0&
#6120000
b10010 #
b10010 ,
1%
#6121000
1&
#6122000
0&
#6123000
b11100 #
b11100 ,
#6124000
1&
#6125000
0&
#6126000
0"
b10001 #
b10001 ,
1$
#6127000
1"
b10100100001110100000010001001101 -
1&
0(
#6128000
0&
#6129000
0"
b11001 #
b11001 ,
0$
#6130000
1&
#6131000
0&
#6132000
1"
b11010 #
b11010 ,
0%
#6133000
1&
1(
#6134000
0&
#6135000
b11 #
b11 ,
#6136000
1&
#6137000
0&
#6138000
b10011 #
b10011 ,
1$
1%
#6139000
0!
0"
b1001000011101000000100010011011 -
1&
#6140000
0&
#6141000
1"
b10100 #
b10100 ,
0$
#6142000
1&
0'
#6143000
0&
#6144000
0"
b11101 #
b11101 ,
0%
#6145000
1&
0(
#6146000
0&
#6147000
1"
b10101 #
b10101 ,
1%
#6148000
1&
1(
#6149000
0&
#6150000
0"
b10111 #
b10111 ,
1$
#6151000
1!
1"
b10010000111010000001000100110111 -
1&
0(
#6152000
0&
#6153000
0"
b11011 #
b11011 ,
#6154000
0!
b100001110100000010001001101111 -
1&
1'
#6155000
0&
#6156000
1"
b1001 #
b1001 ,
0$
#6157000
1&
0'
1(
#6158000
0&
#6159000
0"
b1100 #
b1100 ,
0%
#6160000
1&
0(
#6161000
0&
#6162000
1"
b1 #
b1 ,
1$
#6163000
b1000011101000000100010011011110 -
1&
1(
#6164000
0&
#6165000
0"
b11011 #
b11011 ,
0$
#6166000
1&
0(
#6167000
0&
#6168000
1"
b1010 #
b1010 ,
1%
#6169000
1&
1(
#6170000
0&
#6171000
b11 #
b11 ,
1$
0%
#6172000
1!
b10000111010000001000100110111100 -
1&
#6173000
0&
#6174000
0"
b110 #
b110 ,
0$
#6175000
1&
1'
0(
#6176000
0&
#6177000
1"
b1111 #
b1111 ,
1$
#6178000
0!
0"
b1110100000010001001101111000 -
1&
1(
#6179000
0&
#6180000
b10100 #
b10100 ,
1%
#6181000
b11101000000100010011011110001 -
1&
0'
0(
#6182000
0&
#6183000
1"
b100 #
b100 ,
0%
#6184000
0"
b111010000001000100110111100010 -
1&
1(
#6185000
0&
#6186000
0$
#6187000
1&
0(
#6188000
0&
#6189000
b1100 #
b1100 ,
1%
#6190000
1&
#6191000
0&
#6192000
b1111 #
b1111 ,
1$
#6193000
1"
b1110100000010001001101111000101 -
1&
#6194000
0&
#6195000
b11101 #
b11101 ,
0$
#6196000
1&
1(
#6197000
0&
#6198000
0"
b11 #
b11 ,
0%
#6199000
1&
0(
#6200000
0&
#6201000
1"
b10 #
b10 ,
#6202000
1&
1(
#6203000
0&
#6204000
0"
b10100 #
b10100 ,
#6205000
1&
0(
#6206000
0&
#6207000
1"
b1011 #
b1011 ,
1$
#6208000
1!
0"
b11101000000100010011011110001010 -
1&
1(
#6209000
0&
#6210000
1"
b11111 #
b11111 ,
0$
#6211000
1&
1'
#6212000
0&
#6213000
b1101 #
b1101 ,
1$
#6214000
b11010000001000100110111100010100 -
1&
#6215000
0&
#6216000
b1000 #
b1000 ,
0$
1%
#6217000
1&
#6218000
0&
#6219000
0"
b11000 #
b11000 ,
#6220000
1&
0(
#6221000
0&
#6222000
b10111 #
b10111 ,
#6223000
1&
#6224000
0&
#6225000
1"
b1010 #
b1010 ,
1$
#6226000
b10100000010001001101111000101001 -
1&
1(
#6227000
0&
#6228000
0"
b100 #
b100 ,
#6229000
0!
1"
b1000000100010011011110001010011 -
1&
0(
#6230000
0&
#6231000
0"
b1110 #
b1110 ,
#6232000
1!
1"
b10000001000100110111100010100111 -
1&
0'
#6233000
0&
#6234000
b1 #
b1 ,
0$
#6235000
1&
1'
1(
#6236000
0&
#6237000
0"
b11001 #
b11001 ,
0%
#6238000
1&
0(
#6239000
0&
#6240000
b1001 #
b1001 ,
1%
#6241000
1&
#6242000
0&
#6243000
1"
b11000 #
b11000 ,
0%
#6244000
1&
1(
#6245000
0&
#6246000
b1101 #
b1101 ,
1$
1%
#6247000
0!
b10001001101111000101001111 -
1&
#6248000
0&
#6249000
b10001 #
b10001 ,
0$
#6250000
1&
0'
#6251000
0&
#6252000
b11001 #
b11001 ,
1$
0%
#6253000
0"
b100010011011110001010011110 -
1&
#6254000
0&
#6255000
1"
b10011 #
b10011 ,
1%
#6256000
b1000100110111100010100111101 -
1&
#6257000
0&
#6258000
0"
b1100 #
b1100 ,
0%
#6259000
b10001001101111000101001111010 -
1&
0(
#6260000
0&
#6261000
b11111 #
b11111 ,
#6262000
b100010011011110001010011110100 -
1&
#6263000
0&
#6264000
1"
b10011 #
b10011 ,
1%
#6265000
b1000100110111100010100111101001 -
1&
1(
#6266000
0&
#6267000
0"
b10101 #
b10101 ,
0%
#6268000
1!
1"
b10001001101111000101001111010010 -
1&
0(
#6269000
0&
#6270000
b10010 #
b10010 ,
1%
#6271000
0!
0"
b10011011110001010011110100101 -
1&
1'
1(
#6272000
0&
#6273000
1"
b11001 #
b11001 ,
0$
#6274000
1&
0'
#6275000
0&
#6276000
b1001 #
b1001 ,
1$
#6277000
b100110111100010100111101001011 -
1&
#6278000
0&
#6279000
b11 #
b11 ,
0$
#6280000
1&
#6281000
0&
#6282000
0"
b100 #
b100 ,
1$
#6283000
1"
b1001101111000101001111010010111 -
1&
0(
#6284000
0&
#6285000
0"
b110 #
b110 ,
#6286000
1!
b10011011110001010011110100101111 -
1&
#6287000
0&
#6288000
b10001 #
b10001 ,
0$
#6289000
1&
1'
#6290000
0&
#6291000
1"
b10010 #
b10010 ,
0%
#6292000
1&
1(
#6293000
0&
#6295000
1&
#6296000
0&
#6297000
b11 #
b11 ,
1$
1%
#6298000
0!
b110111100010100111101001011111 -
1&
#6299000
0&
#6300000
b11111111111111111111111111111111 +
